[debug] [2026-06-09T11:08:20.002Z] [Firebase Plugin] Activating Firebase extension.
[debug] [2026-06-09T11:08:31.772Z] [Firebase Plugin] requireAuthWrapper
[debug] [2026-06-09T11:08:31.777Z] > command requires scopes: ["email","openid","https://www.googleapis.com/auth/cloudplatformprojects.readonly","https://www.googleapis.com/auth/firebase","https://www.googleapis.com/auth/cloud-platform"]
[debug] [2026-06-09T11:08:31.778Z] > authorizing via signed-in user (mohammadsaifuddin68@gmail.com)
[debug] [2026-06-09T11:08:31.783Z] Checked if tokens are valid: true, expires at: 1781006878107
[debug] [2026-06-09T11:08:31.783Z] Checked if tokens are valid: true, expires at: 1781006878107
[debug] [2026-06-09T11:08:31.784Z] [Firebase Plugin] User found:  mohammadsaifuddin68@gmail.com
[info] [Firebase Plugin] (Core:Project) New user detected, fetching projects
[debug] [2026-06-09T11:08:31.786Z] Checked if tokens are valid: true, expires at: 1781006878107
[debug] [2026-06-09T11:08:31.788Z] >>> [apiv2][query] GET https://firebase.googleapis.com/v1beta1/projects pageSize=1000
[debug] [2026-06-09T11:08:31.802Z] [Firebase Plugin] VSCode notification server listening on port 40001
[info] [Firebase Plugin] Starting SQL Connect toolkit (version 3.4.10) on port 50001
[debug] [2026-06-09T11:08:32.653Z] 'fdc build' failed with error: Unable to build your SQL Connect schema and connectors (exit code 1): E0609 14:08:32.647882   21236 cmd.go:43] Error loading data connect config: could not find dataconnect.yaml in `c:\Users\user\.gemini\antigravity-ide\scratch\mesma-website\dataconnect`
 {"metadata":{"emulator":{"name":"dataconnect"},"message":"'fdc build' failed with error: Unable to build your SQL Connect schema and connectors (exit code 1): E0609 14:08:32.647882   21236 cmd.go:43] Error loading data connect config: could not find dataconnect.yaml in `c:\\Users\\user\\.gemini\\antigravity-ide\\scratch\\mesma-website\\dataconnect`\n"}}
[debug] [2026-06-09T11:08:32.654Z] Ignoring unsupported arg: auto_download {"metadata":{"emulator":{"name":"dataconnect"},"message":"Ignoring unsupported arg: auto_download"}}
[debug] [2026-06-09T11:08:32.655Z] Ignoring unsupported arg: port {"metadata":{"emulator":{"name":"dataconnect"},"message":"Ignoring unsupported arg: port"}}
[debug] [2026-06-09T11:08:32.655Z] Starting SQL Connect Emulator with command {"binary":"C:\\Users\\user\\.cache\\firebase\\emulators\\dataconnect-emulator-3.4.10.exe","args":["--logtostderr","-v=2","dev","--listen=localhost:50001","--config_dir=c:\\Users\\user\\.gemini\\antigravity-ide\\scratch\\mesma-website\\dataconnect","--enable_output_schema_extensions=true","--enable_output_generated_sdk=true"],"optionalArgs":["listen","config_dir","enable_output_schema_extensions","enable_output_generated_sdk"],"joinArgs":true,"shell":false,"port":9399} {"metadata":{"emulator":{"name":"dataconnect"},"message":"Starting SQL Connect Emulator with command {\"binary\":\"C:\\\\Users\\\\user\\\\.cache\\\\firebase\\\\emulators\\\\dataconnect-emulator-3.4.10.exe\",\"args\":[\"--logtostderr\",\"-v=2\",\"dev\",\"--listen=localhost:50001\",\"--config_dir=c:\\\\Users\\\\user\\\\.gemini\\\\antigravity-ide\\\\scratch\\\\mesma-website\\\\dataconnect\",\"--enable_output_schema_extensions=true\",\"--enable_output_generated_sdk=true\"],\"optionalArgs\":[\"listen\",\"config_dir\",\"enable_output_schema_extensions\",\"enable_output_generated_sdk\"],\"joinArgs\":true,\"shell\":false,\"port\":9399}"}}
[info] i  dataconnect: SQL Connect Emulator logging to dataconnect-debug.log {"metadata":{"emulator":{"name":"dataconnect"},"message":"SQL Connect Emulator logging to \u001b[1mdataconnect-debug.log\u001b[22m"}}
[debug] [2026-06-09T11:08:32.717Z] E0609 14:08:32.717228   19724 dev.go:83] Failed to load initial config from "c:\\Users\\user\\.gemini\\antigravity-ide\\scratch\\mesma-website\\dataconnect": could not find dataconnect.yaml in `c:\Users\user\.gemini\antigravity-ide\scratch\mesma-website\dataconnect`
 {"metadata":{"emulator":{"name":"dataconnect"},"message":"E0609 14:08:32.717228   19724 dev.go:83] Failed to load initial config from \"c:\\\\Users\\\\user\\\\.gemini\\\\antigravity-ide\\\\scratch\\\\mesma-website\\\\dataconnect\": could not find dataconnect.yaml in `c:\\Users\\user\\.gemini\\antigravity-ide\\scratch\\mesma-website\\dataconnect`\n"}}
[debug] [2026-06-09T11:08:32.733Z] E0609 14:08:32.717815   19724 watch.go:116] watchAllDir unable to walk dir `c:\Users\user\.gemini\antigravity-ide\scratch\mesma-website\dataconnect`: GetFileAttributesEx c:\Users\user\.gemini\antigravity-ide\scratch\mesma-website\dataconnect: The system cannot find the file specified.
 {"metadata":{"emulator":{"name":"dataconnect"},"message":"E0609 14:08:32.717815   19724 watch.go:116] watchAllDir unable to walk dir `c:\\Users\\user\\.gemini\\antigravity-ide\\scratch\\mesma-website\\dataconnect`: GetFileAttributesEx c:\\Users\\user\\.gemini\\antigravity-ide\\scratch\\mesma-website\\dataconnect: The system cannot find the file specified.\n"}}
[debug] [2026-06-09T11:08:32.737Z] I0609 14:08:32.737642   19724 dev.go:104] Listening on address (HTTP + gRPC): 127.0.0.1:50001
 {"metadata":{"emulator":{"name":"dataconnect"},"message":"I0609 14:08:32.737642   19724 dev.go:104] Listening on address (HTTP + gRPC): 127.0.0.1:50001\n"}}
[error] [Firebase Plugin] error:  {}
[debug] [2026-06-09T11:08:33.309Z] <<< [apiv2][status] GET https://firebase.googleapis.com/v1beta1/projects 200
[debug] [2026-06-09T11:08:33.310Z] <<< [apiv2][body] GET https://firebase.googleapis.com/v1beta1/projects [omitted]
[debug] [2026-06-09T11:08:42.721Z] E0609 14:08:42.721336   19724 watch.go:40] Failed to load config from "c:\\Users\\user\\.gemini\\antigravity-ide\\scratch\\mesma-website\\dataconnect": could not find dataconnect.yaml in `c:\Users\user\.gemini\antigravity-ide\scratch\mesma-website\dataconnect`
 {"metadata":{"emulator":{"name":"dataconnect"},"message":"E0609 14:08:42.721336   19724 watch.go:40] Failed to load config from \"c:\\\\Users\\\\user\\\\.gemini\\\\antigravity-ide\\\\scratch\\\\mesma-website\\\\dataconnect\": could not find dataconnect.yaml in `c:\\Users\\user\\.gemini\\antigravity-ide\\scratch\\mesma-website\\dataconnect`\n"}}
[debug] [2026-06-09T11:08:52.721Z] E0609 14:08:52.721073   19724 watch.go:40] Failed to load config from "c:\\Users\\user\\.gemini\\antigravity-ide\\scratch\\mesma-website\\dataconnect": could not find dataconnect.yaml in `c:\Users\user\.gemini\antigravity-ide\scratch\mesma-website\dataconnect`
 {"metadata":{"emulator":{"name":"dataconnect"},"message":"E0609 14:08:52.721073   19724 watch.go:40] Failed to load config from \"c:\\\\Users\\\\user\\\\.gemini\\\\antigravity-ide\\\\scratch\\\\mesma-website\\\\dataconnect\": could not find dataconnect.yaml in `c:\\Users\\user\\.gemini\\antigravity-ide\\scratch\\mesma-website\\dataconnect`\n"}}
[debug] [2026-06-09T11:09:02.721Z] E0609 14:09:02.720770   19724 watch.go:40] Failed to load config from "c:\\Users\\user\\.gemini\\antigravity-ide\\scratch\\mesma-website\\dataconnect": could not find dataconnect.yaml in `c:\Users\user\.gemini\antigravity-ide\scratch\mesma-website\dataconnect`
 {"metadata":{"emulator":{"name":"dataconnect"},"message":"E0609 14:09:02.720770   19724 watch.go:40] Failed to load config from \"c:\\\\Users\\\\user\\\\.gemini\\\\antigravity-ide\\\\scratch\\\\mesma-website\\\\dataconnect\": could not find dataconnect.yaml in `c:\\Users\\user\\.gemini\\antigravity-ide\\scratch\\mesma-website\\dataconnect`\n"}}
[debug] [2026-06-09T11:09:12.722Z] E0609 14:09:12.720949   19724 watch.go:40] Failed to load config from "c:\\Users\\user\\.gemini\\antigravity-ide\\scratch\\mesma-website\\dataconnect": could not find dataconnect.yaml in `c:\Users\user\.gemini\antigravity-ide\scratch\mesma-website\dataconnect`
 {"metadata":{"emulator":{"name":"dataconnect"},"message":"E0609 14:09:12.720949   19724 watch.go:40] Failed to load config from \"c:\\\\Users\\\\user\\\\.gemini\\\\antigravity-ide\\\\scratch\\\\mesma-website\\\\dataconnect\": could not find dataconnect.yaml in `c:\\Users\\user\\.gemini\\antigravity-ide\\scratch\\mesma-website\\dataconnect`\n"}}
[debug] [2026-06-09T11:09:22.721Z] E0609 14:09:22.721833   19724 watch.go:40] Failed to load config from "c:\\Users\\user\\.gemini\\antigravity-ide\\scratch\\mesma-website\\dataconnect": could not find dataconnect.yaml in `c:\Users\user\.gemini\antigravity-ide\scratch\mesma-website\dataconnect`
 {"metadata":{"emulator":{"name":"dataconnect"},"message":"E0609 14:09:22.721833   19724 watch.go:40] Failed to load config from \"c:\\\\Users\\\\user\\\\.gemini\\\\antigravity-ide\\\\scratch\\\\mesma-website\\\\dataconnect\": could not find dataconnect.yaml in `c:\\Users\\user\\.gemini\\antigravity-ide\\scratch\\mesma-website\\dataconnect`\n"}}
[debug] [2026-06-09T11:09:32.720Z] E0609 14:09:32.720395   19724 watch.go:116] watchAllDir unable to walk dir `c:\Users\user\.gemini\antigravity-ide\scratch\mesma-website\dataconnect`: GetFileAttributesEx c:\Users\user\.gemini\antigravity-ide\scratch\mesma-website\dataconnect: The system cannot find the file specified.
 {"metadata":{"emulator":{"name":"dataconnect"},"message":"E0609 14:09:32.720395   19724 watch.go:116] watchAllDir unable to walk dir `c:\\Users\\user\\.gemini\\antigravity-ide\\scratch\\mesma-website\\dataconnect`: GetFileAttributesEx c:\\Users\\user\\.gemini\\antigravity-ide\\scratch\\mesma-website\\dataconnect: The system cannot find the file specified.\n"}}
[debug] [2026-06-09T11:09:32.722Z] E0609 14:09:32.720395   19724 watch.go:40] Failed to load config from "c:\\Users\\user\\.gemini\\antigravity-ide\\scratch\\mesma-website\\dataconnect": could not find dataconnect.yaml in `c:\Users\user\.gemini\antigravity-ide\scratch\mesma-website\dataconnect`
 {"metadata":{"emulator":{"name":"dataconnect"},"message":"E0609 14:09:32.720395   19724 watch.go:40] Failed to load config from \"c:\\\\Users\\\\user\\\\.gemini\\\\antigravity-ide\\\\scratch\\\\mesma-website\\\\dataconnect\": could not find dataconnect.yaml in `c:\\Users\\user\\.gemini\\antigravity-ide\\scratch\\mesma-website\\dataconnect`\n"}}
[debug] [2026-06-09T11:09:42.721Z] E0609 14:09:42.721223   19724 watch.go:40] Failed to load config from "c:\\Users\\user\\.gemini\\antigravity-ide\\scratch\\mesma-website\\dataconnect": could not find dataconnect.yaml in `c:\Users\user\.gemini\antigravity-ide\scratch\mesma-website\dataconnect`
 {"metadata":{"emulator":{"name":"dataconnect"},"message":"E0609 14:09:42.721223   19724 watch.go:40] Failed to load config from \"c:\\\\Users\\\\user\\\\.gemini\\\\antigravity-ide\\\\scratch\\\\mesma-website\\\\dataconnect\": could not find dataconnect.yaml in `c:\\Users\\user\\.gemini\\antigravity-ide\\scratch\\mesma-website\\dataconnect`\n"}}
[debug] [2026-06-09T11:09:52.720Z] E0609 14:09:52.720402   19724 watch.go:40] Failed to load config from "c:\\Users\\user\\.gemini\\antigravity-ide\\scratch\\mesma-website\\dataconnect": could not find dataconnect.yaml in `c:\Users\user\.gemini\antigravity-ide\scratch\mesma-website\dataconnect`
 {"metadata":{"emulator":{"name":"dataconnect"},"message":"E0609 14:09:52.720402   19724 watch.go:40] Failed to load config from \"c:\\\\Users\\\\user\\\\.gemini\\\\antigravity-ide\\\\scratch\\\\mesma-website\\\\dataconnect\": could not find dataconnect.yaml in `c:\\Users\\user\\.gemini\\antigravity-ide\\scratch\\mesma-website\\dataconnect`\n"}}
[debug] [2026-06-09T11:10:02.720Z] E0609 14:10:02.721087   19724 watch.go:40] Failed to load config from "c:\\Users\\user\\.gemini\\antigravity-ide\\scratch\\mesma-website\\dataconnect": could not find dataconnect.yaml in `c:\Users\user\.gemini\antigravity-ide\scratch\mesma-website\dataconnect`
 {"metadata":{"emulator":{"name":"dataconnect"},"message":"E0609 14:10:02.721087   19724 watch.go:40] Failed to load config from \"c:\\\\Users\\\\user\\\\.gemini\\\\antigravity-ide\\\\scratch\\\\mesma-website\\\\dataconnect\": could not find dataconnect.yaml in `c:\\Users\\user\\.gemini\\antigravity-ide\\scratch\\mesma-website\\dataconnect`\n"}}
[debug] [2026-06-09T11:10:12.722Z] E0609 14:10:12.722520   19724 watch.go:40] Failed to load config from "c:\\Users\\user\\.gemini\\antigravity-ide\\scratch\\mesma-website\\dataconnect": could not find dataconnect.yaml in `c:\Users\user\.gemini\antigravity-ide\scratch\mesma-website\dataconnect`
 {"metadata":{"emulator":{"name":"dataconnect"},"message":"E0609 14:10:12.722520   19724 watch.go:40] Failed to load config from \"c:\\\\Users\\\\user\\\\.gemini\\\\antigravity-ide\\\\scratch\\\\mesma-website\\\\dataconnect\": could not find dataconnect.yaml in `c:\\Users\\user\\.gemini\\antigravity-ide\\scratch\\mesma-website\\dataconnect`\n"}}
[debug] [2026-06-09T11:10:22.721Z] E0609 14:10:22.721939   19724 watch.go:40] Failed to load config from "c:\\Users\\user\\.gemini\\antigravity-ide\\scratch\\mesma-website\\dataconnect": could not find dataconnect.yaml in `c:\Users\user\.gemini\antigravity-ide\scratch\mesma-website\dataconnect`
 {"metadata":{"emulator":{"name":"dataconnect"},"message":"E0609 14:10:22.721939   19724 watch.go:40] Failed to load config from \"c:\\\\Users\\\\user\\\\.gemini\\\\antigravity-ide\\\\scratch\\\\mesma-website\\\\dataconnect\": could not find dataconnect.yaml in `c:\\Users\\user\\.gemini\\antigravity-ide\\scratch\\mesma-website\\dataconnect`\n"}}
[debug] [2026-06-09T11:10:32.719Z] E0609 14:10:32.720540   19724 watch.go:116] watchAllDir unable to walk dir `c:\Users\user\.gemini\antigravity-ide\scratch\mesma-website\dataconnect`: GetFileAttributesEx c:\Users\user\.gemini\antigravity-ide\scratch\mesma-website\dataconnect: The system cannot find the file specified.
 {"metadata":{"emulator":{"name":"dataconnect"},"message":"E0609 14:10:32.720540   19724 watch.go:116] watchAllDir unable to walk dir `c:\\Users\\user\\.gemini\\antigravity-ide\\scratch\\mesma-website\\dataconnect`: GetFileAttributesEx c:\\Users\\user\\.gemini\\antigravity-ide\\scratch\\mesma-website\\dataconnect: The system cannot find the file specified.\n"}}
[debug] [2026-06-09T11:10:32.721Z] E0609 14:10:32.722135   19724 watch.go:40] Failed to load config from "c:\\Users\\user\\.gemini\\antigravity-ide\\scratch\\mesma-website\\dataconnect": could not find dataconnect.yaml in `c:\Users\user\.gemini\antigravity-ide\scratch\mesma-website\dataconnect`
 {"metadata":{"emulator":{"name":"dataconnect"},"message":"E0609 14:10:32.722135   19724 watch.go:40] Failed to load config from \"c:\\\\Users\\\\user\\\\.gemini\\\\antigravity-ide\\\\scratch\\\\mesma-website\\\\dataconnect\": could not find dataconnect.yaml in `c:\\Users\\user\\.gemini\\antigravity-ide\\scratch\\mesma-website\\dataconnect`\n"}}
[debug] [2026-06-09T11:10:42.721Z] E0609 14:10:42.722038   19724 watch.go:40] Failed to load config from "c:\\Users\\user\\.gemini\\antigravity-ide\\scratch\\mesma-website\\dataconnect": could not find dataconnect.yaml in `c:\Users\user\.gemini\antigravity-ide\scratch\mesma-website\dataconnect`
 {"metadata":{"emulator":{"name":"dataconnect"},"message":"E0609 14:10:42.722038   19724 watch.go:40] Failed to load config from \"c:\\\\Users\\\\user\\\\.gemini\\\\antigravity-ide\\\\scratch\\\\mesma-website\\\\dataconnect\": could not find dataconnect.yaml in `c:\\Users\\user\\.gemini\\antigravity-ide\\scratch\\mesma-website\\dataconnect`\n"}}
[debug] [2026-06-09T11:10:52.722Z] E0609 14:10:52.722240   19724 watch.go:40] Failed to load config from "c:\\Users\\user\\.gemini\\antigravity-ide\\scratch\\mesma-website\\dataconnect": could not find dataconnect.yaml in `c:\Users\user\.gemini\antigravity-ide\scratch\mesma-website\dataconnect`
 {"metadata":{"emulator":{"name":"dataconnect"},"message":"E0609 14:10:52.722240   19724 watch.go:40] Failed to load config from \"c:\\\\Users\\\\user\\\\.gemini\\\\antigravity-ide\\\\scratch\\\\mesma-website\\\\dataconnect\": could not find dataconnect.yaml in `c:\\Users\\user\\.gemini\\antigravity-ide\\scratch\\mesma-website\\dataconnect`\n"}}
[debug] [2026-06-09T11:11:02.720Z] E0609 14:11:02.721089   19724 watch.go:40] Failed to load config from "c:\\Users\\user\\.gemini\\antigravity-ide\\scratch\\mesma-website\\dataconnect": could not find dataconnect.yaml in `c:\Users\user\.gemini\antigravity-ide\scratch\mesma-website\dataconnect`
 {"metadata":{"emulator":{"name":"dataconnect"},"message":"E0609 14:11:02.721089   19724 watch.go:40] Failed to load config from \"c:\\\\Users\\\\user\\\\.gemini\\\\antigravity-ide\\\\scratch\\\\mesma-website\\\\dataconnect\": could not find dataconnect.yaml in `c:\\Users\\user\\.gemini\\antigravity-ide\\scratch\\mesma-website\\dataconnect`\n"}}
[debug] [2026-06-09T11:11:12.721Z] E0609 14:11:12.720858   19724 watch.go:40] Failed to load config from "c:\\Users\\user\\.gemini\\antigravity-ide\\scratch\\mesma-website\\dataconnect": could not find dataconnect.yaml in `c:\Users\user\.gemini\antigravity-ide\scratch\mesma-website\dataconnect`
 {"metadata":{"emulator":{"name":"dataconnect"},"message":"E0609 14:11:12.720858   19724 watch.go:40] Failed to load config from \"c:\\\\Users\\\\user\\\\.gemini\\\\antigravity-ide\\\\scratch\\\\mesma-website\\\\dataconnect\": could not find dataconnect.yaml in `c:\\Users\\user\\.gemini\\antigravity-ide\\scratch\\mesma-website\\dataconnect`\n"}}
[debug] [2026-06-09T11:11:22.720Z] E0609 14:11:22.720258   19724 watch.go:40] Failed to load config from "c:\\Users\\user\\.gemini\\antigravity-ide\\scratch\\mesma-website\\dataconnect": could not find dataconnect.yaml in `c:\Users\user\.gemini\antigravity-ide\scratch\mesma-website\dataconnect`
 {"metadata":{"emulator":{"name":"dataconnect"},"message":"E0609 14:11:22.720258   19724 watch.go:40] Failed to load config from \"c:\\\\Users\\\\user\\\\.gemini\\\\antigravity-ide\\\\scratch\\\\mesma-website\\\\dataconnect\": could not find dataconnect.yaml in `c:\\Users\\user\\.gemini\\antigravity-ide\\scratch\\mesma-website\\dataconnect`\n"}}
[debug] [2026-06-09T11:11:32.720Z] E0609 14:11:32.721006   19724 watch.go:116] watchAllDir unable to walk dir `c:\Users\user\.gemini\antigravity-ide\scratch\mesma-website\dataconnect`: GetFileAttributesEx c:\Users\user\.gemini\antigravity-ide\scratch\mesma-website\dataconnect: The system cannot find the file specified.
 {"metadata":{"emulator":{"name":"dataconnect"},"message":"E0609 14:11:32.721006   19724 watch.go:116] watchAllDir unable to walk dir `c:\\Users\\user\\.gemini\\antigravity-ide\\scratch\\mesma-website\\dataconnect`: GetFileAttributesEx c:\\Users\\user\\.gemini\\antigravity-ide\\scratch\\mesma-website\\dataconnect: The system cannot find the file specified.\n"}}
[debug] [2026-06-09T11:11:32.722Z] E0609 14:11:32.721006   19724 watch.go:40] Failed to load config from "c:\\Users\\user\\.gemini\\antigravity-ide\\scratch\\mesma-website\\dataconnect": could not find dataconnect.yaml in `c:\Users\user\.gemini\antigravity-ide\scratch\mesma-website\dataconnect`
 {"metadata":{"emulator":{"name":"dataconnect"},"message":"E0609 14:11:32.721006   19724 watch.go:40] Failed to load config from \"c:\\\\Users\\\\user\\\\.gemini\\\\antigravity-ide\\\\scratch\\\\mesma-website\\\\dataconnect\": could not find dataconnect.yaml in `c:\\Users\\user\\.gemini\\antigravity-ide\\scratch\\mesma-website\\dataconnect`\n"}}
[debug] [2026-06-09T11:11:42.721Z] E0609 14:11:42.722299   19724 watch.go:40] Failed to load config from "c:\\Users\\user\\.gemini\\antigravity-ide\\scratch\\mesma-website\\dataconnect": could not find dataconnect.yaml in `c:\Users\user\.gemini\antigravity-ide\scratch\mesma-website\dataconnect`
 {"metadata":{"emulator":{"name":"dataconnect"},"message":"E0609 14:11:42.722299   19724 watch.go:40] Failed to load config from \"c:\\\\Users\\\\user\\\\.gemini\\\\antigravity-ide\\\\scratch\\\\mesma-website\\\\dataconnect\": could not find dataconnect.yaml in `c:\\Users\\user\\.gemini\\antigravity-ide\\scratch\\mesma-website\\dataconnect`\n"}}
[debug] [2026-06-09T11:11:52.720Z] E0609 14:11:52.720920   19724 watch.go:40] Failed to load config from "c:\\Users\\user\\.gemini\\antigravity-ide\\scratch\\mesma-website\\dataconnect": could not find dataconnect.yaml in `c:\Users\user\.gemini\antigravity-ide\scratch\mesma-website\dataconnect`
 {"metadata":{"emulator":{"name":"dataconnect"},"message":"E0609 14:11:52.720920   19724 watch.go:40] Failed to load config from \"c:\\\\Users\\\\user\\\\.gemini\\\\antigravity-ide\\\\scratch\\\\mesma-website\\\\dataconnect\": could not find dataconnect.yaml in `c:\\Users\\user\\.gemini\\antigravity-ide\\scratch\\mesma-website\\dataconnect`\n"}}
[debug] [2026-06-09T11:12:02.720Z] E0609 14:12:02.721493   19724 watch.go:40] Failed to load config from "c:\\Users\\user\\.gemini\\antigravity-ide\\scratch\\mesma-website\\dataconnect": could not find dataconnect.yaml in `c:\Users\user\.gemini\antigravity-ide\scratch\mesma-website\dataconnect`
 {"metadata":{"emulator":{"name":"dataconnect"},"message":"E0609 14:12:02.721493   19724 watch.go:40] Failed to load config from \"c:\\\\Users\\\\user\\\\.gemini\\\\antigravity-ide\\\\scratch\\\\mesma-website\\\\dataconnect\": could not find dataconnect.yaml in `c:\\Users\\user\\.gemini\\antigravity-ide\\scratch\\mesma-website\\dataconnect`\n"}}
[debug] [2026-06-09T11:12:12.720Z] E0609 14:12:12.720641   19724 watch.go:40] Failed to load config from "c:\\Users\\user\\.gemini\\antigravity-ide\\scratch\\mesma-website\\dataconnect": could not find dataconnect.yaml in `c:\Users\user\.gemini\antigravity-ide\scratch\mesma-website\dataconnect`
 {"metadata":{"emulator":{"name":"dataconnect"},"message":"E0609 14:12:12.720641   19724 watch.go:40] Failed to load config from \"c:\\\\Users\\\\user\\\\.gemini\\\\antigravity-ide\\\\scratch\\\\mesma-website\\\\dataconnect\": could not find dataconnect.yaml in `c:\\Users\\user\\.gemini\\antigravity-ide\\scratch\\mesma-website\\dataconnect`\n"}}
[debug] [2026-06-09T11:12:22.720Z] E0609 14:12:22.721348   19724 watch.go:40] Failed to load config from "c:\\Users\\user\\.gemini\\antigravity-ide\\scratch\\mesma-website\\dataconnect": could not find dataconnect.yaml in `c:\Users\user\.gemini\antigravity-ide\scratch\mesma-website\dataconnect`
 {"metadata":{"emulator":{"name":"dataconnect"},"message":"E0609 14:12:22.721348   19724 watch.go:40] Failed to load config from \"c:\\\\Users\\\\user\\\\.gemini\\\\antigravity-ide\\\\scratch\\\\mesma-website\\\\dataconnect\": could not find dataconnect.yaml in `c:\\Users\\user\\.gemini\\antigravity-ide\\scratch\\mesma-website\\dataconnect`\n"}}
[debug] [2026-06-09T11:12:32.720Z] E0609 14:12:32.720748   19724 watch.go:116] watchAllDir unable to walk dir `c:\Users\user\.gemini\antigravity-ide\scratch\mesma-website\dataconnect`: GetFileAttributesEx c:\Users\user\.gemini\antigravity-ide\scratch\mesma-website\dataconnect: The system cannot find the file specified.
 {"metadata":{"emulator":{"name":"dataconnect"},"message":"E0609 14:12:32.720748   19724 watch.go:116] watchAllDir unable to walk dir `c:\\Users\\user\\.gemini\\antigravity-ide\\scratch\\mesma-website\\dataconnect`: GetFileAttributesEx c:\\Users\\user\\.gemini\\antigravity-ide\\scratch\\mesma-website\\dataconnect: The system cannot find the file specified.\n"}}
[debug] [2026-06-09T11:12:32.726Z] E0609 14:12:32.728065   19724 watch.go:40] Failed to load config from "c:\\Users\\user\\.gemini\\antigravity-ide\\scratch\\mesma-website\\dataconnect": could not find dataconnect.yaml in `c:\Users\user\.gemini\antigravity-ide\scratch\mesma-website\dataconnect`
 {"metadata":{"emulator":{"name":"dataconnect"},"message":"E0609 14:12:32.728065   19724 watch.go:40] Failed to load config from \"c:\\\\Users\\\\user\\\\.gemini\\\\antigravity-ide\\\\scratch\\\\mesma-website\\\\dataconnect\": could not find dataconnect.yaml in `c:\\Users\\user\\.gemini\\antigravity-ide\\scratch\\mesma-website\\dataconnect`\n"}}
[debug] [2026-06-09T11:12:42.721Z] E0609 14:12:42.721200   19724 watch.go:40] Failed to load config from "c:\\Users\\user\\.gemini\\antigravity-ide\\scratch\\mesma-website\\dataconnect": could not find dataconnect.yaml in `c:\Users\user\.gemini\antigravity-ide\scratch\mesma-website\dataconnect`
 {"metadata":{"emulator":{"name":"dataconnect"},"message":"E0609 14:12:42.721200   19724 watch.go:40] Failed to load config from \"c:\\\\Users\\\\user\\\\.gemini\\\\antigravity-ide\\\\scratch\\\\mesma-website\\\\dataconnect\": could not find dataconnect.yaml in `c:\\Users\\user\\.gemini\\antigravity-ide\\scratch\\mesma-website\\dataconnect`\n"}}
[debug] [2026-06-09T11:12:52.720Z] E0609 14:12:52.720350   19724 watch.go:40] Failed to load config from "c:\\Users\\user\\.gemini\\antigravity-ide\\scratch\\mesma-website\\dataconnect": could not find dataconnect.yaml in `c:\Users\user\.gemini\antigravity-ide\scratch\mesma-website\dataconnect`
 {"metadata":{"emulator":{"name":"dataconnect"},"message":"E0609 14:12:52.720350   19724 watch.go:40] Failed to load config from \"c:\\\\Users\\\\user\\\\.gemini\\\\antigravity-ide\\\\scratch\\\\mesma-website\\\\dataconnect\": could not find dataconnect.yaml in `c:\\Users\\user\\.gemini\\antigravity-ide\\scratch\\mesma-website\\dataconnect`\n"}}
[debug] [2026-06-09T11:13:02.722Z] E0609 14:13:02.722469   19724 watch.go:40] Failed to load config from "c:\\Users\\user\\.gemini\\antigravity-ide\\scratch\\mesma-website\\dataconnect": could not find dataconnect.yaml in `c:\Users\user\.gemini\antigravity-ide\scratch\mesma-website\dataconnect`
 {"metadata":{"emulator":{"name":"dataconnect"},"message":"E0609 14:13:02.722469   19724 watch.go:40] Failed to load config from \"c:\\\\Users\\\\user\\\\.gemini\\\\antigravity-ide\\\\scratch\\\\mesma-website\\\\dataconnect\": could not find dataconnect.yaml in `c:\\Users\\user\\.gemini\\antigravity-ide\\scratch\\mesma-website\\dataconnect`\n"}}
[debug] [2026-06-09T11:13:12.721Z] E0609 14:13:12.721019   19724 watch.go:40] Failed to load config from "c:\\Users\\user\\.gemini\\antigravity-ide\\scratch\\mesma-website\\dataconnect": could not find dataconnect.yaml in `c:\Users\user\.gemini\antigravity-ide\scratch\mesma-website\dataconnect`
 {"metadata":{"emulator":{"name":"dataconnect"},"message":"E0609 14:13:12.721019   19724 watch.go:40] Failed to load config from \"c:\\\\Users\\\\user\\\\.gemini\\\\antigravity-ide\\\\scratch\\\\mesma-website\\\\dataconnect\": could not find dataconnect.yaml in `c:\\Users\\user\\.gemini\\antigravity-ide\\scratch\\mesma-website\\dataconnect`\n"}}
[debug] [2026-06-09T11:13:22.722Z] E0609 14:13:22.722853   19724 watch.go:40] Failed to load config from "c:\\Users\\user\\.gemini\\antigravity-ide\\scratch\\mesma-website\\dataconnect": could not find dataconnect.yaml in `c:\Users\user\.gemini\antigravity-ide\scratch\mesma-website\dataconnect`
 {"metadata":{"emulator":{"name":"dataconnect"},"message":"E0609 14:13:22.722853   19724 watch.go:40] Failed to load config from \"c:\\\\Users\\\\user\\\\.gemini\\\\antigravity-ide\\\\scratch\\\\mesma-website\\\\dataconnect\": could not find dataconnect.yaml in `c:\\Users\\user\\.gemini\\antigravity-ide\\scratch\\mesma-website\\dataconnect`\n"}}
[debug] [2026-06-09T11:13:32.719Z] E0609 14:13:32.720387   19724 watch.go:116] watchAllDir unable to walk dir `c:\Users\user\.gemini\antigravity-ide\scratch\mesma-website\dataconnect`: GetFileAttributesEx c:\Users\user\.gemini\antigravity-ide\scratch\mesma-website\dataconnect: The system cannot find the file specified.
 {"metadata":{"emulator":{"name":"dataconnect"},"message":"E0609 14:13:32.720387   19724 watch.go:116] watchAllDir unable to walk dir `c:\\Users\\user\\.gemini\\antigravity-ide\\scratch\\mesma-website\\dataconnect`: GetFileAttributesEx c:\\Users\\user\\.gemini\\antigravity-ide\\scratch\\mesma-website\\dataconnect: The system cannot find the file specified.\n"}}
[debug] [2026-06-09T11:13:32.721Z] E0609 14:13:32.720951   19724 watch.go:40] Failed to load config from "c:\\Users\\user\\.gemini\\antigravity-ide\\scratch\\mesma-website\\dataconnect": could not find dataconnect.yaml in `c:\Users\user\.gemini\antigravity-ide\scratch\mesma-website\dataconnect`
 {"metadata":{"emulator":{"name":"dataconnect"},"message":"E0609 14:13:32.720951   19724 watch.go:40] Failed to load config from \"c:\\\\Users\\\\user\\\\.gemini\\\\antigravity-ide\\\\scratch\\\\mesma-website\\\\dataconnect\": could not find dataconnect.yaml in `c:\\Users\\user\\.gemini\\antigravity-ide\\scratch\\mesma-website\\dataconnect`\n"}}
[debug] [2026-06-09T11:13:42.720Z] E0609 14:13:42.721674   19724 watch.go:40] Failed to load config from "c:\\Users\\user\\.gemini\\antigravity-ide\\scratch\\mesma-website\\dataconnect": could not find dataconnect.yaml in `c:\Users\user\.gemini\antigravity-ide\scratch\mesma-website\dataconnect`
 {"metadata":{"emulator":{"name":"dataconnect"},"message":"E0609 14:13:42.721674   19724 watch.go:40] Failed to load config from \"c:\\\\Users\\\\user\\\\.gemini\\\\antigravity-ide\\\\scratch\\\\mesma-website\\\\dataconnect\": could not find dataconnect.yaml in `c:\\Users\\user\\.gemini\\antigravity-ide\\scratch\\mesma-website\\dataconnect`\n"}}
[debug] [2026-06-09T11:13:52.720Z] E0609 14:13:52.721386   19724 watch.go:40] Failed to load config from "c:\\Users\\user\\.gemini\\antigravity-ide\\scratch\\mesma-website\\dataconnect": could not find dataconnect.yaml in `c:\Users\user\.gemini\antigravity-ide\scratch\mesma-website\dataconnect`
 {"metadata":{"emulator":{"name":"dataconnect"},"message":"E0609 14:13:52.721386   19724 watch.go:40] Failed to load config from \"c:\\\\Users\\\\user\\\\.gemini\\\\antigravity-ide\\\\scratch\\\\mesma-website\\\\dataconnect\": could not find dataconnect.yaml in `c:\\Users\\user\\.gemini\\antigravity-ide\\scratch\\mesma-website\\dataconnect`\n"}}
[debug] [2026-06-09T11:14:02.720Z] E0609 14:14:02.720763   19724 watch.go:40] Failed to load config from "c:\\Users\\user\\.gemini\\antigravity-ide\\scratch\\mesma-website\\dataconnect": could not find dataconnect.yaml in `c:\Users\user\.gemini\antigravity-ide\scratch\mesma-website\dataconnect`
 {"metadata":{"emulator":{"name":"dataconnect"},"message":"E0609 14:14:02.720763   19724 watch.go:40] Failed to load config from \"c:\\\\Users\\\\user\\\\.gemini\\\\antigravity-ide\\\\scratch\\\\mesma-website\\\\dataconnect\": could not find dataconnect.yaml in `c:\\Users\\user\\.gemini\\antigravity-ide\\scratch\\mesma-website\\dataconnect`\n"}}
[debug] [2026-06-09T11:14:12.720Z] E0609 14:14:12.721078   19724 watch.go:40] Failed to load config from "c:\\Users\\user\\.gemini\\antigravity-ide\\scratch\\mesma-website\\dataconnect": could not find dataconnect.yaml in `c:\Users\user\.gemini\antigravity-ide\scratch\mesma-website\dataconnect`
 {"metadata":{"emulator":{"name":"dataconnect"},"message":"E0609 14:14:12.721078   19724 watch.go:40] Failed to load config from \"c:\\\\Users\\\\user\\\\.gemini\\\\antigravity-ide\\\\scratch\\\\mesma-website\\\\dataconnect\": could not find dataconnect.yaml in `c:\\Users\\user\\.gemini\\antigravity-ide\\scratch\\mesma-website\\dataconnect`\n"}}
[debug] [2026-06-09T11:14:22.720Z] E0609 14:14:22.721005   19724 watch.go:40] Failed to load config from "c:\\Users\\user\\.gemini\\antigravity-ide\\scratch\\mesma-website\\dataconnect": could not find dataconnect.yaml in `c:\Users\user\.gemini\antigravity-ide\scratch\mesma-website\dataconnect`
 {"metadata":{"emulator":{"name":"dataconnect"},"message":"E0609 14:14:22.721005   19724 watch.go:40] Failed to load config from \"c:\\\\Users\\\\user\\\\.gemini\\\\antigravity-ide\\\\scratch\\\\mesma-website\\\\dataconnect\": could not find dataconnect.yaml in `c:\\Users\\user\\.gemini\\antigravity-ide\\scratch\\mesma-website\\dataconnect`\n"}}
[info] [Firebase Plugin] Stopping SQL Connect toolkit
[warn] !  SQL Connect Emulator has exited upon receiving signal: SIGINT 
[debug] [2026-06-09T11:15:21.199Z] [Firebase Plugin] Activating Firebase extension.
[debug] [2026-06-09T11:15:33.510Z] [Firebase Plugin] requireAuthWrapper
[debug] [2026-06-09T11:15:33.513Z] > command requires scopes: ["email","openid","https://www.googleapis.com/auth/cloudplatformprojects.readonly","https://www.googleapis.com/auth/firebase","https://www.googleapis.com/auth/cloud-platform"]
[debug] [2026-06-09T11:15:33.513Z] > authorizing via signed-in user (mohammadsaifuddin68@gmail.com)
[debug] [2026-06-09T11:15:33.516Z] Checked if tokens are valid: true, expires at: 1781006878107
[debug] [2026-06-09T11:15:33.516Z] Checked if tokens are valid: true, expires at: 1781006878107
[debug] [2026-06-09T11:15:33.517Z] [Firebase Plugin] User found:  mohammadsaifuddin68@gmail.com
[info] [Firebase Plugin] (Core:Project) New user detected, fetching projects
[debug] [2026-06-09T11:15:33.518Z] Checked if tokens are valid: true, expires at: 1781006878107
[debug] [2026-06-09T11:15:33.519Z] >>> [apiv2][query] GET https://firebase.googleapis.com/v1beta1/projects pageSize=1000
[debug] [2026-06-09T11:15:33.528Z] [Firebase Plugin] VSCode notification server listening on port 40001
[info] [Firebase Plugin] Starting SQL Connect toolkit (version 3.4.10) on port 50001
[debug] [2026-06-09T11:15:33.985Z] 'fdc build' failed with error: Unable to build your SQL Connect schema and connectors (exit code 1): E0609 14:15:33.978593   20020 cmd.go:43] Error loading data connect config: could not find dataconnect.yaml in `c:\Users\user\.gemini\antigravity-ide\scratch\mesma-website\dataconnect`
 {"metadata":{"emulator":{"name":"dataconnect"},"message":"'fdc build' failed with error: Unable to build your SQL Connect schema and connectors (exit code 1): E0609 14:15:33.978593   20020 cmd.go:43] Error loading data connect config: could not find dataconnect.yaml in `c:\\Users\\user\\.gemini\\antigravity-ide\\scratch\\mesma-website\\dataconnect`\n"}}
[debug] [2026-06-09T11:15:33.986Z] Ignoring unsupported arg: auto_download {"metadata":{"emulator":{"name":"dataconnect"},"message":"Ignoring unsupported arg: auto_download"}}
[debug] [2026-06-09T11:15:33.987Z] Ignoring unsupported arg: port {"metadata":{"emulator":{"name":"dataconnect"},"message":"Ignoring unsupported arg: port"}}
[debug] [2026-06-09T11:15:33.987Z] Starting SQL Connect Emulator with command {"binary":"C:\\Users\\user\\.cache\\firebase\\emulators\\dataconnect-emulator-3.4.10.exe","args":["--logtostderr","-v=2","dev","--listen=localhost:50001","--config_dir=c:\\Users\\user\\.gemini\\antigravity-ide\\scratch\\mesma-website\\dataconnect","--enable_output_schema_extensions=true","--enable_output_generated_sdk=true"],"optionalArgs":["listen","config_dir","enable_output_schema_extensions","enable_output_generated_sdk"],"joinArgs":true,"shell":false,"port":9399} {"metadata":{"emulator":{"name":"dataconnect"},"message":"Starting SQL Connect Emulator with command {\"binary\":\"C:\\\\Users\\\\user\\\\.cache\\\\firebase\\\\emulators\\\\dataconnect-emulator-3.4.10.exe\",\"args\":[\"--logtostderr\",\"-v=2\",\"dev\",\"--listen=localhost:50001\",\"--config_dir=c:\\\\Users\\\\user\\\\.gemini\\\\antigravity-ide\\\\scratch\\\\mesma-website\\\\dataconnect\",\"--enable_output_schema_extensions=true\",\"--enable_output_generated_sdk=true\"],\"optionalArgs\":[\"listen\",\"config_dir\",\"enable_output_schema_extensions\",\"enable_output_generated_sdk\"],\"joinArgs\":true,\"shell\":false,\"port\":9399}"}}
[info] i  dataconnect: SQL Connect Emulator logging to dataconnect-debug.log {"metadata":{"emulator":{"name":"dataconnect"},"message":"SQL Connect Emulator logging to \u001b[1mdataconnect-debug.log\u001b[22m"}}
[debug] [2026-06-09T11:15:34.047Z] E0609 14:15:34.048167    8732 dev.go:83] Failed to load initial config from "c:\\Users\\user\\.gemini\\antigravity-ide\\scratch\\mesma-website\\dataconnect": could not find dataconnect.yaml in `c:\Users\user\.gemini\antigravity-ide\scratch\mesma-website\dataconnect`
 {"metadata":{"emulator":{"name":"dataconnect"},"message":"E0609 14:15:34.048167    8732 dev.go:83] Failed to load initial config from \"c:\\\\Users\\\\user\\\\.gemini\\\\antigravity-ide\\\\scratch\\\\mesma-website\\\\dataconnect\": could not find dataconnect.yaml in `c:\\Users\\user\\.gemini\\antigravity-ide\\scratch\\mesma-website\\dataconnect`\n"}}
[debug] [2026-06-09T11:15:34.048Z] E0609 14:15:34.048748    8732 watch.go:116] watchAllDir unable to walk dir `c:\Users\user\.gemini\antigravity-ide\scratch\mesma-website\dataconnect`: GetFileAttributesEx c:\Users\user\.gemini\antigravity-ide\scratch\mesma-website\dataconnect: The system cannot find the file specified.
 {"metadata":{"emulator":{"name":"dataconnect"},"message":"E0609 14:15:34.048748    8732 watch.go:116] watchAllDir unable to walk dir `c:\\Users\\user\\.gemini\\antigravity-ide\\scratch\\mesma-website\\dataconnect`: GetFileAttributesEx c:\\Users\\user\\.gemini\\antigravity-ide\\scratch\\mesma-website\\dataconnect: The system cannot find the file specified.\n"}}
[debug] [2026-06-09T11:15:34.061Z] I0609 14:15:34.062400    8732 dev.go:104] Listening on address (HTTP + gRPC): 127.0.0.1:50001
 {"metadata":{"emulator":{"name":"dataconnect"},"message":"I0609 14:15:34.062400    8732 dev.go:104] Listening on address (HTTP + gRPC): 127.0.0.1:50001\n"}}
[error] [Firebase Plugin] error:  {}
[debug] [2026-06-09T11:15:34.575Z] <<< [apiv2][status] GET https://firebase.googleapis.com/v1beta1/projects 200
[debug] [2026-06-09T11:15:34.575Z] <<< [apiv2][body] GET https://firebase.googleapis.com/v1beta1/projects [omitted]
[debug] [2026-06-09T11:15:44.050Z] E0609 14:15:44.049857    8732 watch.go:40] Failed to load config from "c:\\Users\\user\\.gemini\\antigravity-ide\\scratch\\mesma-website\\dataconnect": could not find dataconnect.yaml in `c:\Users\user\.gemini\antigravity-ide\scratch\mesma-website\dataconnect`
 {"metadata":{"emulator":{"name":"dataconnect"},"message":"E0609 14:15:44.049857    8732 watch.go:40] Failed to load config from \"c:\\\\Users\\\\user\\\\.gemini\\\\antigravity-ide\\\\scratch\\\\mesma-website\\\\dataconnect\": could not find dataconnect.yaml in `c:\\Users\\user\\.gemini\\antigravity-ide\\scratch\\mesma-website\\dataconnect`\n"}}
[debug] [2026-06-09T11:15:54.052Z] E0609 14:15:54.052593    8732 watch.go:40] Failed to load config from "c:\\Users\\user\\.gemini\\antigravity-ide\\scratch\\mesma-website\\dataconnect": could not find dataconnect.yaml in `c:\Users\user\.gemini\antigravity-ide\scratch\mesma-website\dataconnect`
 {"metadata":{"emulator":{"name":"dataconnect"},"message":"E0609 14:15:54.052593    8732 watch.go:40] Failed to load config from \"c:\\\\Users\\\\user\\\\.gemini\\\\antigravity-ide\\\\scratch\\\\mesma-website\\\\dataconnect\": could not find dataconnect.yaml in `c:\\Users\\user\\.gemini\\antigravity-ide\\scratch\\mesma-website\\dataconnect`\n"}}
[debug] [2026-06-09T11:16:04.051Z] E0609 14:16:04.051496    8732 watch.go:40] Failed to load config from "c:\\Users\\user\\.gemini\\antigravity-ide\\scratch\\mesma-website\\dataconnect": could not find dataconnect.yaml in `c:\Users\user\.gemini\antigravity-ide\scratch\mesma-website\dataconnect`
 {"metadata":{"emulator":{"name":"dataconnect"},"message":"E0609 14:16:04.051496    8732 watch.go:40] Failed to load config from \"c:\\\\Users\\\\user\\\\.gemini\\\\antigravity-ide\\\\scratch\\\\mesma-website\\\\dataconnect\": could not find dataconnect.yaml in `c:\\Users\\user\\.gemini\\antigravity-ide\\scratch\\mesma-website\\dataconnect`\n"}}
[debug] [2026-06-09T11:16:14.050Z] E0609 14:16:14.050668    8732 watch.go:40] Failed to load config from "c:\\Users\\user\\.gemini\\antigravity-ide\\scratch\\mesma-website\\dataconnect": could not find dataconnect.yaml in `c:\Users\user\.gemini\antigravity-ide\scratch\mesma-website\dataconnect`
 {"metadata":{"emulator":{"name":"dataconnect"},"message":"E0609 14:16:14.050668    8732 watch.go:40] Failed to load config from \"c:\\\\Users\\\\user\\\\.gemini\\\\antigravity-ide\\\\scratch\\\\mesma-website\\\\dataconnect\": could not find dataconnect.yaml in `c:\\Users\\user\\.gemini\\antigravity-ide\\scratch\\mesma-website\\dataconnect`\n"}}
[debug] [2026-06-09T11:16:24.050Z] E0609 14:16:24.050276    8732 watch.go:40] Failed to load config from "c:\\Users\\user\\.gemini\\antigravity-ide\\scratch\\mesma-website\\dataconnect": could not find dataconnect.yaml in `c:\Users\user\.gemini\antigravity-ide\scratch\mesma-website\dataconnect`
 {"metadata":{"emulator":{"name":"dataconnect"},"message":"E0609 14:16:24.050276    8732 watch.go:40] Failed to load config from \"c:\\\\Users\\\\user\\\\.gemini\\\\antigravity-ide\\\\scratch\\\\mesma-website\\\\dataconnect\": could not find dataconnect.yaml in `c:\\Users\\user\\.gemini\\antigravity-ide\\scratch\\mesma-website\\dataconnect`\n"}}
[debug] [2026-06-09T11:16:34.050Z] E0609 14:16:34.050182    8732 watch.go:116] watchAllDir unable to walk dir `c:\Users\user\.gemini\antigravity-ide\scratch\mesma-website\dataconnect`: GetFileAttributesEx c:\Users\user\.gemini\antigravity-ide\scratch\mesma-website\dataconnect: The system cannot find the file specified.
 {"metadata":{"emulator":{"name":"dataconnect"},"message":"E0609 14:16:34.050182    8732 watch.go:116] watchAllDir unable to walk dir `c:\\Users\\user\\.gemini\\antigravity-ide\\scratch\\mesma-website\\dataconnect`: GetFileAttributesEx c:\\Users\\user\\.gemini\\antigravity-ide\\scratch\\mesma-website\\dataconnect: The system cannot find the file specified.\n"}}
[debug] [2026-06-09T11:16:34.059Z] E0609 14:16:34.057036    8732 watch.go:40] Failed to load config from "c:\\Users\\user\\.gemini\\antigravity-ide\\scratch\\mesma-website\\dataconnect": could not find dataconnect.yaml in `c:\Users\user\.gemini\antigravity-ide\scratch\mesma-website\dataconnect`
 {"metadata":{"emulator":{"name":"dataconnect"},"message":"E0609 14:16:34.057036    8732 watch.go:40] Failed to load config from \"c:\\\\Users\\\\user\\\\.gemini\\\\antigravity-ide\\\\scratch\\\\mesma-website\\\\dataconnect\": could not find dataconnect.yaml in `c:\\Users\\user\\.gemini\\antigravity-ide\\scratch\\mesma-website\\dataconnect`\n"}}
[debug] [2026-06-09T11:16:44.049Z] E0609 14:16:44.050334    8732 watch.go:40] Failed to load config from "c:\\Users\\user\\.gemini\\antigravity-ide\\scratch\\mesma-website\\dataconnect": could not find dataconnect.yaml in `c:\Users\user\.gemini\antigravity-ide\scratch\mesma-website\dataconnect`
 {"metadata":{"emulator":{"name":"dataconnect"},"message":"E0609 14:16:44.050334    8732 watch.go:40] Failed to load config from \"c:\\\\Users\\\\user\\\\.gemini\\\\antigravity-ide\\\\scratch\\\\mesma-website\\\\dataconnect\": could not find dataconnect.yaml in `c:\\Users\\user\\.gemini\\antigravity-ide\\scratch\\mesma-website\\dataconnect`\n"}}
[debug] [2026-06-09T11:16:54.050Z] E0609 14:16:54.051560    8732 watch.go:40] Failed to load config from "c:\\Users\\user\\.gemini\\antigravity-ide\\scratch\\mesma-website\\dataconnect": could not find dataconnect.yaml in `c:\Users\user\.gemini\antigravity-ide\scratch\mesma-website\dataconnect`
 {"metadata":{"emulator":{"name":"dataconnect"},"message":"E0609 14:16:54.051560    8732 watch.go:40] Failed to load config from \"c:\\\\Users\\\\user\\\\.gemini\\\\antigravity-ide\\\\scratch\\\\mesma-website\\\\dataconnect\": could not find dataconnect.yaml in `c:\\Users\\user\\.gemini\\antigravity-ide\\scratch\\mesma-website\\dataconnect`\n"}}
[debug] [2026-06-09T11:17:04.051Z] E0609 14:17:04.050289    8732 watch.go:40] Failed to load config from "c:\\Users\\user\\.gemini\\antigravity-ide\\scratch\\mesma-website\\dataconnect": could not find dataconnect.yaml in `c:\Users\user\.gemini\antigravity-ide\scratch\mesma-website\dataconnect`
 {"metadata":{"emulator":{"name":"dataconnect"},"message":"E0609 14:17:04.050289    8732 watch.go:40] Failed to load config from \"c:\\\\Users\\\\user\\\\.gemini\\\\antigravity-ide\\\\scratch\\\\mesma-website\\\\dataconnect\": could not find dataconnect.yaml in `c:\\Users\\user\\.gemini\\antigravity-ide\\scratch\\mesma-website\\dataconnect`\n"}}
[debug] [2026-06-09T11:17:14.051Z] E0609 14:17:14.052172    8732 watch.go:40] Failed to load config from "c:\\Users\\user\\.gemini\\antigravity-ide\\scratch\\mesma-website\\dataconnect": could not find dataconnect.yaml in `c:\Users\user\.gemini\antigravity-ide\scratch\mesma-website\dataconnect`
 {"metadata":{"emulator":{"name":"dataconnect"},"message":"E0609 14:17:14.052172    8732 watch.go:40] Failed to load config from \"c:\\\\Users\\\\user\\\\.gemini\\\\antigravity-ide\\\\scratch\\\\mesma-website\\\\dataconnect\": could not find dataconnect.yaml in `c:\\Users\\user\\.gemini\\antigravity-ide\\scratch\\mesma-website\\dataconnect`\n"}}
[debug] [2026-06-09T11:17:24.051Z] E0609 14:17:24.050997    8732 watch.go:40] Failed to load config from "c:\\Users\\user\\.gemini\\antigravity-ide\\scratch\\mesma-website\\dataconnect": could not find dataconnect.yaml in `c:\Users\user\.gemini\antigravity-ide\scratch\mesma-website\dataconnect`
 {"metadata":{"emulator":{"name":"dataconnect"},"message":"E0609 14:17:24.050997    8732 watch.go:40] Failed to load config from \"c:\\\\Users\\\\user\\\\.gemini\\\\antigravity-ide\\\\scratch\\\\mesma-website\\\\dataconnect\": could not find dataconnect.yaml in `c:\\Users\\user\\.gemini\\antigravity-ide\\scratch\\mesma-website\\dataconnect`\n"}}
[debug] [2026-06-09T11:17:34.050Z] E0609 14:17:34.050338    8732 watch.go:116] watchAllDir unable to walk dir `c:\Users\user\.gemini\antigravity-ide\scratch\mesma-website\dataconnect`: GetFileAttributesEx c:\Users\user\.gemini\antigravity-ide\scratch\mesma-website\dataconnect: The system cannot find the file specified.
 {"metadata":{"emulator":{"name":"dataconnect"},"message":"E0609 14:17:34.050338    8732 watch.go:116] watchAllDir unable to walk dir `c:\\Users\\user\\.gemini\\antigravity-ide\\scratch\\mesma-website\\dataconnect`: GetFileAttributesEx c:\\Users\\user\\.gemini\\antigravity-ide\\scratch\\mesma-website\\dataconnect: The system cannot find the file specified.\n"}}
[debug] [2026-06-09T11:17:34.056Z] E0609 14:17:34.050338    8732 watch.go:40] Failed to load config from "c:\\Users\\user\\.gemini\\antigravity-ide\\scratch\\mesma-website\\dataconnect": could not find dataconnect.yaml in `c:\Users\user\.gemini\antigravity-ide\scratch\mesma-website\dataconnect`
 {"metadata":{"emulator":{"name":"dataconnect"},"message":"E0609 14:17:34.050338    8732 watch.go:40] Failed to load config from \"c:\\\\Users\\\\user\\\\.gemini\\\\antigravity-ide\\\\scratch\\\\mesma-website\\\\dataconnect\": could not find dataconnect.yaml in `c:\\Users\\user\\.gemini\\antigravity-ide\\scratch\\mesma-website\\dataconnect`\n"}}
[debug] [2026-06-09T11:17:44.051Z] E0609 14:17:44.051842    8732 watch.go:40] Failed to load config from "c:\\Users\\user\\.gemini\\antigravity-ide\\scratch\\mesma-website\\dataconnect": could not find dataconnect.yaml in `c:\Users\user\.gemini\antigravity-ide\scratch\mesma-website\dataconnect`
 {"metadata":{"emulator":{"name":"dataconnect"},"message":"E0609 14:17:44.051842    8732 watch.go:40] Failed to load config from \"c:\\\\Users\\\\user\\\\.gemini\\\\antigravity-ide\\\\scratch\\\\mesma-website\\\\dataconnect\": could not find dataconnect.yaml in `c:\\Users\\user\\.gemini\\antigravity-ide\\scratch\\mesma-website\\dataconnect`\n"}}
[debug] [2026-06-09T11:17:54.049Z] E0609 14:17:54.050284    8732 watch.go:40] Failed to load config from "c:\\Users\\user\\.gemini\\antigravity-ide\\scratch\\mesma-website\\dataconnect": could not find dataconnect.yaml in `c:\Users\user\.gemini\antigravity-ide\scratch\mesma-website\dataconnect`
 {"metadata":{"emulator":{"name":"dataconnect"},"message":"E0609 14:17:54.050284    8732 watch.go:40] Failed to load config from \"c:\\\\Users\\\\user\\\\.gemini\\\\antigravity-ide\\\\scratch\\\\mesma-website\\\\dataconnect\": could not find dataconnect.yaml in `c:\\Users\\user\\.gemini\\antigravity-ide\\scratch\\mesma-website\\dataconnect`\n"}}
[debug] [2026-06-09T11:18:04.048Z] E0609 14:18:04.049577    8732 watch.go:40] Failed to load config from "c:\\Users\\user\\.gemini\\antigravity-ide\\scratch\\mesma-website\\dataconnect": could not find dataconnect.yaml in `c:\Users\user\.gemini\antigravity-ide\scratch\mesma-website\dataconnect`
 {"metadata":{"emulator":{"name":"dataconnect"},"message":"E0609 14:18:04.049577    8732 watch.go:40] Failed to load config from \"c:\\\\Users\\\\user\\\\.gemini\\\\antigravity-ide\\\\scratch\\\\mesma-website\\\\dataconnect\": could not find dataconnect.yaml in `c:\\Users\\user\\.gemini\\antigravity-ide\\scratch\\mesma-website\\dataconnect`\n"}}
[debug] [2026-06-09T11:18:14.049Z] E0609 14:18:14.049886    8732 watch.go:40] Failed to load config from "c:\\Users\\user\\.gemini\\antigravity-ide\\scratch\\mesma-website\\dataconnect": could not find dataconnect.yaml in `c:\Users\user\.gemini\antigravity-ide\scratch\mesma-website\dataconnect`
 {"metadata":{"emulator":{"name":"dataconnect"},"message":"E0609 14:18:14.049886    8732 watch.go:40] Failed to load config from \"c:\\\\Users\\\\user\\\\.gemini\\\\antigravity-ide\\\\scratch\\\\mesma-website\\\\dataconnect\": could not find dataconnect.yaml in `c:\\Users\\user\\.gemini\\antigravity-ide\\scratch\\mesma-website\\dataconnect`\n"}}
[debug] [2026-06-09T11:18:24.049Z] E0609 14:18:24.050169    8732 watch.go:40] Failed to load config from "c:\\Users\\user\\.gemini\\antigravity-ide\\scratch\\mesma-website\\dataconnect": could not find dataconnect.yaml in `c:\Users\user\.gemini\antigravity-ide\scratch\mesma-website\dataconnect`
 {"metadata":{"emulator":{"name":"dataconnect"},"message":"E0609 14:18:24.050169    8732 watch.go:40] Failed to load config from \"c:\\\\Users\\\\user\\\\.gemini\\\\antigravity-ide\\\\scratch\\\\mesma-website\\\\dataconnect\": could not find dataconnect.yaml in `c:\\Users\\user\\.gemini\\antigravity-ide\\scratch\\mesma-website\\dataconnect`\n"}}
[debug] [2026-06-09T11:18:34.048Z] E0609 14:18:34.049886    8732 watch.go:116] watchAllDir unable to walk dir `c:\Users\user\.gemini\antigravity-ide\scratch\mesma-website\dataconnect`: GetFileAttributesEx c:\Users\user\.gemini\antigravity-ide\scratch\mesma-website\dataconnect: The system cannot find the file specified.
E0609 14:18:34.050247    8732 watch.go:40] Failed to load config from "c:\\Users\\user\\.gemini\\antigravity-ide\\scratch\\mesma-website\\dataconnect": could not find dataconnect.yaml in `c:\Users\user\.gemini\antigravity-ide\scratch\mesma-website\dataconnect`
 {"metadata":{"emulator":{"name":"dataconnect"},"message":"E0609 14:18:34.049886    8732 watch.go:116] watchAllDir unable to walk dir `c:\\Users\\user\\.gemini\\antigravity-ide\\scratch\\mesma-website\\dataconnect`: GetFileAttributesEx c:\\Users\\user\\.gemini\\antigravity-ide\\scratch\\mesma-website\\dataconnect: The system cannot find the file specified.\nE0609 14:18:34.050247    8732 watch.go:40] Failed to load config from \"c:\\\\Users\\\\user\\\\.gemini\\\\antigravity-ide\\\\scratch\\\\mesma-website\\\\dataconnect\": could not find dataconnect.yaml in `c:\\Users\\user\\.gemini\\antigravity-ide\\scratch\\mesma-website\\dataconnect`\n"}}
[debug] [2026-06-09T11:18:44.049Z] E0609 14:18:44.050513    8732 watch.go:40] Failed to load config from "c:\\Users\\user\\.gemini\\antigravity-ide\\scratch\\mesma-website\\dataconnect": could not find dataconnect.yaml in `c:\Users\user\.gemini\antigravity-ide\scratch\mesma-website\dataconnect`
 {"metadata":{"emulator":{"name":"dataconnect"},"message":"E0609 14:18:44.050513    8732 watch.go:40] Failed to load config from \"c:\\\\Users\\\\user\\\\.gemini\\\\antigravity-ide\\\\scratch\\\\mesma-website\\\\dataconnect\": could not find dataconnect.yaml in `c:\\Users\\user\\.gemini\\antigravity-ide\\scratch\\mesma-website\\dataconnect`\n"}}
[debug] [2026-06-09T11:18:54.049Z] E0609 14:18:54.050368    8732 watch.go:40] Failed to load config from "c:\\Users\\user\\.gemini\\antigravity-ide\\scratch\\mesma-website\\dataconnect": could not find dataconnect.yaml in `c:\Users\user\.gemini\antigravity-ide\scratch\mesma-website\dataconnect`
 {"metadata":{"emulator":{"name":"dataconnect"},"message":"E0609 14:18:54.050368    8732 watch.go:40] Failed to load config from \"c:\\\\Users\\\\user\\\\.gemini\\\\antigravity-ide\\\\scratch\\\\mesma-website\\\\dataconnect\": could not find dataconnect.yaml in `c:\\Users\\user\\.gemini\\antigravity-ide\\scratch\\mesma-website\\dataconnect`\n"}}
[debug] [2026-06-09T11:19:04.049Z] E0609 14:19:04.050716    8732 watch.go:40] Failed to load config from "c:\\Users\\user\\.gemini\\antigravity-ide\\scratch\\mesma-website\\dataconnect": could not find dataconnect.yaml in `c:\Users\user\.gemini\antigravity-ide\scratch\mesma-website\dataconnect`
 {"metadata":{"emulator":{"name":"dataconnect"},"message":"E0609 14:19:04.050716    8732 watch.go:40] Failed to load config from \"c:\\\\Users\\\\user\\\\.gemini\\\\antigravity-ide\\\\scratch\\\\mesma-website\\\\dataconnect\": could not find dataconnect.yaml in `c:\\Users\\user\\.gemini\\antigravity-ide\\scratch\\mesma-website\\dataconnect`\n"}}
[debug] [2026-06-09T11:19:14.050Z] E0609 14:19:14.051037    8732 watch.go:40] Failed to load config from "c:\\Users\\user\\.gemini\\antigravity-ide\\scratch\\mesma-website\\dataconnect": could not find dataconnect.yaml in `c:\Users\user\.gemini\antigravity-ide\scratch\mesma-website\dataconnect`
 {"metadata":{"emulator":{"name":"dataconnect"},"message":"E0609 14:19:14.051037    8732 watch.go:40] Failed to load config from \"c:\\\\Users\\\\user\\\\.gemini\\\\antigravity-ide\\\\scratch\\\\mesma-website\\\\dataconnect\": could not find dataconnect.yaml in `c:\\Users\\user\\.gemini\\antigravity-ide\\scratch\\mesma-website\\dataconnect`\n"}}
[debug] [2026-06-09T11:19:24.049Z] E0609 14:19:24.050664    8732 watch.go:40] Failed to load config from "c:\\Users\\user\\.gemini\\antigravity-ide\\scratch\\mesma-website\\dataconnect": could not find dataconnect.yaml in `c:\Users\user\.gemini\antigravity-ide\scratch\mesma-website\dataconnect`
 {"metadata":{"emulator":{"name":"dataconnect"},"message":"E0609 14:19:24.050664    8732 watch.go:40] Failed to load config from \"c:\\\\Users\\\\user\\\\.gemini\\\\antigravity-ide\\\\scratch\\\\mesma-website\\\\dataconnect\": could not find dataconnect.yaml in `c:\\Users\\user\\.gemini\\antigravity-ide\\scratch\\mesma-website\\dataconnect`\n"}}
[debug] [2026-06-09T11:19:34.052Z] E0609 14:19:34.052766    8732 watch.go:116] watchAllDir unable to walk dir `c:\Users\user\.gemini\antigravity-ide\scratch\mesma-website\dataconnect`: GetFileAttributesEx c:\Users\user\.gemini\antigravity-ide\scratch\mesma-website\dataconnect: The system cannot find the file specified.
E0609 14:19:34.053606    8732 watch.go:40] Failed to load config from "c:\\Users\\user\\.gemini\\antigravity-ide\\scratch\\mesma-website\\dataconnect": could not find dataconnect.yaml in `c:\Users\user\.gemini\antigravity-ide\scratch\mesma-website\dataconnect`
 {"metadata":{"emulator":{"name":"dataconnect"},"message":"E0609 14:19:34.052766    8732 watch.go:116] watchAllDir unable to walk dir `c:\\Users\\user\\.gemini\\antigravity-ide\\scratch\\mesma-website\\dataconnect`: GetFileAttributesEx c:\\Users\\user\\.gemini\\antigravity-ide\\scratch\\mesma-website\\dataconnect: The system cannot find the file specified.\nE0609 14:19:34.053606    8732 watch.go:40] Failed to load config from \"c:\\\\Users\\\\user\\\\.gemini\\\\antigravity-ide\\\\scratch\\\\mesma-website\\\\dataconnect\": could not find dataconnect.yaml in `c:\\Users\\user\\.gemini\\antigravity-ide\\scratch\\mesma-website\\dataconnect`\n"}}
[debug] [2026-06-09T11:19:44.049Z] E0609 14:19:44.049658    8732 watch.go:40] Failed to load config from "c:\\Users\\user\\.gemini\\antigravity-ide\\scratch\\mesma-website\\dataconnect": could not find dataconnect.yaml in `c:\Users\user\.gemini\antigravity-ide\scratch\mesma-website\dataconnect`
 {"metadata":{"emulator":{"name":"dataconnect"},"message":"E0609 14:19:44.049658    8732 watch.go:40] Failed to load config from \"c:\\\\Users\\\\user\\\\.gemini\\\\antigravity-ide\\\\scratch\\\\mesma-website\\\\dataconnect\": could not find dataconnect.yaml in `c:\\Users\\user\\.gemini\\antigravity-ide\\scratch\\mesma-website\\dataconnect`\n"}}
[debug] [2026-06-09T11:19:54.052Z] E0609 14:19:54.052128    8732 watch.go:40] Failed to load config from "c:\\Users\\user\\.gemini\\antigravity-ide\\scratch\\mesma-website\\dataconnect": could not find dataconnect.yaml in `c:\Users\user\.gemini\antigravity-ide\scratch\mesma-website\dataconnect`
 {"metadata":{"emulator":{"name":"dataconnect"},"message":"E0609 14:19:54.052128    8732 watch.go:40] Failed to load config from \"c:\\\\Users\\\\user\\\\.gemini\\\\antigravity-ide\\\\scratch\\\\mesma-website\\\\dataconnect\": could not find dataconnect.yaml in `c:\\Users\\user\\.gemini\\antigravity-ide\\scratch\\mesma-website\\dataconnect`\n"}}
[debug] [2026-06-09T11:20:04.051Z] E0609 14:20:04.049937    8732 watch.go:40] Failed to load config from "c:\\Users\\user\\.gemini\\antigravity-ide\\scratch\\mesma-website\\dataconnect": could not find dataconnect.yaml in `c:\Users\user\.gemini\antigravity-ide\scratch\mesma-website\dataconnect`
 {"metadata":{"emulator":{"name":"dataconnect"},"message":"E0609 14:20:04.049937    8732 watch.go:40] Failed to load config from \"c:\\\\Users\\\\user\\\\.gemini\\\\antigravity-ide\\\\scratch\\\\mesma-website\\\\dataconnect\": could not find dataconnect.yaml in `c:\\Users\\user\\.gemini\\antigravity-ide\\scratch\\mesma-website\\dataconnect`\n"}}
[debug] [2026-06-09T11:20:14.051Z] E0609 14:20:14.052539    8732 watch.go:40] Failed to load config from "c:\\Users\\user\\.gemini\\antigravity-ide\\scratch\\mesma-website\\dataconnect": could not find dataconnect.yaml in `c:\Users\user\.gemini\antigravity-ide\scratch\mesma-website\dataconnect`
 {"metadata":{"emulator":{"name":"dataconnect"},"message":"E0609 14:20:14.052539    8732 watch.go:40] Failed to load config from \"c:\\\\Users\\\\user\\\\.gemini\\\\antigravity-ide\\\\scratch\\\\mesma-website\\\\dataconnect\": could not find dataconnect.yaml in `c:\\Users\\user\\.gemini\\antigravity-ide\\scratch\\mesma-website\\dataconnect`\n"}}
[debug] [2026-06-09T11:20:24.050Z] E0609 14:20:24.050202    8732 watch.go:40] Failed to load config from "c:\\Users\\user\\.gemini\\antigravity-ide\\scratch\\mesma-website\\dataconnect": could not find dataconnect.yaml in `c:\Users\user\.gemini\antigravity-ide\scratch\mesma-website\dataconnect`
 {"metadata":{"emulator":{"name":"dataconnect"},"message":"E0609 14:20:24.050202    8732 watch.go:40] Failed to load config from \"c:\\\\Users\\\\user\\\\.gemini\\\\antigravity-ide\\\\scratch\\\\mesma-website\\\\dataconnect\": could not find dataconnect.yaml in `c:\\Users\\user\\.gemini\\antigravity-ide\\scratch\\mesma-website\\dataconnect`\n"}}
[debug] [2026-06-09T11:20:34.049Z] E0609 14:20:34.049764    8732 watch.go:116] watchAllDir unable to walk dir `c:\Users\user\.gemini\antigravity-ide\scratch\mesma-website\dataconnect`: GetFileAttributesEx c:\Users\user\.gemini\antigravity-ide\scratch\mesma-website\dataconnect: The system cannot find the file specified.
 {"metadata":{"emulator":{"name":"dataconnect"},"message":"E0609 14:20:34.049764    8732 watch.go:116] watchAllDir unable to walk dir `c:\\Users\\user\\.gemini\\antigravity-ide\\scratch\\mesma-website\\dataconnect`: GetFileAttributesEx c:\\Users\\user\\.gemini\\antigravity-ide\\scratch\\mesma-website\\dataconnect: The system cannot find the file specified.\n"}}
[debug] [2026-06-09T11:20:34.051Z] E0609 14:20:34.049764    8732 watch.go:40] Failed to load config from "c:\\Users\\user\\.gemini\\antigravity-ide\\scratch\\mesma-website\\dataconnect": could not find dataconnect.yaml in `c:\Users\user\.gemini\antigravity-ide\scratch\mesma-website\dataconnect`
 {"metadata":{"emulator":{"name":"dataconnect"},"message":"E0609 14:20:34.049764    8732 watch.go:40] Failed to load config from \"c:\\\\Users\\\\user\\\\.gemini\\\\antigravity-ide\\\\scratch\\\\mesma-website\\\\dataconnect\": could not find dataconnect.yaml in `c:\\Users\\user\\.gemini\\antigravity-ide\\scratch\\mesma-website\\dataconnect`\n"}}
[debug] [2026-06-09T11:20:44.050Z] E0609 14:20:44.050458    8732 watch.go:40] Failed to load config from "c:\\Users\\user\\.gemini\\antigravity-ide\\scratch\\mesma-website\\dataconnect": could not find dataconnect.yaml in `c:\Users\user\.gemini\antigravity-ide\scratch\mesma-website\dataconnect`
 {"metadata":{"emulator":{"name":"dataconnect"},"message":"E0609 14:20:44.050458    8732 watch.go:40] Failed to load config from \"c:\\\\Users\\\\user\\\\.gemini\\\\antigravity-ide\\\\scratch\\\\mesma-website\\\\dataconnect\": could not find dataconnect.yaml in `c:\\Users\\user\\.gemini\\antigravity-ide\\scratch\\mesma-website\\dataconnect`\n"}}
[debug] [2026-06-09T11:20:54.050Z] E0609 14:20:54.050779    8732 watch.go:40] Failed to load config from "c:\\Users\\user\\.gemini\\antigravity-ide\\scratch\\mesma-website\\dataconnect": could not find dataconnect.yaml in `c:\Users\user\.gemini\antigravity-ide\scratch\mesma-website\dataconnect`
 {"metadata":{"emulator":{"name":"dataconnect"},"message":"E0609 14:20:54.050779    8732 watch.go:40] Failed to load config from \"c:\\\\Users\\\\user\\\\.gemini\\\\antigravity-ide\\\\scratch\\\\mesma-website\\\\dataconnect\": could not find dataconnect.yaml in `c:\\Users\\user\\.gemini\\antigravity-ide\\scratch\\mesma-website\\dataconnect`\n"}}
[debug] [2026-06-09T11:21:04.051Z] E0609 14:21:04.050500    8732 watch.go:40] Failed to load config from "c:\\Users\\user\\.gemini\\antigravity-ide\\scratch\\mesma-website\\dataconnect": could not find dataconnect.yaml in `c:\Users\user\.gemini\antigravity-ide\scratch\mesma-website\dataconnect`
 {"metadata":{"emulator":{"name":"dataconnect"},"message":"E0609 14:21:04.050500    8732 watch.go:40] Failed to load config from \"c:\\\\Users\\\\user\\\\.gemini\\\\antigravity-ide\\\\scratch\\\\mesma-website\\\\dataconnect\": could not find dataconnect.yaml in `c:\\Users\\user\\.gemini\\antigravity-ide\\scratch\\mesma-website\\dataconnect`\n"}}
[debug] [2026-06-09T11:21:14.050Z] E0609 14:21:14.051239    8732 watch.go:40] Failed to load config from "c:\\Users\\user\\.gemini\\antigravity-ide\\scratch\\mesma-website\\dataconnect": could not find dataconnect.yaml in `c:\Users\user\.gemini\antigravity-ide\scratch\mesma-website\dataconnect`
 {"metadata":{"emulator":{"name":"dataconnect"},"message":"E0609 14:21:14.051239    8732 watch.go:40] Failed to load config from \"c:\\\\Users\\\\user\\\\.gemini\\\\antigravity-ide\\\\scratch\\\\mesma-website\\\\dataconnect\": could not find dataconnect.yaml in `c:\\Users\\user\\.gemini\\antigravity-ide\\scratch\\mesma-website\\dataconnect`\n"}}
[debug] [2026-06-09T11:21:24.052Z] E0609 14:21:24.052114    8732 watch.go:40] Failed to load config from "c:\\Users\\user\\.gemini\\antigravity-ide\\scratch\\mesma-website\\dataconnect": could not find dataconnect.yaml in `c:\Users\user\.gemini\antigravity-ide\scratch\mesma-website\dataconnect`
 {"metadata":{"emulator":{"name":"dataconnect"},"message":"E0609 14:21:24.052114    8732 watch.go:40] Failed to load config from \"c:\\\\Users\\\\user\\\\.gemini\\\\antigravity-ide\\\\scratch\\\\mesma-website\\\\dataconnect\": could not find dataconnect.yaml in `c:\\Users\\user\\.gemini\\antigravity-ide\\scratch\\mesma-website\\dataconnect`\n"}}
[debug] [2026-06-09T11:21:34.053Z] E0609 14:21:34.050864    8732 watch.go:116] watchAllDir unable to walk dir `c:\Users\user\.gemini\antigravity-ide\scratch\mesma-website\dataconnect`: GetFileAttributesEx c:\Users\user\.gemini\antigravity-ide\scratch\mesma-website\dataconnect: The system cannot find the file specified.
E0609 14:21:34.053175    8732 watch.go:40] Failed to load config from "c:\\Users\\user\\.gemini\\antigravity-ide\\scratch\\mesma-website\\dataconnect": could not find dataconnect.yaml in `c:\Users\user\.gemini\antigravity-ide\scratch\mesma-website\dataconnect`
 {"metadata":{"emulator":{"name":"dataconnect"},"message":"E0609 14:21:34.050864    8732 watch.go:116] watchAllDir unable to walk dir `c:\\Users\\user\\.gemini\\antigravity-ide\\scratch\\mesma-website\\dataconnect`: GetFileAttributesEx c:\\Users\\user\\.gemini\\antigravity-ide\\scratch\\mesma-website\\dataconnect: The system cannot find the file specified.\nE0609 14:21:34.053175    8732 watch.go:40] Failed to load config from \"c:\\\\Users\\\\user\\\\.gemini\\\\antigravity-ide\\\\scratch\\\\mesma-website\\\\dataconnect\": could not find dataconnect.yaml in `c:\\Users\\user\\.gemini\\antigravity-ide\\scratch\\mesma-website\\dataconnect`\n"}}
[debug] [2026-06-09T11:21:44.059Z] E0609 14:21:44.059035    8732 watch.go:40] Failed to load config from "c:\\Users\\user\\.gemini\\antigravity-ide\\scratch\\mesma-website\\dataconnect": could not find dataconnect.yaml in `c:\Users\user\.gemini\antigravity-ide\scratch\mesma-website\dataconnect`
 {"metadata":{"emulator":{"name":"dataconnect"},"message":"E0609 14:21:44.059035    8732 watch.go:40] Failed to load config from \"c:\\\\Users\\\\user\\\\.gemini\\\\antigravity-ide\\\\scratch\\\\mesma-website\\\\dataconnect\": could not find dataconnect.yaml in `c:\\Users\\user\\.gemini\\antigravity-ide\\scratch\\mesma-website\\dataconnect`\n"}}
[debug] [2026-06-09T11:21:54.059Z] E0609 14:21:54.059225    8732 watch.go:40] Failed to load config from "c:\\Users\\user\\.gemini\\antigravity-ide\\scratch\\mesma-website\\dataconnect": could not find dataconnect.yaml in `c:\Users\user\.gemini\antigravity-ide\scratch\mesma-website\dataconnect`
 {"metadata":{"emulator":{"name":"dataconnect"},"message":"E0609 14:21:54.059225    8732 watch.go:40] Failed to load config from \"c:\\\\Users\\\\user\\\\.gemini\\\\antigravity-ide\\\\scratch\\\\mesma-website\\\\dataconnect\": could not find dataconnect.yaml in `c:\\Users\\user\\.gemini\\antigravity-ide\\scratch\\mesma-website\\dataconnect`\n"}}
[debug] [2026-06-09T11:22:04.050Z] E0609 14:22:04.051225    8732 watch.go:40] Failed to load config from "c:\\Users\\user\\.gemini\\antigravity-ide\\scratch\\mesma-website\\dataconnect": could not find dataconnect.yaml in `c:\Users\user\.gemini\antigravity-ide\scratch\mesma-website\dataconnect`
 {"metadata":{"emulator":{"name":"dataconnect"},"message":"E0609 14:22:04.051225    8732 watch.go:40] Failed to load config from \"c:\\\\Users\\\\user\\\\.gemini\\\\antigravity-ide\\\\scratch\\\\mesma-website\\\\dataconnect\": could not find dataconnect.yaml in `c:\\Users\\user\\.gemini\\antigravity-ide\\scratch\\mesma-website\\dataconnect`\n"}}
[debug] [2026-06-09T11:22:14.052Z] E0609 14:22:14.053125    8732 watch.go:40] Failed to load config from "c:\\Users\\user\\.gemini\\antigravity-ide\\scratch\\mesma-website\\dataconnect": could not find dataconnect.yaml in `c:\Users\user\.gemini\antigravity-ide\scratch\mesma-website\dataconnect`
 {"metadata":{"emulator":{"name":"dataconnect"},"message":"E0609 14:22:14.053125    8732 watch.go:40] Failed to load config from \"c:\\\\Users\\\\user\\\\.gemini\\\\antigravity-ide\\\\scratch\\\\mesma-website\\\\dataconnect\": could not find dataconnect.yaml in `c:\\Users\\user\\.gemini\\antigravity-ide\\scratch\\mesma-website\\dataconnect`\n"}}
[debug] [2026-06-09T11:22:24.050Z] E0609 14:22:24.051528    8732 watch.go:40] Failed to load config from "c:\\Users\\user\\.gemini\\antigravity-ide\\scratch\\mesma-website\\dataconnect": could not find dataconnect.yaml in `c:\Users\user\.gemini\antigravity-ide\scratch\mesma-website\dataconnect`
 {"metadata":{"emulator":{"name":"dataconnect"},"message":"E0609 14:22:24.051528    8732 watch.go:40] Failed to load config from \"c:\\\\Users\\\\user\\\\.gemini\\\\antigravity-ide\\\\scratch\\\\mesma-website\\\\dataconnect\": could not find dataconnect.yaml in `c:\\Users\\user\\.gemini\\antigravity-ide\\scratch\\mesma-website\\dataconnect`\n"}}
[debug] [2026-06-09T11:22:34.048Z] E0609 14:22:34.049928    8732 watch.go:116] watchAllDir unable to walk dir `c:\Users\user\.gemini\antigravity-ide\scratch\mesma-website\dataconnect`: GetFileAttributesEx c:\Users\user\.gemini\antigravity-ide\scratch\mesma-website\dataconnect: The system cannot find the file specified.
 {"metadata":{"emulator":{"name":"dataconnect"},"message":"E0609 14:22:34.049928    8732 watch.go:116] watchAllDir unable to walk dir `c:\\Users\\user\\.gemini\\antigravity-ide\\scratch\\mesma-website\\dataconnect`: GetFileAttributesEx c:\\Users\\user\\.gemini\\antigravity-ide\\scratch\\mesma-website\\dataconnect: The system cannot find the file specified.\n"}}
[debug] [2026-06-09T11:22:34.050Z] E0609 14:22:34.050736    8732 watch.go:40] Failed to load config from "c:\\Users\\user\\.gemini\\antigravity-ide\\scratch\\mesma-website\\dataconnect": could not find dataconnect.yaml in `c:\Users\user\.gemini\antigravity-ide\scratch\mesma-website\dataconnect`
 {"metadata":{"emulator":{"name":"dataconnect"},"message":"E0609 14:22:34.050736    8732 watch.go:40] Failed to load config from \"c:\\\\Users\\\\user\\\\.gemini\\\\antigravity-ide\\\\scratch\\\\mesma-website\\\\dataconnect\": could not find dataconnect.yaml in `c:\\Users\\user\\.gemini\\antigravity-ide\\scratch\\mesma-website\\dataconnect`\n"}}
[debug] [2026-06-09T11:22:44.048Z] E0609 14:22:44.051023    8732 watch.go:40] Failed to load config from "c:\\Users\\user\\.gemini\\antigravity-ide\\scratch\\mesma-website\\dataconnect": could not find dataconnect.yaml in `c:\Users\user\.gemini\antigravity-ide\scratch\mesma-website\dataconnect`
 {"metadata":{"emulator":{"name":"dataconnect"},"message":"E0609 14:22:44.051023    8732 watch.go:40] Failed to load config from \"c:\\\\Users\\\\user\\\\.gemini\\\\antigravity-ide\\\\scratch\\\\mesma-website\\\\dataconnect\": could not find dataconnect.yaml in `c:\\Users\\user\\.gemini\\antigravity-ide\\scratch\\mesma-website\\dataconnect`\n"}}
[debug] [2026-06-09T11:22:54.048Z] E0609 14:22:54.050535    8732 watch.go:40] Failed to load config from "c:\\Users\\user\\.gemini\\antigravity-ide\\scratch\\mesma-website\\dataconnect": could not find dataconnect.yaml in `c:\Users\user\.gemini\antigravity-ide\scratch\mesma-website\dataconnect`
 {"metadata":{"emulator":{"name":"dataconnect"},"message":"E0609 14:22:54.050535    8732 watch.go:40] Failed to load config from \"c:\\\\Users\\\\user\\\\.gemini\\\\antigravity-ide\\\\scratch\\\\mesma-website\\\\dataconnect\": could not find dataconnect.yaml in `c:\\Users\\user\\.gemini\\antigravity-ide\\scratch\\mesma-website\\dataconnect`\n"}}
[debug] [2026-06-09T11:23:04.050Z] E0609 14:23:04.050128    8732 watch.go:40] Failed to load config from "c:\\Users\\user\\.gemini\\antigravity-ide\\scratch\\mesma-website\\dataconnect": could not find dataconnect.yaml in `c:\Users\user\.gemini\antigravity-ide\scratch\mesma-website\dataconnect`
 {"metadata":{"emulator":{"name":"dataconnect"},"message":"E0609 14:23:04.050128    8732 watch.go:40] Failed to load config from \"c:\\\\Users\\\\user\\\\.gemini\\\\antigravity-ide\\\\scratch\\\\mesma-website\\\\dataconnect\": could not find dataconnect.yaml in `c:\\Users\\user\\.gemini\\antigravity-ide\\scratch\\mesma-website\\dataconnect`\n"}}
[debug] [2026-06-09T11:23:14.051Z] E0609 14:23:14.051125    8732 watch.go:40] Failed to load config from "c:\\Users\\user\\.gemini\\antigravity-ide\\scratch\\mesma-website\\dataconnect": could not find dataconnect.yaml in `c:\Users\user\.gemini\antigravity-ide\scratch\mesma-website\dataconnect`
 {"metadata":{"emulator":{"name":"dataconnect"},"message":"E0609 14:23:14.051125    8732 watch.go:40] Failed to load config from \"c:\\\\Users\\\\user\\\\.gemini\\\\antigravity-ide\\\\scratch\\\\mesma-website\\\\dataconnect\": could not find dataconnect.yaml in `c:\\Users\\user\\.gemini\\antigravity-ide\\scratch\\mesma-website\\dataconnect`\n"}}
[debug] [2026-06-09T11:23:24.048Z] E0609 14:23:24.050034    8732 watch.go:40] Failed to load config from "c:\\Users\\user\\.gemini\\antigravity-ide\\scratch\\mesma-website\\dataconnect": could not find dataconnect.yaml in `c:\Users\user\.gemini\antigravity-ide\scratch\mesma-website\dataconnect`
 {"metadata":{"emulator":{"name":"dataconnect"},"message":"E0609 14:23:24.050034    8732 watch.go:40] Failed to load config from \"c:\\\\Users\\\\user\\\\.gemini\\\\antigravity-ide\\\\scratch\\\\mesma-website\\\\dataconnect\": could not find dataconnect.yaml in `c:\\Users\\user\\.gemini\\antigravity-ide\\scratch\\mesma-website\\dataconnect`\n"}}
[debug] [2026-06-09T11:23:34.047Z] E0609 14:23:34.050493    8732 watch.go:116] watchAllDir unable to walk dir `c:\Users\user\.gemini\antigravity-ide\scratch\mesma-website\dataconnect`: GetFileAttributesEx c:\Users\user\.gemini\antigravity-ide\scratch\mesma-website\dataconnect: The system cannot find the file specified.
 {"metadata":{"emulator":{"name":"dataconnect"},"message":"E0609 14:23:34.050493    8732 watch.go:116] watchAllDir unable to walk dir `c:\\Users\\user\\.gemini\\antigravity-ide\\scratch\\mesma-website\\dataconnect`: GetFileAttributesEx c:\\Users\\user\\.gemini\\antigravity-ide\\scratch\\mesma-website\\dataconnect: The system cannot find the file specified.\n"}}
[debug] [2026-06-09T11:23:34.049Z] E0609 14:23:34.051001    8732 watch.go:40] Failed to load config from "c:\\Users\\user\\.gemini\\antigravity-ide\\scratch\\mesma-website\\dataconnect": could not find dataconnect.yaml in `c:\Users\user\.gemini\antigravity-ide\scratch\mesma-website\dataconnect`
 {"metadata":{"emulator":{"name":"dataconnect"},"message":"E0609 14:23:34.051001    8732 watch.go:40] Failed to load config from \"c:\\\\Users\\\\user\\\\.gemini\\\\antigravity-ide\\\\scratch\\\\mesma-website\\\\dataconnect\": could not find dataconnect.yaml in `c:\\Users\\user\\.gemini\\antigravity-ide\\scratch\\mesma-website\\dataconnect`\n"}}
[debug] [2026-06-09T11:23:44.050Z] E0609 14:23:44.050631    8732 watch.go:40] Failed to load config from "c:\\Users\\user\\.gemini\\antigravity-ide\\scratch\\mesma-website\\dataconnect": could not find dataconnect.yaml in `c:\Users\user\.gemini\antigravity-ide\scratch\mesma-website\dataconnect`
 {"metadata":{"emulator":{"name":"dataconnect"},"message":"E0609 14:23:44.050631    8732 watch.go:40] Failed to load config from \"c:\\\\Users\\\\user\\\\.gemini\\\\antigravity-ide\\\\scratch\\\\mesma-website\\\\dataconnect\": could not find dataconnect.yaml in `c:\\Users\\user\\.gemini\\antigravity-ide\\scratch\\mesma-website\\dataconnect`\n"}}
[debug] [2026-06-09T11:23:54.055Z] E0609 14:23:54.056137    8732 watch.go:40] Failed to load config from "c:\\Users\\user\\.gemini\\antigravity-ide\\scratch\\mesma-website\\dataconnect": could not find dataconnect.yaml in `c:\Users\user\.gemini\antigravity-ide\scratch\mesma-website\dataconnect`
 {"metadata":{"emulator":{"name":"dataconnect"},"message":"E0609 14:23:54.056137    8732 watch.go:40] Failed to load config from \"c:\\\\Users\\\\user\\\\.gemini\\\\antigravity-ide\\\\scratch\\\\mesma-website\\\\dataconnect\": could not find dataconnect.yaml in `c:\\Users\\user\\.gemini\\antigravity-ide\\scratch\\mesma-website\\dataconnect`\n"}}
[debug] [2026-06-09T11:24:04.048Z] E0609 14:24:04.049711    8732 watch.go:40] Failed to load config from "c:\\Users\\user\\.gemini\\antigravity-ide\\scratch\\mesma-website\\dataconnect": could not find dataconnect.yaml in `c:\Users\user\.gemini\antigravity-ide\scratch\mesma-website\dataconnect`
 {"metadata":{"emulator":{"name":"dataconnect"},"message":"E0609 14:24:04.049711    8732 watch.go:40] Failed to load config from \"c:\\\\Users\\\\user\\\\.gemini\\\\antigravity-ide\\\\scratch\\\\mesma-website\\\\dataconnect\": could not find dataconnect.yaml in `c:\\Users\\user\\.gemini\\antigravity-ide\\scratch\\mesma-website\\dataconnect`\n"}}
[debug] [2026-06-09T11:24:14.048Z] E0609 14:24:14.050373    8732 watch.go:40] Failed to load config from "c:\\Users\\user\\.gemini\\antigravity-ide\\scratch\\mesma-website\\dataconnect": could not find dataconnect.yaml in `c:\Users\user\.gemini\antigravity-ide\scratch\mesma-website\dataconnect`
 {"metadata":{"emulator":{"name":"dataconnect"},"message":"E0609 14:24:14.050373    8732 watch.go:40] Failed to load config from \"c:\\\\Users\\\\user\\\\.gemini\\\\antigravity-ide\\\\scratch\\\\mesma-website\\\\dataconnect\": could not find dataconnect.yaml in `c:\\Users\\user\\.gemini\\antigravity-ide\\scratch\\mesma-website\\dataconnect`\n"}}
[debug] [2026-06-09T11:24:24.051Z] E0609 14:24:24.052688    8732 watch.go:40] Failed to load config from "c:\\Users\\user\\.gemini\\antigravity-ide\\scratch\\mesma-website\\dataconnect": could not find dataconnect.yaml in `c:\Users\user\.gemini\antigravity-ide\scratch\mesma-website\dataconnect`
 {"metadata":{"emulator":{"name":"dataconnect"},"message":"E0609 14:24:24.052688    8732 watch.go:40] Failed to load config from \"c:\\\\Users\\\\user\\\\.gemini\\\\antigravity-ide\\\\scratch\\\\mesma-website\\\\dataconnect\": could not find dataconnect.yaml in `c:\\Users\\user\\.gemini\\antigravity-ide\\scratch\\mesma-website\\dataconnect`\n"}}
[debug] [2026-06-09T11:24:34.048Z] E0609 14:24:34.049704    8732 watch.go:116] watchAllDir unable to walk dir `c:\Users\user\.gemini\antigravity-ide\scratch\mesma-website\dataconnect`: GetFileAttributesEx c:\Users\user\.gemini\antigravity-ide\scratch\mesma-website\dataconnect: The system cannot find the file specified.
 {"metadata":{"emulator":{"name":"dataconnect"},"message":"E0609 14:24:34.049704    8732 watch.go:116] watchAllDir unable to walk dir `c:\\Users\\user\\.gemini\\antigravity-ide\\scratch\\mesma-website\\dataconnect`: GetFileAttributesEx c:\\Users\\user\\.gemini\\antigravity-ide\\scratch\\mesma-website\\dataconnect: The system cannot find the file specified.\n"}}
[debug] [2026-06-09T11:24:34.050Z] E0609 14:24:34.050414    8732 watch.go:40] Failed to load config from "c:\\Users\\user\\.gemini\\antigravity-ide\\scratch\\mesma-website\\dataconnect": could not find dataconnect.yaml in `c:\Users\user\.gemini\antigravity-ide\scratch\mesma-website\dataconnect`
 {"metadata":{"emulator":{"name":"dataconnect"},"message":"E0609 14:24:34.050414    8732 watch.go:40] Failed to load config from \"c:\\\\Users\\\\user\\\\.gemini\\\\antigravity-ide\\\\scratch\\\\mesma-website\\\\dataconnect\": could not find dataconnect.yaml in `c:\\Users\\user\\.gemini\\antigravity-ide\\scratch\\mesma-website\\dataconnect`\n"}}
[debug] [2026-06-09T11:24:44.052Z] E0609 14:24:44.049666    8732 watch.go:40] Failed to load config from "c:\\Users\\user\\.gemini\\antigravity-ide\\scratch\\mesma-website\\dataconnect": could not find dataconnect.yaml in `c:\Users\user\.gemini\antigravity-ide\scratch\mesma-website\dataconnect`
 {"metadata":{"emulator":{"name":"dataconnect"},"message":"E0609 14:24:44.049666    8732 watch.go:40] Failed to load config from \"c:\\\\Users\\\\user\\\\.gemini\\\\antigravity-ide\\\\scratch\\\\mesma-website\\\\dataconnect\": could not find dataconnect.yaml in `c:\\Users\\user\\.gemini\\antigravity-ide\\scratch\\mesma-website\\dataconnect`\n"}}
[debug] [2026-06-09T11:24:54.052Z] E0609 14:24:54.052764    8732 watch.go:40] Failed to load config from "c:\\Users\\user\\.gemini\\antigravity-ide\\scratch\\mesma-website\\dataconnect": could not find dataconnect.yaml in `c:\Users\user\.gemini\antigravity-ide\scratch\mesma-website\dataconnect`
 {"metadata":{"emulator":{"name":"dataconnect"},"message":"E0609 14:24:54.052764    8732 watch.go:40] Failed to load config from \"c:\\\\Users\\\\user\\\\.gemini\\\\antigravity-ide\\\\scratch\\\\mesma-website\\\\dataconnect\": could not find dataconnect.yaml in `c:\\Users\\user\\.gemini\\antigravity-ide\\scratch\\mesma-website\\dataconnect`\n"}}
[debug] [2026-06-09T11:25:04.049Z] E0609 14:25:04.050216    8732 watch.go:40] Failed to load config from "c:\\Users\\user\\.gemini\\antigravity-ide\\scratch\\mesma-website\\dataconnect": could not find dataconnect.yaml in `c:\Users\user\.gemini\antigravity-ide\scratch\mesma-website\dataconnect`
 {"metadata":{"emulator":{"name":"dataconnect"},"message":"E0609 14:25:04.050216    8732 watch.go:40] Failed to load config from \"c:\\\\Users\\\\user\\\\.gemini\\\\antigravity-ide\\\\scratch\\\\mesma-website\\\\dataconnect\": could not find dataconnect.yaml in `c:\\Users\\user\\.gemini\\antigravity-ide\\scratch\\mesma-website\\dataconnect`\n"}}
[debug] [2026-06-09T11:25:14.051Z] E0609 14:25:14.050325    8732 watch.go:40] Failed to load config from "c:\\Users\\user\\.gemini\\antigravity-ide\\scratch\\mesma-website\\dataconnect": could not find dataconnect.yaml in `c:\Users\user\.gemini\antigravity-ide\scratch\mesma-website\dataconnect`
 {"metadata":{"emulator":{"name":"dataconnect"},"message":"E0609 14:25:14.050325    8732 watch.go:40] Failed to load config from \"c:\\\\Users\\\\user\\\\.gemini\\\\antigravity-ide\\\\scratch\\\\mesma-website\\\\dataconnect\": could not find dataconnect.yaml in `c:\\Users\\user\\.gemini\\antigravity-ide\\scratch\\mesma-website\\dataconnect`\n"}}
[debug] [2026-06-09T11:25:24.050Z] E0609 14:25:24.051288    8732 watch.go:40] Failed to load config from "c:\\Users\\user\\.gemini\\antigravity-ide\\scratch\\mesma-website\\dataconnect": could not find dataconnect.yaml in `c:\Users\user\.gemini\antigravity-ide\scratch\mesma-website\dataconnect`
 {"metadata":{"emulator":{"name":"dataconnect"},"message":"E0609 14:25:24.051288    8732 watch.go:40] Failed to load config from \"c:\\\\Users\\\\user\\\\.gemini\\\\antigravity-ide\\\\scratch\\\\mesma-website\\\\dataconnect\": could not find dataconnect.yaml in `c:\\Users\\user\\.gemini\\antigravity-ide\\scratch\\mesma-website\\dataconnect`\n"}}
[debug] [2026-06-09T11:25:34.050Z] E0609 14:25:34.050396    8732 watch.go:116] watchAllDir unable to walk dir `c:\Users\user\.gemini\antigravity-ide\scratch\mesma-website\dataconnect`: GetFileAttributesEx c:\Users\user\.gemini\antigravity-ide\scratch\mesma-website\dataconnect: The system cannot find the file specified.
 {"metadata":{"emulator":{"name":"dataconnect"},"message":"E0609 14:25:34.050396    8732 watch.go:116] watchAllDir unable to walk dir `c:\\Users\\user\\.gemini\\antigravity-ide\\scratch\\mesma-website\\dataconnect`: GetFileAttributesEx c:\\Users\\user\\.gemini\\antigravity-ide\\scratch\\mesma-website\\dataconnect: The system cannot find the file specified.\n"}}
[debug] [2026-06-09T11:25:34.057Z] E0609 14:25:34.057620    8732 watch.go:40] Failed to load config from "c:\\Users\\user\\.gemini\\antigravity-ide\\scratch\\mesma-website\\dataconnect": could not find dataconnect.yaml in `c:\Users\user\.gemini\antigravity-ide\scratch\mesma-website\dataconnect`
 {"metadata":{"emulator":{"name":"dataconnect"},"message":"E0609 14:25:34.057620    8732 watch.go:40] Failed to load config from \"c:\\\\Users\\\\user\\\\.gemini\\\\antigravity-ide\\\\scratch\\\\mesma-website\\\\dataconnect\": could not find dataconnect.yaml in `c:\\Users\\user\\.gemini\\antigravity-ide\\scratch\\mesma-website\\dataconnect`\n"}}
[debug] [2026-06-09T11:25:44.050Z] E0609 14:25:44.050853    8732 watch.go:40] Failed to load config from "c:\\Users\\user\\.gemini\\antigravity-ide\\scratch\\mesma-website\\dataconnect": could not find dataconnect.yaml in `c:\Users\user\.gemini\antigravity-ide\scratch\mesma-website\dataconnect`
 {"metadata":{"emulator":{"name":"dataconnect"},"message":"E0609 14:25:44.050853    8732 watch.go:40] Failed to load config from \"c:\\\\Users\\\\user\\\\.gemini\\\\antigravity-ide\\\\scratch\\\\mesma-website\\\\dataconnect\": could not find dataconnect.yaml in `c:\\Users\\user\\.gemini\\antigravity-ide\\scratch\\mesma-website\\dataconnect`\n"}}
[debug] [2026-06-09T11:25:54.050Z] E0609 14:25:54.051023    8732 watch.go:40] Failed to load config from "c:\\Users\\user\\.gemini\\antigravity-ide\\scratch\\mesma-website\\dataconnect": could not find dataconnect.yaml in `c:\Users\user\.gemini\antigravity-ide\scratch\mesma-website\dataconnect`
 {"metadata":{"emulator":{"name":"dataconnect"},"message":"E0609 14:25:54.051023    8732 watch.go:40] Failed to load config from \"c:\\\\Users\\\\user\\\\.gemini\\\\antigravity-ide\\\\scratch\\\\mesma-website\\\\dataconnect\": could not find dataconnect.yaml in `c:\\Users\\user\\.gemini\\antigravity-ide\\scratch\\mesma-website\\dataconnect`\n"}}
[debug] [2026-06-09T11:26:04.049Z] E0609 14:26:04.050637    8732 watch.go:40] Failed to load config from "c:\\Users\\user\\.gemini\\antigravity-ide\\scratch\\mesma-website\\dataconnect": could not find dataconnect.yaml in `c:\Users\user\.gemini\antigravity-ide\scratch\mesma-website\dataconnect`
 {"metadata":{"emulator":{"name":"dataconnect"},"message":"E0609 14:26:04.050637    8732 watch.go:40] Failed to load config from \"c:\\\\Users\\\\user\\\\.gemini\\\\antigravity-ide\\\\scratch\\\\mesma-website\\\\dataconnect\": could not find dataconnect.yaml in `c:\\Users\\user\\.gemini\\antigravity-ide\\scratch\\mesma-website\\dataconnect`\n"}}
[debug] [2026-06-09T11:26:14.050Z] E0609 14:26:14.050917    8732 watch.go:40] Failed to load config from "c:\\Users\\user\\.gemini\\antigravity-ide\\scratch\\mesma-website\\dataconnect": could not find dataconnect.yaml in `c:\Users\user\.gemini\antigravity-ide\scratch\mesma-website\dataconnect`
 {"metadata":{"emulator":{"name":"dataconnect"},"message":"E0609 14:26:14.050917    8732 watch.go:40] Failed to load config from \"c:\\\\Users\\\\user\\\\.gemini\\\\antigravity-ide\\\\scratch\\\\mesma-website\\\\dataconnect\": could not find dataconnect.yaml in `c:\\Users\\user\\.gemini\\antigravity-ide\\scratch\\mesma-website\\dataconnect`\n"}}
[debug] [2026-06-09T11:26:24.051Z] E0609 14:26:24.051145    8732 watch.go:40] Failed to load config from "c:\\Users\\user\\.gemini\\antigravity-ide\\scratch\\mesma-website\\dataconnect": could not find dataconnect.yaml in `c:\Users\user\.gemini\antigravity-ide\scratch\mesma-website\dataconnect`
 {"metadata":{"emulator":{"name":"dataconnect"},"message":"E0609 14:26:24.051145    8732 watch.go:40] Failed to load config from \"c:\\\\Users\\\\user\\\\.gemini\\\\antigravity-ide\\\\scratch\\\\mesma-website\\\\dataconnect\": could not find dataconnect.yaml in `c:\\Users\\user\\.gemini\\antigravity-ide\\scratch\\mesma-website\\dataconnect`\n"}}
[debug] [2026-06-09T11:26:34.050Z] E0609 14:26:34.051279    8732 watch.go:116] watchAllDir unable to walk dir `c:\Users\user\.gemini\antigravity-ide\scratch\mesma-website\dataconnect`: GetFileAttributesEx c:\Users\user\.gemini\antigravity-ide\scratch\mesma-website\dataconnect: The system cannot find the file specified.
E0609 14:26:34.051921    8732 watch.go:40] Failed to load config from "c:\\Users\\user\\.gemini\\antigravity-ide\\scratch\\mesma-website\\dataconnect": could not find dataconnect.yaml in `c:\Users\user\.gemini\antigravity-ide\scratch\mesma-website\dataconnect`
 {"metadata":{"emulator":{"name":"dataconnect"},"message":"E0609 14:26:34.051279    8732 watch.go:116] watchAllDir unable to walk dir `c:\\Users\\user\\.gemini\\antigravity-ide\\scratch\\mesma-website\\dataconnect`: GetFileAttributesEx c:\\Users\\user\\.gemini\\antigravity-ide\\scratch\\mesma-website\\dataconnect: The system cannot find the file specified.\nE0609 14:26:34.051921    8732 watch.go:40] Failed to load config from \"c:\\\\Users\\\\user\\\\.gemini\\\\antigravity-ide\\\\scratch\\\\mesma-website\\\\dataconnect\": could not find dataconnect.yaml in `c:\\Users\\user\\.gemini\\antigravity-ide\\scratch\\mesma-website\\dataconnect`\n"}}
[debug] [2026-06-09T11:26:44.050Z] E0609 14:26:44.050054    8732 watch.go:40] Failed to load config from "c:\\Users\\user\\.gemini\\antigravity-ide\\scratch\\mesma-website\\dataconnect": could not find dataconnect.yaml in `c:\Users\user\.gemini\antigravity-ide\scratch\mesma-website\dataconnect`
 {"metadata":{"emulator":{"name":"dataconnect"},"message":"E0609 14:26:44.050054    8732 watch.go:40] Failed to load config from \"c:\\\\Users\\\\user\\\\.gemini\\\\antigravity-ide\\\\scratch\\\\mesma-website\\\\dataconnect\": could not find dataconnect.yaml in `c:\\Users\\user\\.gemini\\antigravity-ide\\scratch\\mesma-website\\dataconnect`\n"}}
[debug] [2026-06-09T11:26:54.050Z] E0609 14:26:54.050328    8732 watch.go:40] Failed to load config from "c:\\Users\\user\\.gemini\\antigravity-ide\\scratch\\mesma-website\\dataconnect": could not find dataconnect.yaml in `c:\Users\user\.gemini\antigravity-ide\scratch\mesma-website\dataconnect`
 {"metadata":{"emulator":{"name":"dataconnect"},"message":"E0609 14:26:54.050328    8732 watch.go:40] Failed to load config from \"c:\\\\Users\\\\user\\\\.gemini\\\\antigravity-ide\\\\scratch\\\\mesma-website\\\\dataconnect\": could not find dataconnect.yaml in `c:\\Users\\user\\.gemini\\antigravity-ide\\scratch\\mesma-website\\dataconnect`\n"}}
[debug] [2026-06-09T11:27:04.050Z] E0609 14:27:04.050379    8732 watch.go:40] Failed to load config from "c:\\Users\\user\\.gemini\\antigravity-ide\\scratch\\mesma-website\\dataconnect": could not find dataconnect.yaml in `c:\Users\user\.gemini\antigravity-ide\scratch\mesma-website\dataconnect`
 {"metadata":{"emulator":{"name":"dataconnect"},"message":"E0609 14:27:04.050379    8732 watch.go:40] Failed to load config from \"c:\\\\Users\\\\user\\\\.gemini\\\\antigravity-ide\\\\scratch\\\\mesma-website\\\\dataconnect\": could not find dataconnect.yaml in `c:\\Users\\user\\.gemini\\antigravity-ide\\scratch\\mesma-website\\dataconnect`\n"}}
[debug] [2026-06-09T11:27:14.051Z] E0609 14:27:14.052584    8732 watch.go:40] Failed to load config from "c:\\Users\\user\\.gemini\\antigravity-ide\\scratch\\mesma-website\\dataconnect": could not find dataconnect.yaml in `c:\Users\user\.gemini\antigravity-ide\scratch\mesma-website\dataconnect`
 {"metadata":{"emulator":{"name":"dataconnect"},"message":"E0609 14:27:14.052584    8732 watch.go:40] Failed to load config from \"c:\\\\Users\\\\user\\\\.gemini\\\\antigravity-ide\\\\scratch\\\\mesma-website\\\\dataconnect\": could not find dataconnect.yaml in `c:\\Users\\user\\.gemini\\antigravity-ide\\scratch\\mesma-website\\dataconnect`\n"}}
[debug] [2026-06-09T11:27:24.050Z] E0609 14:27:24.050735    8732 watch.go:40] Failed to load config from "c:\\Users\\user\\.gemini\\antigravity-ide\\scratch\\mesma-website\\dataconnect": could not find dataconnect.yaml in `c:\Users\user\.gemini\antigravity-ide\scratch\mesma-website\dataconnect`
 {"metadata":{"emulator":{"name":"dataconnect"},"message":"E0609 14:27:24.050735    8732 watch.go:40] Failed to load config from \"c:\\\\Users\\\\user\\\\.gemini\\\\antigravity-ide\\\\scratch\\\\mesma-website\\\\dataconnect\": could not find dataconnect.yaml in `c:\\Users\\user\\.gemini\\antigravity-ide\\scratch\\mesma-website\\dataconnect`\n"}}
[debug] [2026-06-09T11:27:34.049Z] E0609 14:27:34.050085    8732 watch.go:116] watchAllDir unable to walk dir `c:\Users\user\.gemini\antigravity-ide\scratch\mesma-website\dataconnect`: GetFileAttributesEx c:\Users\user\.gemini\antigravity-ide\scratch\mesma-website\dataconnect: The system cannot find the file specified.
E0609 14:27:34.050085    8732 watch.go:40] Failed to load config from "c:\\Users\\user\\.gemini\\antigravity-ide\\scratch\\mesma-website\\dataconnect": could not find dataconnect.yaml in `c:\Users\user\.gemini\antigravity-ide\scratch\mesma-website\dataconnect`
 {"metadata":{"emulator":{"name":"dataconnect"},"message":"E0609 14:27:34.050085    8732 watch.go:116] watchAllDir unable to walk dir `c:\\Users\\user\\.gemini\\antigravity-ide\\scratch\\mesma-website\\dataconnect`: GetFileAttributesEx c:\\Users\\user\\.gemini\\antigravity-ide\\scratch\\mesma-website\\dataconnect: The system cannot find the file specified.\nE0609 14:27:34.050085    8732 watch.go:40] Failed to load config from \"c:\\\\Users\\\\user\\\\.gemini\\\\antigravity-ide\\\\scratch\\\\mesma-website\\\\dataconnect\": could not find dataconnect.yaml in `c:\\Users\\user\\.gemini\\antigravity-ide\\scratch\\mesma-website\\dataconnect`\n"}}
[debug] [2026-06-09T11:27:44.050Z] E0609 14:27:44.049770    8732 watch.go:40] Failed to load config from "c:\\Users\\user\\.gemini\\antigravity-ide\\scratch\\mesma-website\\dataconnect": could not find dataconnect.yaml in `c:\Users\user\.gemini\antigravity-ide\scratch\mesma-website\dataconnect`
 {"metadata":{"emulator":{"name":"dataconnect"},"message":"E0609 14:27:44.049770    8732 watch.go:40] Failed to load config from \"c:\\\\Users\\\\user\\\\.gemini\\\\antigravity-ide\\\\scratch\\\\mesma-website\\\\dataconnect\": could not find dataconnect.yaml in `c:\\Users\\user\\.gemini\\antigravity-ide\\scratch\\mesma-website\\dataconnect`\n"}}
[debug] [2026-06-09T11:27:54.050Z] E0609 14:27:54.050247    8732 watch.go:40] Failed to load config from "c:\\Users\\user\\.gemini\\antigravity-ide\\scratch\\mesma-website\\dataconnect": could not find dataconnect.yaml in `c:\Users\user\.gemini\antigravity-ide\scratch\mesma-website\dataconnect`
 {"metadata":{"emulator":{"name":"dataconnect"},"message":"E0609 14:27:54.050247    8732 watch.go:40] Failed to load config from \"c:\\\\Users\\\\user\\\\.gemini\\\\antigravity-ide\\\\scratch\\\\mesma-website\\\\dataconnect\": could not find dataconnect.yaml in `c:\\Users\\user\\.gemini\\antigravity-ide\\scratch\\mesma-website\\dataconnect`\n"}}
[debug] [2026-06-09T11:28:04.050Z] E0609 14:28:04.050396    8732 watch.go:40] Failed to load config from "c:\\Users\\user\\.gemini\\antigravity-ide\\scratch\\mesma-website\\dataconnect": could not find dataconnect.yaml in `c:\Users\user\.gemini\antigravity-ide\scratch\mesma-website\dataconnect`
 {"metadata":{"emulator":{"name":"dataconnect"},"message":"E0609 14:28:04.050396    8732 watch.go:40] Failed to load config from \"c:\\\\Users\\\\user\\\\.gemini\\\\antigravity-ide\\\\scratch\\\\mesma-website\\\\dataconnect\": could not find dataconnect.yaml in `c:\\Users\\user\\.gemini\\antigravity-ide\\scratch\\mesma-website\\dataconnect`\n"}}
[debug] [2026-06-09T11:28:14.053Z] E0609 14:28:14.050245    8732 watch.go:40] Failed to load config from "c:\\Users\\user\\.gemini\\antigravity-ide\\scratch\\mesma-website\\dataconnect": could not find dataconnect.yaml in `c:\Users\user\.gemini\antigravity-ide\scratch\mesma-website\dataconnect`
 {"metadata":{"emulator":{"name":"dataconnect"},"message":"E0609 14:28:14.050245    8732 watch.go:40] Failed to load config from \"c:\\\\Users\\\\user\\\\.gemini\\\\antigravity-ide\\\\scratch\\\\mesma-website\\\\dataconnect\": could not find dataconnect.yaml in `c:\\Users\\user\\.gemini\\antigravity-ide\\scratch\\mesma-website\\dataconnect`\n"}}
[debug] [2026-06-09T11:28:24.049Z] E0609 14:28:24.049379    8732 watch.go:40] Failed to load config from "c:\\Users\\user\\.gemini\\antigravity-ide\\scratch\\mesma-website\\dataconnect": could not find dataconnect.yaml in `c:\Users\user\.gemini\antigravity-ide\scratch\mesma-website\dataconnect`
 {"metadata":{"emulator":{"name":"dataconnect"},"message":"E0609 14:28:24.049379    8732 watch.go:40] Failed to load config from \"c:\\\\Users\\\\user\\\\.gemini\\\\antigravity-ide\\\\scratch\\\\mesma-website\\\\dataconnect\": could not find dataconnect.yaml in `c:\\Users\\user\\.gemini\\antigravity-ide\\scratch\\mesma-website\\dataconnect`\n"}}
[debug] [2026-06-09T11:28:34.050Z] E0609 14:28:34.049807    8732 watch.go:116] watchAllDir unable to walk dir `c:\Users\user\.gemini\antigravity-ide\scratch\mesma-website\dataconnect`: GetFileAttributesEx c:\Users\user\.gemini\antigravity-ide\scratch\mesma-website\dataconnect: The system cannot find the file specified.
 {"metadata":{"emulator":{"name":"dataconnect"},"message":"E0609 14:28:34.049807    8732 watch.go:116] watchAllDir unable to walk dir `c:\\Users\\user\\.gemini\\antigravity-ide\\scratch\\mesma-website\\dataconnect`: GetFileAttributesEx c:\\Users\\user\\.gemini\\antigravity-ide\\scratch\\mesma-website\\dataconnect: The system cannot find the file specified.\n"}}
[debug] [2026-06-09T11:28:34.053Z] E0609 14:28:34.053234    8732 watch.go:40] Failed to load config from "c:\\Users\\user\\.gemini\\antigravity-ide\\scratch\\mesma-website\\dataconnect": could not find dataconnect.yaml in `c:\Users\user\.gemini\antigravity-ide\scratch\mesma-website\dataconnect`
 {"metadata":{"emulator":{"name":"dataconnect"},"message":"E0609 14:28:34.053234    8732 watch.go:40] Failed to load config from \"c:\\\\Users\\\\user\\\\.gemini\\\\antigravity-ide\\\\scratch\\\\mesma-website\\\\dataconnect\": could not find dataconnect.yaml in `c:\\Users\\user\\.gemini\\antigravity-ide\\scratch\\mesma-website\\dataconnect`\n"}}
[debug] [2026-06-09T11:28:44.050Z] E0609 14:28:44.050694    8732 watch.go:40] Failed to load config from "c:\\Users\\user\\.gemini\\antigravity-ide\\scratch\\mesma-website\\dataconnect": could not find dataconnect.yaml in `c:\Users\user\.gemini\antigravity-ide\scratch\mesma-website\dataconnect`
 {"metadata":{"emulator":{"name":"dataconnect"},"message":"E0609 14:28:44.050694    8732 watch.go:40] Failed to load config from \"c:\\\\Users\\\\user\\\\.gemini\\\\antigravity-ide\\\\scratch\\\\mesma-website\\\\dataconnect\": could not find dataconnect.yaml in `c:\\Users\\user\\.gemini\\antigravity-ide\\scratch\\mesma-website\\dataconnect`\n"}}
[debug] [2026-06-09T11:28:54.050Z] E0609 14:28:54.050208    8732 watch.go:40] Failed to load config from "c:\\Users\\user\\.gemini\\antigravity-ide\\scratch\\mesma-website\\dataconnect": could not find dataconnect.yaml in `c:\Users\user\.gemini\antigravity-ide\scratch\mesma-website\dataconnect`
 {"metadata":{"emulator":{"name":"dataconnect"},"message":"E0609 14:28:54.050208    8732 watch.go:40] Failed to load config from \"c:\\\\Users\\\\user\\\\.gemini\\\\antigravity-ide\\\\scratch\\\\mesma-website\\\\dataconnect\": could not find dataconnect.yaml in `c:\\Users\\user\\.gemini\\antigravity-ide\\scratch\\mesma-website\\dataconnect`\n"}}
[debug] [2026-06-09T11:29:04.050Z] E0609 14:29:04.050648    8732 watch.go:40] Failed to load config from "c:\\Users\\user\\.gemini\\antigravity-ide\\scratch\\mesma-website\\dataconnect": could not find dataconnect.yaml in `c:\Users\user\.gemini\antigravity-ide\scratch\mesma-website\dataconnect`
 {"metadata":{"emulator":{"name":"dataconnect"},"message":"E0609 14:29:04.050648    8732 watch.go:40] Failed to load config from \"c:\\\\Users\\\\user\\\\.gemini\\\\antigravity-ide\\\\scratch\\\\mesma-website\\\\dataconnect\": could not find dataconnect.yaml in `c:\\Users\\user\\.gemini\\antigravity-ide\\scratch\\mesma-website\\dataconnect`\n"}}
[debug] [2026-06-09T11:29:14.049Z] E0609 14:29:14.050404    8732 watch.go:40] Failed to load config from "c:\\Users\\user\\.gemini\\antigravity-ide\\scratch\\mesma-website\\dataconnect": could not find dataconnect.yaml in `c:\Users\user\.gemini\antigravity-ide\scratch\mesma-website\dataconnect`
 {"metadata":{"emulator":{"name":"dataconnect"},"message":"E0609 14:29:14.050404    8732 watch.go:40] Failed to load config from \"c:\\\\Users\\\\user\\\\.gemini\\\\antigravity-ide\\\\scratch\\\\mesma-website\\\\dataconnect\": could not find dataconnect.yaml in `c:\\Users\\user\\.gemini\\antigravity-ide\\scratch\\mesma-website\\dataconnect`\n"}}
[debug] [2026-06-09T11:29:24.049Z] E0609 14:29:24.050235    8732 watch.go:40] Failed to load config from "c:\\Users\\user\\.gemini\\antigravity-ide\\scratch\\mesma-website\\dataconnect": could not find dataconnect.yaml in `c:\Users\user\.gemini\antigravity-ide\scratch\mesma-website\dataconnect`
 {"metadata":{"emulator":{"name":"dataconnect"},"message":"E0609 14:29:24.050235    8732 watch.go:40] Failed to load config from \"c:\\\\Users\\\\user\\\\.gemini\\\\antigravity-ide\\\\scratch\\\\mesma-website\\\\dataconnect\": could not find dataconnect.yaml in `c:\\Users\\user\\.gemini\\antigravity-ide\\scratch\\mesma-website\\dataconnect`\n"}}
[debug] [2026-06-09T11:29:34.049Z] E0609 14:29:34.049487    8732 watch.go:116] watchAllDir unable to walk dir `c:\Users\user\.gemini\antigravity-ide\scratch\mesma-website\dataconnect`: GetFileAttributesEx c:\Users\user\.gemini\antigravity-ide\scratch\mesma-website\dataconnect: The system cannot find the file specified.
 {"metadata":{"emulator":{"name":"dataconnect"},"message":"E0609 14:29:34.049487    8732 watch.go:116] watchAllDir unable to walk dir `c:\\Users\\user\\.gemini\\antigravity-ide\\scratch\\mesma-website\\dataconnect`: GetFileAttributesEx c:\\Users\\user\\.gemini\\antigravity-ide\\scratch\\mesma-website\\dataconnect: The system cannot find the file specified.\n"}}
[debug] [2026-06-09T11:29:34.051Z] E0609 14:29:34.050004    8732 watch.go:40] Failed to load config from "c:\\Users\\user\\.gemini\\antigravity-ide\\scratch\\mesma-website\\dataconnect": could not find dataconnect.yaml in `c:\Users\user\.gemini\antigravity-ide\scratch\mesma-website\dataconnect`
 {"metadata":{"emulator":{"name":"dataconnect"},"message":"E0609 14:29:34.050004    8732 watch.go:40] Failed to load config from \"c:\\\\Users\\\\user\\\\.gemini\\\\antigravity-ide\\\\scratch\\\\mesma-website\\\\dataconnect\": could not find dataconnect.yaml in `c:\\Users\\user\\.gemini\\antigravity-ide\\scratch\\mesma-website\\dataconnect`\n"}}
[debug] [2026-06-09T11:29:44.049Z] E0609 14:29:44.049538    8732 watch.go:40] Failed to load config from "c:\\Users\\user\\.gemini\\antigravity-ide\\scratch\\mesma-website\\dataconnect": could not find dataconnect.yaml in `c:\Users\user\.gemini\antigravity-ide\scratch\mesma-website\dataconnect`
 {"metadata":{"emulator":{"name":"dataconnect"},"message":"E0609 14:29:44.049538    8732 watch.go:40] Failed to load config from \"c:\\\\Users\\\\user\\\\.gemini\\\\antigravity-ide\\\\scratch\\\\mesma-website\\\\dataconnect\": could not find dataconnect.yaml in `c:\\Users\\user\\.gemini\\antigravity-ide\\scratch\\mesma-website\\dataconnect`\n"}}
[debug] [2026-06-09T11:29:54.050Z] E0609 14:29:54.050098    8732 watch.go:40] Failed to load config from "c:\\Users\\user\\.gemini\\antigravity-ide\\scratch\\mesma-website\\dataconnect": could not find dataconnect.yaml in `c:\Users\user\.gemini\antigravity-ide\scratch\mesma-website\dataconnect`
 {"metadata":{"emulator":{"name":"dataconnect"},"message":"E0609 14:29:54.050098    8732 watch.go:40] Failed to load config from \"c:\\\\Users\\\\user\\\\.gemini\\\\antigravity-ide\\\\scratch\\\\mesma-website\\\\dataconnect\": could not find dataconnect.yaml in `c:\\Users\\user\\.gemini\\antigravity-ide\\scratch\\mesma-website\\dataconnect`\n"}}
[debug] [2026-06-09T11:30:04.050Z] E0609 14:30:04.050443    8732 watch.go:40] Failed to load config from "c:\\Users\\user\\.gemini\\antigravity-ide\\scratch\\mesma-website\\dataconnect": could not find dataconnect.yaml in `c:\Users\user\.gemini\antigravity-ide\scratch\mesma-website\dataconnect`
 {"metadata":{"emulator":{"name":"dataconnect"},"message":"E0609 14:30:04.050443    8732 watch.go:40] Failed to load config from \"c:\\\\Users\\\\user\\\\.gemini\\\\antigravity-ide\\\\scratch\\\\mesma-website\\\\dataconnect\": could not find dataconnect.yaml in `c:\\Users\\user\\.gemini\\antigravity-ide\\scratch\\mesma-website\\dataconnect`\n"}}
[debug] [2026-06-09T11:30:14.050Z] E0609 14:30:14.050796    8732 watch.go:40] Failed to load config from "c:\\Users\\user\\.gemini\\antigravity-ide\\scratch\\mesma-website\\dataconnect": could not find dataconnect.yaml in `c:\Users\user\.gemini\antigravity-ide\scratch\mesma-website\dataconnect`
 {"metadata":{"emulator":{"name":"dataconnect"},"message":"E0609 14:30:14.050796    8732 watch.go:40] Failed to load config from \"c:\\\\Users\\\\user\\\\.gemini\\\\antigravity-ide\\\\scratch\\\\mesma-website\\\\dataconnect\": could not find dataconnect.yaml in `c:\\Users\\user\\.gemini\\antigravity-ide\\scratch\\mesma-website\\dataconnect`\n"}}
[debug] [2026-06-09T11:30:24.050Z] E0609 14:30:24.049794    8732 watch.go:40] Failed to load config from "c:\\Users\\user\\.gemini\\antigravity-ide\\scratch\\mesma-website\\dataconnect": could not find dataconnect.yaml in `c:\Users\user\.gemini\antigravity-ide\scratch\mesma-website\dataconnect`
 {"metadata":{"emulator":{"name":"dataconnect"},"message":"E0609 14:30:24.049794    8732 watch.go:40] Failed to load config from \"c:\\\\Users\\\\user\\\\.gemini\\\\antigravity-ide\\\\scratch\\\\mesma-website\\\\dataconnect\": could not find dataconnect.yaml in `c:\\Users\\user\\.gemini\\antigravity-ide\\scratch\\mesma-website\\dataconnect`\n"}}
[debug] [2026-06-09T11:30:34.049Z] E0609 14:30:34.049857    8732 watch.go:116] watchAllDir unable to walk dir `c:\Users\user\.gemini\antigravity-ide\scratch\mesma-website\dataconnect`: GetFileAttributesEx c:\Users\user\.gemini\antigravity-ide\scratch\mesma-website\dataconnect: The system cannot find the file specified.
 {"metadata":{"emulator":{"name":"dataconnect"},"message":"E0609 14:30:34.049857    8732 watch.go:116] watchAllDir unable to walk dir `c:\\Users\\user\\.gemini\\antigravity-ide\\scratch\\mesma-website\\dataconnect`: GetFileAttributesEx c:\\Users\\user\\.gemini\\antigravity-ide\\scratch\\mesma-website\\dataconnect: The system cannot find the file specified.\n"}}
[debug] [2026-06-09T11:30:34.050Z] E0609 14:30:34.049857    8732 watch.go:40] Failed to load config from "c:\\Users\\user\\.gemini\\antigravity-ide\\scratch\\mesma-website\\dataconnect": could not find dataconnect.yaml in `c:\Users\user\.gemini\antigravity-ide\scratch\mesma-website\dataconnect`
 {"metadata":{"emulator":{"name":"dataconnect"},"message":"E0609 14:30:34.049857    8732 watch.go:40] Failed to load config from \"c:\\\\Users\\\\user\\\\.gemini\\\\antigravity-ide\\\\scratch\\\\mesma-website\\\\dataconnect\": could not find dataconnect.yaml in `c:\\Users\\user\\.gemini\\antigravity-ide\\scratch\\mesma-website\\dataconnect`\n"}}
[debug] [2026-06-09T11:30:44.050Z] E0609 14:30:44.050726    8732 watch.go:40] Failed to load config from "c:\\Users\\user\\.gemini\\antigravity-ide\\scratch\\mesma-website\\dataconnect": could not find dataconnect.yaml in `c:\Users\user\.gemini\antigravity-ide\scratch\mesma-website\dataconnect`
 {"metadata":{"emulator":{"name":"dataconnect"},"message":"E0609 14:30:44.050726    8732 watch.go:40] Failed to load config from \"c:\\\\Users\\\\user\\\\.gemini\\\\antigravity-ide\\\\scratch\\\\mesma-website\\\\dataconnect\": could not find dataconnect.yaml in `c:\\Users\\user\\.gemini\\antigravity-ide\\scratch\\mesma-website\\dataconnect`\n"}}
[debug] [2026-06-09T11:30:54.050Z] E0609 14:30:54.049586    8732 watch.go:40] Failed to load config from "c:\\Users\\user\\.gemini\\antigravity-ide\\scratch\\mesma-website\\dataconnect": could not find dataconnect.yaml in `c:\Users\user\.gemini\antigravity-ide\scratch\mesma-website\dataconnect`
 {"metadata":{"emulator":{"name":"dataconnect"},"message":"E0609 14:30:54.049586    8732 watch.go:40] Failed to load config from \"c:\\\\Users\\\\user\\\\.gemini\\\\antigravity-ide\\\\scratch\\\\mesma-website\\\\dataconnect\": could not find dataconnect.yaml in `c:\\Users\\user\\.gemini\\antigravity-ide\\scratch\\mesma-website\\dataconnect`\n"}}
[debug] [2026-06-09T11:31:04.050Z] E0609 14:31:04.050333    8732 watch.go:40] Failed to load config from "c:\\Users\\user\\.gemini\\antigravity-ide\\scratch\\mesma-website\\dataconnect": could not find dataconnect.yaml in `c:\Users\user\.gemini\antigravity-ide\scratch\mesma-website\dataconnect`
 {"metadata":{"emulator":{"name":"dataconnect"},"message":"E0609 14:31:04.050333    8732 watch.go:40] Failed to load config from \"c:\\\\Users\\\\user\\\\.gemini\\\\antigravity-ide\\\\scratch\\\\mesma-website\\\\dataconnect\": could not find dataconnect.yaml in `c:\\Users\\user\\.gemini\\antigravity-ide\\scratch\\mesma-website\\dataconnect`\n"}}
[debug] [2026-06-09T11:31:14.050Z] E0609 14:31:14.050394    8732 watch.go:40] Failed to load config from "c:\\Users\\user\\.gemini\\antigravity-ide\\scratch\\mesma-website\\dataconnect": could not find dataconnect.yaml in `c:\Users\user\.gemini\antigravity-ide\scratch\mesma-website\dataconnect`
 {"metadata":{"emulator":{"name":"dataconnect"},"message":"E0609 14:31:14.050394    8732 watch.go:40] Failed to load config from \"c:\\\\Users\\\\user\\\\.gemini\\\\antigravity-ide\\\\scratch\\\\mesma-website\\\\dataconnect\": could not find dataconnect.yaml in `c:\\Users\\user\\.gemini\\antigravity-ide\\scratch\\mesma-website\\dataconnect`\n"}}
[debug] [2026-06-09T11:31:24.051Z] E0609 14:31:24.050904    8732 watch.go:40] Failed to load config from "c:\\Users\\user\\.gemini\\antigravity-ide\\scratch\\mesma-website\\dataconnect": could not find dataconnect.yaml in `c:\Users\user\.gemini\antigravity-ide\scratch\mesma-website\dataconnect`
 {"metadata":{"emulator":{"name":"dataconnect"},"message":"E0609 14:31:24.050904    8732 watch.go:40] Failed to load config from \"c:\\\\Users\\\\user\\\\.gemini\\\\antigravity-ide\\\\scratch\\\\mesma-website\\\\dataconnect\": could not find dataconnect.yaml in `c:\\Users\\user\\.gemini\\antigravity-ide\\scratch\\mesma-website\\dataconnect`\n"}}
[debug] [2026-06-09T11:31:34.051Z] E0609 14:31:34.050189    8732 watch.go:116] watchAllDir unable to walk dir `c:\Users\user\.gemini\antigravity-ide\scratch\mesma-website\dataconnect`: GetFileAttributesEx c:\Users\user\.gemini\antigravity-ide\scratch\mesma-website\dataconnect: The system cannot find the file specified.
 {"metadata":{"emulator":{"name":"dataconnect"},"message":"E0609 14:31:34.050189    8732 watch.go:116] watchAllDir unable to walk dir `c:\\Users\\user\\.gemini\\antigravity-ide\\scratch\\mesma-website\\dataconnect`: GetFileAttributesEx c:\\Users\\user\\.gemini\\antigravity-ide\\scratch\\mesma-website\\dataconnect: The system cannot find the file specified.\n"}}
[debug] [2026-06-09T11:31:34.052Z] E0609 14:31:34.050189    8732 watch.go:40] Failed to load config from "c:\\Users\\user\\.gemini\\antigravity-ide\\scratch\\mesma-website\\dataconnect": could not find dataconnect.yaml in `c:\Users\user\.gemini\antigravity-ide\scratch\mesma-website\dataconnect`
 {"metadata":{"emulator":{"name":"dataconnect"},"message":"E0609 14:31:34.050189    8732 watch.go:40] Failed to load config from \"c:\\\\Users\\\\user\\\\.gemini\\\\antigravity-ide\\\\scratch\\\\mesma-website\\\\dataconnect\": could not find dataconnect.yaml in `c:\\Users\\user\\.gemini\\antigravity-ide\\scratch\\mesma-website\\dataconnect`\n"}}
[debug] [2026-06-09T11:31:44.051Z] E0609 14:31:44.051372    8732 watch.go:40] Failed to load config from "c:\\Users\\user\\.gemini\\antigravity-ide\\scratch\\mesma-website\\dataconnect": could not find dataconnect.yaml in `c:\Users\user\.gemini\antigravity-ide\scratch\mesma-website\dataconnect`
 {"metadata":{"emulator":{"name":"dataconnect"},"message":"E0609 14:31:44.051372    8732 watch.go:40] Failed to load config from \"c:\\\\Users\\\\user\\\\.gemini\\\\antigravity-ide\\\\scratch\\\\mesma-website\\\\dataconnect\": could not find dataconnect.yaml in `c:\\Users\\user\\.gemini\\antigravity-ide\\scratch\\mesma-website\\dataconnect`\n"}}
[debug] [2026-06-09T11:31:54.050Z] E0609 14:31:54.050243    8732 watch.go:40] Failed to load config from "c:\\Users\\user\\.gemini\\antigravity-ide\\scratch\\mesma-website\\dataconnect": could not find dataconnect.yaml in `c:\Users\user\.gemini\antigravity-ide\scratch\mesma-website\dataconnect`
 {"metadata":{"emulator":{"name":"dataconnect"},"message":"E0609 14:31:54.050243    8732 watch.go:40] Failed to load config from \"c:\\\\Users\\\\user\\\\.gemini\\\\antigravity-ide\\\\scratch\\\\mesma-website\\\\dataconnect\": could not find dataconnect.yaml in `c:\\Users\\user\\.gemini\\antigravity-ide\\scratch\\mesma-website\\dataconnect`\n"}}
[debug] [2026-06-09T11:32:04.060Z] E0609 14:32:04.056794    8732 watch.go:40] Failed to load config from "c:\\Users\\user\\.gemini\\antigravity-ide\\scratch\\mesma-website\\dataconnect": could not find dataconnect.yaml in `c:\Users\user\.gemini\antigravity-ide\scratch\mesma-website\dataconnect`
 {"metadata":{"emulator":{"name":"dataconnect"},"message":"E0609 14:32:04.056794    8732 watch.go:40] Failed to load config from \"c:\\\\Users\\\\user\\\\.gemini\\\\antigravity-ide\\\\scratch\\\\mesma-website\\\\dataconnect\": could not find dataconnect.yaml in `c:\\Users\\user\\.gemini\\antigravity-ide\\scratch\\mesma-website\\dataconnect`\n"}}
[debug] [2026-06-09T11:32:14.051Z] E0609 14:32:14.051039    8732 watch.go:40] Failed to load config from "c:\\Users\\user\\.gemini\\antigravity-ide\\scratch\\mesma-website\\dataconnect": could not find dataconnect.yaml in `c:\Users\user\.gemini\antigravity-ide\scratch\mesma-website\dataconnect`
 {"metadata":{"emulator":{"name":"dataconnect"},"message":"E0609 14:32:14.051039    8732 watch.go:40] Failed to load config from \"c:\\\\Users\\\\user\\\\.gemini\\\\antigravity-ide\\\\scratch\\\\mesma-website\\\\dataconnect\": could not find dataconnect.yaml in `c:\\Users\\user\\.gemini\\antigravity-ide\\scratch\\mesma-website\\dataconnect`\n"}}
[debug] [2026-06-09T11:32:24.049Z] E0609 14:32:24.049872    8732 watch.go:40] Failed to load config from "c:\\Users\\user\\.gemini\\antigravity-ide\\scratch\\mesma-website\\dataconnect": could not find dataconnect.yaml in `c:\Users\user\.gemini\antigravity-ide\scratch\mesma-website\dataconnect`
 {"metadata":{"emulator":{"name":"dataconnect"},"message":"E0609 14:32:24.049872    8732 watch.go:40] Failed to load config from \"c:\\\\Users\\\\user\\\\.gemini\\\\antigravity-ide\\\\scratch\\\\mesma-website\\\\dataconnect\": could not find dataconnect.yaml in `c:\\Users\\user\\.gemini\\antigravity-ide\\scratch\\mesma-website\\dataconnect`\n"}}
[debug] [2026-06-09T11:32:34.049Z] E0609 14:32:34.049898    8732 watch.go:116] watchAllDir unable to walk dir `c:\Users\user\.gemini\antigravity-ide\scratch\mesma-website\dataconnect`: GetFileAttributesEx c:\Users\user\.gemini\antigravity-ide\scratch\mesma-website\dataconnect: The system cannot find the file specified.
 {"metadata":{"emulator":{"name":"dataconnect"},"message":"E0609 14:32:34.049898    8732 watch.go:116] watchAllDir unable to walk dir `c:\\Users\\user\\.gemini\\antigravity-ide\\scratch\\mesma-website\\dataconnect`: GetFileAttributesEx c:\\Users\\user\\.gemini\\antigravity-ide\\scratch\\mesma-website\\dataconnect: The system cannot find the file specified.\n"}}
[debug] [2026-06-09T11:32:34.051Z] E0609 14:32:34.050216    8732 watch.go:40] Failed to load config from "c:\\Users\\user\\.gemini\\antigravity-ide\\scratch\\mesma-website\\dataconnect": could not find dataconnect.yaml in `c:\Users\user\.gemini\antigravity-ide\scratch\mesma-website\dataconnect`
 {"metadata":{"emulator":{"name":"dataconnect"},"message":"E0609 14:32:34.050216    8732 watch.go:40] Failed to load config from \"c:\\\\Users\\\\user\\\\.gemini\\\\antigravity-ide\\\\scratch\\\\mesma-website\\\\dataconnect\": could not find dataconnect.yaml in `c:\\Users\\user\\.gemini\\antigravity-ide\\scratch\\mesma-website\\dataconnect`\n"}}
[debug] [2026-06-09T11:32:44.050Z] E0609 14:32:44.049404    8732 watch.go:40] Failed to load config from "c:\\Users\\user\\.gemini\\antigravity-ide\\scratch\\mesma-website\\dataconnect": could not find dataconnect.yaml in `c:\Users\user\.gemini\antigravity-ide\scratch\mesma-website\dataconnect`
 {"metadata":{"emulator":{"name":"dataconnect"},"message":"E0609 14:32:44.049404    8732 watch.go:40] Failed to load config from \"c:\\\\Users\\\\user\\\\.gemini\\\\antigravity-ide\\\\scratch\\\\mesma-website\\\\dataconnect\": could not find dataconnect.yaml in `c:\\Users\\user\\.gemini\\antigravity-ide\\scratch\\mesma-website\\dataconnect`\n"}}
[debug] [2026-06-09T11:32:54.050Z] E0609 14:32:54.050492    8732 watch.go:40] Failed to load config from "c:\\Users\\user\\.gemini\\antigravity-ide\\scratch\\mesma-website\\dataconnect": could not find dataconnect.yaml in `c:\Users\user\.gemini\antigravity-ide\scratch\mesma-website\dataconnect`
 {"metadata":{"emulator":{"name":"dataconnect"},"message":"E0609 14:32:54.050492    8732 watch.go:40] Failed to load config from \"c:\\\\Users\\\\user\\\\.gemini\\\\antigravity-ide\\\\scratch\\\\mesma-website\\\\dataconnect\": could not find dataconnect.yaml in `c:\\Users\\user\\.gemini\\antigravity-ide\\scratch\\mesma-website\\dataconnect`\n"}}
[debug] [2026-06-09T11:33:04.050Z] E0609 14:33:04.049794    8732 watch.go:40] Failed to load config from "c:\\Users\\user\\.gemini\\antigravity-ide\\scratch\\mesma-website\\dataconnect": could not find dataconnect.yaml in `c:\Users\user\.gemini\antigravity-ide\scratch\mesma-website\dataconnect`
 {"metadata":{"emulator":{"name":"dataconnect"},"message":"E0609 14:33:04.049794    8732 watch.go:40] Failed to load config from \"c:\\\\Users\\\\user\\\\.gemini\\\\antigravity-ide\\\\scratch\\\\mesma-website\\\\dataconnect\": could not find dataconnect.yaml in `c:\\Users\\user\\.gemini\\antigravity-ide\\scratch\\mesma-website\\dataconnect`\n"}}
[debug] [2026-06-09T11:33:14.050Z] E0609 14:33:14.049916    8732 watch.go:40] Failed to load config from "c:\\Users\\user\\.gemini\\antigravity-ide\\scratch\\mesma-website\\dataconnect": could not find dataconnect.yaml in `c:\Users\user\.gemini\antigravity-ide\scratch\mesma-website\dataconnect`
 {"metadata":{"emulator":{"name":"dataconnect"},"message":"E0609 14:33:14.049916    8732 watch.go:40] Failed to load config from \"c:\\\\Users\\\\user\\\\.gemini\\\\antigravity-ide\\\\scratch\\\\mesma-website\\\\dataconnect\": could not find dataconnect.yaml in `c:\\Users\\user\\.gemini\\antigravity-ide\\scratch\\mesma-website\\dataconnect`\n"}}
[debug] [2026-06-09T11:33:24.050Z] E0609 14:33:24.049909    8732 watch.go:40] Failed to load config from "c:\\Users\\user\\.gemini\\antigravity-ide\\scratch\\mesma-website\\dataconnect": could not find dataconnect.yaml in `c:\Users\user\.gemini\antigravity-ide\scratch\mesma-website\dataconnect`
 {"metadata":{"emulator":{"name":"dataconnect"},"message":"E0609 14:33:24.049909    8732 watch.go:40] Failed to load config from \"c:\\\\Users\\\\user\\\\.gemini\\\\antigravity-ide\\\\scratch\\\\mesma-website\\\\dataconnect\": could not find dataconnect.yaml in `c:\\Users\\user\\.gemini\\antigravity-ide\\scratch\\mesma-website\\dataconnect`\n"}}
[debug] [2026-06-09T11:33:34.050Z] E0609 14:33:34.049725    8732 watch.go:116] watchAllDir unable to walk dir `c:\Users\user\.gemini\antigravity-ide\scratch\mesma-website\dataconnect`: GetFileAttributesEx c:\Users\user\.gemini\antigravity-ide\scratch\mesma-website\dataconnect: The system cannot find the file specified.
E0609 14:33:34.049725    8732 watch.go:40] Failed to load config from "c:\\Users\\user\\.gemini\\antigravity-ide\\scratch\\mesma-website\\dataconnect": could not find dataconnect.yaml in `c:\Users\user\.gemini\antigravity-ide\scratch\mesma-website\dataconnect`
 {"metadata":{"emulator":{"name":"dataconnect"},"message":"E0609 14:33:34.049725    8732 watch.go:116] watchAllDir unable to walk dir `c:\\Users\\user\\.gemini\\antigravity-ide\\scratch\\mesma-website\\dataconnect`: GetFileAttributesEx c:\\Users\\user\\.gemini\\antigravity-ide\\scratch\\mesma-website\\dataconnect: The system cannot find the file specified.\nE0609 14:33:34.049725    8732 watch.go:40] Failed to load config from \"c:\\\\Users\\\\user\\\\.gemini\\\\antigravity-ide\\\\scratch\\\\mesma-website\\\\dataconnect\": could not find dataconnect.yaml in `c:\\Users\\user\\.gemini\\antigravity-ide\\scratch\\mesma-website\\dataconnect`\n"}}
[debug] [2026-06-09T11:33:44.049Z] E0609 14:33:44.049886    8732 watch.go:40] Failed to load config from "c:\\Users\\user\\.gemini\\antigravity-ide\\scratch\\mesma-website\\dataconnect": could not find dataconnect.yaml in `c:\Users\user\.gemini\antigravity-ide\scratch\mesma-website\dataconnect`
 {"metadata":{"emulator":{"name":"dataconnect"},"message":"E0609 14:33:44.049886    8732 watch.go:40] Failed to load config from \"c:\\\\Users\\\\user\\\\.gemini\\\\antigravity-ide\\\\scratch\\\\mesma-website\\\\dataconnect\": could not find dataconnect.yaml in `c:\\Users\\user\\.gemini\\antigravity-ide\\scratch\\mesma-website\\dataconnect`\n"}}
[debug] [2026-06-09T11:33:54.049Z] E0609 14:33:54.050017    8732 watch.go:40] Failed to load config from "c:\\Users\\user\\.gemini\\antigravity-ide\\scratch\\mesma-website\\dataconnect": could not find dataconnect.yaml in `c:\Users\user\.gemini\antigravity-ide\scratch\mesma-website\dataconnect`
 {"metadata":{"emulator":{"name":"dataconnect"},"message":"E0609 14:33:54.050017    8732 watch.go:40] Failed to load config from \"c:\\\\Users\\\\user\\\\.gemini\\\\antigravity-ide\\\\scratch\\\\mesma-website\\\\dataconnect\": could not find dataconnect.yaml in `c:\\Users\\user\\.gemini\\antigravity-ide\\scratch\\mesma-website\\dataconnect`\n"}}
[debug] [2026-06-09T11:34:04.049Z] E0609 14:34:04.049638    8732 watch.go:40] Failed to load config from "c:\\Users\\user\\.gemini\\antigravity-ide\\scratch\\mesma-website\\dataconnect": could not find dataconnect.yaml in `c:\Users\user\.gemini\antigravity-ide\scratch\mesma-website\dataconnect`
 {"metadata":{"emulator":{"name":"dataconnect"},"message":"E0609 14:34:04.049638    8732 watch.go:40] Failed to load config from \"c:\\\\Users\\\\user\\\\.gemini\\\\antigravity-ide\\\\scratch\\\\mesma-website\\\\dataconnect\": could not find dataconnect.yaml in `c:\\Users\\user\\.gemini\\antigravity-ide\\scratch\\mesma-website\\dataconnect`\n"}}
[debug] [2026-06-09T11:34:14.050Z] E0609 14:34:14.049971    8732 watch.go:40] Failed to load config from "c:\\Users\\user\\.gemini\\antigravity-ide\\scratch\\mesma-website\\dataconnect": could not find dataconnect.yaml in `c:\Users\user\.gemini\antigravity-ide\scratch\mesma-website\dataconnect`
 {"metadata":{"emulator":{"name":"dataconnect"},"message":"E0609 14:34:14.049971    8732 watch.go:40] Failed to load config from \"c:\\\\Users\\\\user\\\\.gemini\\\\antigravity-ide\\\\scratch\\\\mesma-website\\\\dataconnect\": could not find dataconnect.yaml in `c:\\Users\\user\\.gemini\\antigravity-ide\\scratch\\mesma-website\\dataconnect`\n"}}
[debug] [2026-06-09T11:34:24.050Z] E0609 14:34:24.050023    8732 watch.go:40] Failed to load config from "c:\\Users\\user\\.gemini\\antigravity-ide\\scratch\\mesma-website\\dataconnect": could not find dataconnect.yaml in `c:\Users\user\.gemini\antigravity-ide\scratch\mesma-website\dataconnect`
 {"metadata":{"emulator":{"name":"dataconnect"},"message":"E0609 14:34:24.050023    8732 watch.go:40] Failed to load config from \"c:\\\\Users\\\\user\\\\.gemini\\\\antigravity-ide\\\\scratch\\\\mesma-website\\\\dataconnect\": could not find dataconnect.yaml in `c:\\Users\\user\\.gemini\\antigravity-ide\\scratch\\mesma-website\\dataconnect`\n"}}
[debug] [2026-06-09T11:34:34.049Z] E0609 14:34:34.049896    8732 watch.go:116] watchAllDir unable to walk dir `c:\Users\user\.gemini\antigravity-ide\scratch\mesma-website\dataconnect`: GetFileAttributesEx c:\Users\user\.gemini\antigravity-ide\scratch\mesma-website\dataconnect: The system cannot find the file specified.
 {"metadata":{"emulator":{"name":"dataconnect"},"message":"E0609 14:34:34.049896    8732 watch.go:116] watchAllDir unable to walk dir `c:\\Users\\user\\.gemini\\antigravity-ide\\scratch\\mesma-website\\dataconnect`: GetFileAttributesEx c:\\Users\\user\\.gemini\\antigravity-ide\\scratch\\mesma-website\\dataconnect: The system cannot find the file specified.\n"}}
[debug] [2026-06-09T11:34:34.050Z] E0609 14:34:34.049896    8732 watch.go:40] Failed to load config from "c:\\Users\\user\\.gemini\\antigravity-ide\\scratch\\mesma-website\\dataconnect": could not find dataconnect.yaml in `c:\Users\user\.gemini\antigravity-ide\scratch\mesma-website\dataconnect`
 {"metadata":{"emulator":{"name":"dataconnect"},"message":"E0609 14:34:34.049896    8732 watch.go:40] Failed to load config from \"c:\\\\Users\\\\user\\\\.gemini\\\\antigravity-ide\\\\scratch\\\\mesma-website\\\\dataconnect\": could not find dataconnect.yaml in `c:\\Users\\user\\.gemini\\antigravity-ide\\scratch\\mesma-website\\dataconnect`\n"}}
[debug] [2026-06-09T11:34:44.051Z] E0609 14:34:44.050450    8732 watch.go:40] Failed to load config from "c:\\Users\\user\\.gemini\\antigravity-ide\\scratch\\mesma-website\\dataconnect": could not find dataconnect.yaml in `c:\Users\user\.gemini\antigravity-ide\scratch\mesma-website\dataconnect`
 {"metadata":{"emulator":{"name":"dataconnect"},"message":"E0609 14:34:44.050450    8732 watch.go:40] Failed to load config from \"c:\\\\Users\\\\user\\\\.gemini\\\\antigravity-ide\\\\scratch\\\\mesma-website\\\\dataconnect\": could not find dataconnect.yaml in `c:\\Users\\user\\.gemini\\antigravity-ide\\scratch\\mesma-website\\dataconnect`\n"}}
[debug] [2026-06-09T11:34:54.050Z] E0609 14:34:54.050309    8732 watch.go:40] Failed to load config from "c:\\Users\\user\\.gemini\\antigravity-ide\\scratch\\mesma-website\\dataconnect": could not find dataconnect.yaml in `c:\Users\user\.gemini\antigravity-ide\scratch\mesma-website\dataconnect`
 {"metadata":{"emulator":{"name":"dataconnect"},"message":"E0609 14:34:54.050309    8732 watch.go:40] Failed to load config from \"c:\\\\Users\\\\user\\\\.gemini\\\\antigravity-ide\\\\scratch\\\\mesma-website\\\\dataconnect\": could not find dataconnect.yaml in `c:\\Users\\user\\.gemini\\antigravity-ide\\scratch\\mesma-website\\dataconnect`\n"}}
[debug] [2026-06-09T11:35:04.053Z] E0609 14:35:04.052439    8732 watch.go:40] Failed to load config from "c:\\Users\\user\\.gemini\\antigravity-ide\\scratch\\mesma-website\\dataconnect": could not find dataconnect.yaml in `c:\Users\user\.gemini\antigravity-ide\scratch\mesma-website\dataconnect`
 {"metadata":{"emulator":{"name":"dataconnect"},"message":"E0609 14:35:04.052439    8732 watch.go:40] Failed to load config from \"c:\\\\Users\\\\user\\\\.gemini\\\\antigravity-ide\\\\scratch\\\\mesma-website\\\\dataconnect\": could not find dataconnect.yaml in `c:\\Users\\user\\.gemini\\antigravity-ide\\scratch\\mesma-website\\dataconnect`\n"}}
[debug] [2026-06-09T11:35:14.050Z] E0609 14:35:14.050165    8732 watch.go:40] Failed to load config from "c:\\Users\\user\\.gemini\\antigravity-ide\\scratch\\mesma-website\\dataconnect": could not find dataconnect.yaml in `c:\Users\user\.gemini\antigravity-ide\scratch\mesma-website\dataconnect`
 {"metadata":{"emulator":{"name":"dataconnect"},"message":"E0609 14:35:14.050165    8732 watch.go:40] Failed to load config from \"c:\\\\Users\\\\user\\\\.gemini\\\\antigravity-ide\\\\scratch\\\\mesma-website\\\\dataconnect\": could not find dataconnect.yaml in `c:\\Users\\user\\.gemini\\antigravity-ide\\scratch\\mesma-website\\dataconnect`\n"}}
[debug] [2026-06-09T11:35:24.051Z] E0609 14:35:24.050009    8732 watch.go:40] Failed to load config from "c:\\Users\\user\\.gemini\\antigravity-ide\\scratch\\mesma-website\\dataconnect": could not find dataconnect.yaml in `c:\Users\user\.gemini\antigravity-ide\scratch\mesma-website\dataconnect`
 {"metadata":{"emulator":{"name":"dataconnect"},"message":"E0609 14:35:24.050009    8732 watch.go:40] Failed to load config from \"c:\\\\Users\\\\user\\\\.gemini\\\\antigravity-ide\\\\scratch\\\\mesma-website\\\\dataconnect\": could not find dataconnect.yaml in `c:\\Users\\user\\.gemini\\antigravity-ide\\scratch\\mesma-website\\dataconnect`\n"}}
[debug] [2026-06-09T11:35:34.050Z] E0609 14:35:34.049707    8732 watch.go:116] watchAllDir unable to walk dir `c:\Users\user\.gemini\antigravity-ide\scratch\mesma-website\dataconnect`: GetFileAttributesEx c:\Users\user\.gemini\antigravity-ide\scratch\mesma-website\dataconnect: The system cannot find the file specified.
E0609 14:35:34.049707    8732 watch.go:40] Failed to load config from "c:\\Users\\user\\.gemini\\antigravity-ide\\scratch\\mesma-website\\dataconnect": could not find dataconnect.yaml in `c:\Users\user\.gemini\antigravity-ide\scratch\mesma-website\dataconnect`
 {"metadata":{"emulator":{"name":"dataconnect"},"message":"E0609 14:35:34.049707    8732 watch.go:116] watchAllDir unable to walk dir `c:\\Users\\user\\.gemini\\antigravity-ide\\scratch\\mesma-website\\dataconnect`: GetFileAttributesEx c:\\Users\\user\\.gemini\\antigravity-ide\\scratch\\mesma-website\\dataconnect: The system cannot find the file specified.\nE0609 14:35:34.049707    8732 watch.go:40] Failed to load config from \"c:\\\\Users\\\\user\\\\.gemini\\\\antigravity-ide\\\\scratch\\\\mesma-website\\\\dataconnect\": could not find dataconnect.yaml in `c:\\Users\\user\\.gemini\\antigravity-ide\\scratch\\mesma-website\\dataconnect`\n"}}
[debug] [2026-06-09T11:35:44.050Z] E0609 14:35:44.050321    8732 watch.go:40] Failed to load config from "c:\\Users\\user\\.gemini\\antigravity-ide\\scratch\\mesma-website\\dataconnect": could not find dataconnect.yaml in `c:\Users\user\.gemini\antigravity-ide\scratch\mesma-website\dataconnect`
 {"metadata":{"emulator":{"name":"dataconnect"},"message":"E0609 14:35:44.050321    8732 watch.go:40] Failed to load config from \"c:\\\\Users\\\\user\\\\.gemini\\\\antigravity-ide\\\\scratch\\\\mesma-website\\\\dataconnect\": could not find dataconnect.yaml in `c:\\Users\\user\\.gemini\\antigravity-ide\\scratch\\mesma-website\\dataconnect`\n"}}
[debug] [2026-06-09T11:35:54.050Z] E0609 14:35:54.049805    8732 watch.go:40] Failed to load config from "c:\\Users\\user\\.gemini\\antigravity-ide\\scratch\\mesma-website\\dataconnect": could not find dataconnect.yaml in `c:\Users\user\.gemini\antigravity-ide\scratch\mesma-website\dataconnect`
 {"metadata":{"emulator":{"name":"dataconnect"},"message":"E0609 14:35:54.049805    8732 watch.go:40] Failed to load config from \"c:\\\\Users\\\\user\\\\.gemini\\\\antigravity-ide\\\\scratch\\\\mesma-website\\\\dataconnect\": could not find dataconnect.yaml in `c:\\Users\\user\\.gemini\\antigravity-ide\\scratch\\mesma-website\\dataconnect`\n"}}
[debug] [2026-06-09T11:36:04.050Z] E0609 14:36:04.050172    8732 watch.go:40] Failed to load config from "c:\\Users\\user\\.gemini\\antigravity-ide\\scratch\\mesma-website\\dataconnect": could not find dataconnect.yaml in `c:\Users\user\.gemini\antigravity-ide\scratch\mesma-website\dataconnect`
 {"metadata":{"emulator":{"name":"dataconnect"},"message":"E0609 14:36:04.050172    8732 watch.go:40] Failed to load config from \"c:\\\\Users\\\\user\\\\.gemini\\\\antigravity-ide\\\\scratch\\\\mesma-website\\\\dataconnect\": could not find dataconnect.yaml in `c:\\Users\\user\\.gemini\\antigravity-ide\\scratch\\mesma-website\\dataconnect`\n"}}
[debug] [2026-06-09T11:36:14.050Z] E0609 14:36:14.050155    8732 watch.go:40] Failed to load config from "c:\\Users\\user\\.gemini\\antigravity-ide\\scratch\\mesma-website\\dataconnect": could not find dataconnect.yaml in `c:\Users\user\.gemini\antigravity-ide\scratch\mesma-website\dataconnect`
 {"metadata":{"emulator":{"name":"dataconnect"},"message":"E0609 14:36:14.050155    8732 watch.go:40] Failed to load config from \"c:\\\\Users\\\\user\\\\.gemini\\\\antigravity-ide\\\\scratch\\\\mesma-website\\\\dataconnect\": could not find dataconnect.yaml in `c:\\Users\\user\\.gemini\\antigravity-ide\\scratch\\mesma-website\\dataconnect`\n"}}
[debug] [2026-06-09T11:36:24.050Z] E0609 14:36:24.050241    8732 watch.go:40] Failed to load config from "c:\\Users\\user\\.gemini\\antigravity-ide\\scratch\\mesma-website\\dataconnect": could not find dataconnect.yaml in `c:\Users\user\.gemini\antigravity-ide\scratch\mesma-website\dataconnect`
 {"metadata":{"emulator":{"name":"dataconnect"},"message":"E0609 14:36:24.050241    8732 watch.go:40] Failed to load config from \"c:\\\\Users\\\\user\\\\.gemini\\\\antigravity-ide\\\\scratch\\\\mesma-website\\\\dataconnect\": could not find dataconnect.yaml in `c:\\Users\\user\\.gemini\\antigravity-ide\\scratch\\mesma-website\\dataconnect`\n"}}
[debug] [2026-06-09T11:36:34.050Z] E0609 14:36:34.049876    8732 watch.go:116] watchAllDir unable to walk dir `c:\Users\user\.gemini\antigravity-ide\scratch\mesma-website\dataconnect`: GetFileAttributesEx c:\Users\user\.gemini\antigravity-ide\scratch\mesma-website\dataconnect: The system cannot find the file specified.
 {"metadata":{"emulator":{"name":"dataconnect"},"message":"E0609 14:36:34.049876    8732 watch.go:116] watchAllDir unable to walk dir `c:\\Users\\user\\.gemini\\antigravity-ide\\scratch\\mesma-website\\dataconnect`: GetFileAttributesEx c:\\Users\\user\\.gemini\\antigravity-ide\\scratch\\mesma-website\\dataconnect: The system cannot find the file specified.\n"}}
[debug] [2026-06-09T11:36:34.051Z] E0609 14:36:34.050680    8732 watch.go:40] Failed to load config from "c:\\Users\\user\\.gemini\\antigravity-ide\\scratch\\mesma-website\\dataconnect": could not find dataconnect.yaml in `c:\Users\user\.gemini\antigravity-ide\scratch\mesma-website\dataconnect`
 {"metadata":{"emulator":{"name":"dataconnect"},"message":"E0609 14:36:34.050680    8732 watch.go:40] Failed to load config from \"c:\\\\Users\\\\user\\\\.gemini\\\\antigravity-ide\\\\scratch\\\\mesma-website\\\\dataconnect\": could not find dataconnect.yaml in `c:\\Users\\user\\.gemini\\antigravity-ide\\scratch\\mesma-website\\dataconnect`\n"}}
[debug] [2026-06-09T11:36:44.050Z] E0609 14:36:44.049929    8732 watch.go:40] Failed to load config from "c:\\Users\\user\\.gemini\\antigravity-ide\\scratch\\mesma-website\\dataconnect": could not find dataconnect.yaml in `c:\Users\user\.gemini\antigravity-ide\scratch\mesma-website\dataconnect`
 {"metadata":{"emulator":{"name":"dataconnect"},"message":"E0609 14:36:44.049929    8732 watch.go:40] Failed to load config from \"c:\\\\Users\\\\user\\\\.gemini\\\\antigravity-ide\\\\scratch\\\\mesma-website\\\\dataconnect\": could not find dataconnect.yaml in `c:\\Users\\user\\.gemini\\antigravity-ide\\scratch\\mesma-website\\dataconnect`\n"}}
[debug] [2026-06-09T11:36:54.050Z] E0609 14:36:54.050233    8732 watch.go:40] Failed to load config from "c:\\Users\\user\\.gemini\\antigravity-ide\\scratch\\mesma-website\\dataconnect": could not find dataconnect.yaml in `c:\Users\user\.gemini\antigravity-ide\scratch\mesma-website\dataconnect`
 {"metadata":{"emulator":{"name":"dataconnect"},"message":"E0609 14:36:54.050233    8732 watch.go:40] Failed to load config from \"c:\\\\Users\\\\user\\\\.gemini\\\\antigravity-ide\\\\scratch\\\\mesma-website\\\\dataconnect\": could not find dataconnect.yaml in `c:\\Users\\user\\.gemini\\antigravity-ide\\scratch\\mesma-website\\dataconnect`\n"}}
[debug] [2026-06-09T11:37:04.049Z] E0609 14:37:04.049684    8732 watch.go:40] Failed to load config from "c:\\Users\\user\\.gemini\\antigravity-ide\\scratch\\mesma-website\\dataconnect": could not find dataconnect.yaml in `c:\Users\user\.gemini\antigravity-ide\scratch\mesma-website\dataconnect`
 {"metadata":{"emulator":{"name":"dataconnect"},"message":"E0609 14:37:04.049684    8732 watch.go:40] Failed to load config from \"c:\\\\Users\\\\user\\\\.gemini\\\\antigravity-ide\\\\scratch\\\\mesma-website\\\\dataconnect\": could not find dataconnect.yaml in `c:\\Users\\user\\.gemini\\antigravity-ide\\scratch\\mesma-website\\dataconnect`\n"}}
[debug] [2026-06-09T11:37:14.050Z] E0609 14:37:14.049996    8732 watch.go:40] Failed to load config from "c:\\Users\\user\\.gemini\\antigravity-ide\\scratch\\mesma-website\\dataconnect": could not find dataconnect.yaml in `c:\Users\user\.gemini\antigravity-ide\scratch\mesma-website\dataconnect`
 {"metadata":{"emulator":{"name":"dataconnect"},"message":"E0609 14:37:14.049996    8732 watch.go:40] Failed to load config from \"c:\\\\Users\\\\user\\\\.gemini\\\\antigravity-ide\\\\scratch\\\\mesma-website\\\\dataconnect\": could not find dataconnect.yaml in `c:\\Users\\user\\.gemini\\antigravity-ide\\scratch\\mesma-website\\dataconnect`\n"}}
[debug] [2026-06-09T11:37:24.050Z] E0609 14:37:24.050140    8732 watch.go:40] Failed to load config from "c:\\Users\\user\\.gemini\\antigravity-ide\\scratch\\mesma-website\\dataconnect": could not find dataconnect.yaml in `c:\Users\user\.gemini\antigravity-ide\scratch\mesma-website\dataconnect`
 {"metadata":{"emulator":{"name":"dataconnect"},"message":"E0609 14:37:24.050140    8732 watch.go:40] Failed to load config from \"c:\\\\Users\\\\user\\\\.gemini\\\\antigravity-ide\\\\scratch\\\\mesma-website\\\\dataconnect\": could not find dataconnect.yaml in `c:\\Users\\user\\.gemini\\antigravity-ide\\scratch\\mesma-website\\dataconnect`\n"}}
[debug] [2026-06-09T11:37:34.049Z] E0609 14:37:34.049664    8732 watch.go:116] watchAllDir unable to walk dir `c:\Users\user\.gemini\antigravity-ide\scratch\mesma-website\dataconnect`: GetFileAttributesEx c:\Users\user\.gemini\antigravity-ide\scratch\mesma-website\dataconnect: The system cannot find the file specified.
 {"metadata":{"emulator":{"name":"dataconnect"},"message":"E0609 14:37:34.049664    8732 watch.go:116] watchAllDir unable to walk dir `c:\\Users\\user\\.gemini\\antigravity-ide\\scratch\\mesma-website\\dataconnect`: GetFileAttributesEx c:\\Users\\user\\.gemini\\antigravity-ide\\scratch\\mesma-website\\dataconnect: The system cannot find the file specified.\n"}}
[debug] [2026-06-09T11:37:34.049Z] E0609 14:37:34.049664    8732 watch.go:40] Failed to load config from "c:\\Users\\user\\.gemini\\antigravity-ide\\scratch\\mesma-website\\dataconnect": could not find dataconnect.yaml in `c:\Users\user\.gemini\antigravity-ide\scratch\mesma-website\dataconnect`
 {"metadata":{"emulator":{"name":"dataconnect"},"message":"E0609 14:37:34.049664    8732 watch.go:40] Failed to load config from \"c:\\\\Users\\\\user\\\\.gemini\\\\antigravity-ide\\\\scratch\\\\mesma-website\\\\dataconnect\": could not find dataconnect.yaml in `c:\\Users\\user\\.gemini\\antigravity-ide\\scratch\\mesma-website\\dataconnect`\n"}}
[debug] [2026-06-09T11:37:44.049Z] E0609 14:37:44.050120    8732 watch.go:40] Failed to load config from "c:\\Users\\user\\.gemini\\antigravity-ide\\scratch\\mesma-website\\dataconnect": could not find dataconnect.yaml in `c:\Users\user\.gemini\antigravity-ide\scratch\mesma-website\dataconnect`
 {"metadata":{"emulator":{"name":"dataconnect"},"message":"E0609 14:37:44.050120    8732 watch.go:40] Failed to load config from \"c:\\\\Users\\\\user\\\\.gemini\\\\antigravity-ide\\\\scratch\\\\mesma-website\\\\dataconnect\": could not find dataconnect.yaml in `c:\\Users\\user\\.gemini\\antigravity-ide\\scratch\\mesma-website\\dataconnect`\n"}}
[debug] [2026-06-09T11:37:54.049Z] E0609 14:37:54.049784    8732 watch.go:40] Failed to load config from "c:\\Users\\user\\.gemini\\antigravity-ide\\scratch\\mesma-website\\dataconnect": could not find dataconnect.yaml in `c:\Users\user\.gemini\antigravity-ide\scratch\mesma-website\dataconnect`
 {"metadata":{"emulator":{"name":"dataconnect"},"message":"E0609 14:37:54.049784    8732 watch.go:40] Failed to load config from \"c:\\\\Users\\\\user\\\\.gemini\\\\antigravity-ide\\\\scratch\\\\mesma-website\\\\dataconnect\": could not find dataconnect.yaml in `c:\\Users\\user\\.gemini\\antigravity-ide\\scratch\\mesma-website\\dataconnect`\n"}}
[debug] [2026-06-09T11:38:04.050Z] E0609 14:38:04.050589    8732 watch.go:40] Failed to load config from "c:\\Users\\user\\.gemini\\antigravity-ide\\scratch\\mesma-website\\dataconnect": could not find dataconnect.yaml in `c:\Users\user\.gemini\antigravity-ide\scratch\mesma-website\dataconnect`
 {"metadata":{"emulator":{"name":"dataconnect"},"message":"E0609 14:38:04.050589    8732 watch.go:40] Failed to load config from \"c:\\\\Users\\\\user\\\\.gemini\\\\antigravity-ide\\\\scratch\\\\mesma-website\\\\dataconnect\": could not find dataconnect.yaml in `c:\\Users\\user\\.gemini\\antigravity-ide\\scratch\\mesma-website\\dataconnect`\n"}}
[debug] [2026-06-09T11:38:14.050Z] E0609 14:38:14.050584    8732 watch.go:40] Failed to load config from "c:\\Users\\user\\.gemini\\antigravity-ide\\scratch\\mesma-website\\dataconnect": could not find dataconnect.yaml in `c:\Users\user\.gemini\antigravity-ide\scratch\mesma-website\dataconnect`
 {"metadata":{"emulator":{"name":"dataconnect"},"message":"E0609 14:38:14.050584    8732 watch.go:40] Failed to load config from \"c:\\\\Users\\\\user\\\\.gemini\\\\antigravity-ide\\\\scratch\\\\mesma-website\\\\dataconnect\": could not find dataconnect.yaml in `c:\\Users\\user\\.gemini\\antigravity-ide\\scratch\\mesma-website\\dataconnect`\n"}}
[debug] [2026-06-09T11:38:24.050Z] E0609 14:38:24.050341    8732 watch.go:40] Failed to load config from "c:\\Users\\user\\.gemini\\antigravity-ide\\scratch\\mesma-website\\dataconnect": could not find dataconnect.yaml in `c:\Users\user\.gemini\antigravity-ide\scratch\mesma-website\dataconnect`
 {"metadata":{"emulator":{"name":"dataconnect"},"message":"E0609 14:38:24.050341    8732 watch.go:40] Failed to load config from \"c:\\\\Users\\\\user\\\\.gemini\\\\antigravity-ide\\\\scratch\\\\mesma-website\\\\dataconnect\": could not find dataconnect.yaml in `c:\\Users\\user\\.gemini\\antigravity-ide\\scratch\\mesma-website\\dataconnect`\n"}}
[debug] [2026-06-09T11:38:34.049Z] E0609 14:38:34.050032    8732 watch.go:116] watchAllDir unable to walk dir `c:\Users\user\.gemini\antigravity-ide\scratch\mesma-website\dataconnect`: GetFileAttributesEx c:\Users\user\.gemini\antigravity-ide\scratch\mesma-website\dataconnect: The system cannot find the file specified.
E0609 14:38:34.050032    8732 watch.go:40] Failed to load config from "c:\\Users\\user\\.gemini\\antigravity-ide\\scratch\\mesma-website\\dataconnect": could not find dataconnect.yaml in `c:\Users\user\.gemini\antigravity-ide\scratch\mesma-website\dataconnect`
 {"metadata":{"emulator":{"name":"dataconnect"},"message":"E0609 14:38:34.050032    8732 watch.go:116] watchAllDir unable to walk dir `c:\\Users\\user\\.gemini\\antigravity-ide\\scratch\\mesma-website\\dataconnect`: GetFileAttributesEx c:\\Users\\user\\.gemini\\antigravity-ide\\scratch\\mesma-website\\dataconnect: The system cannot find the file specified.\nE0609 14:38:34.050032    8732 watch.go:40] Failed to load config from \"c:\\\\Users\\\\user\\\\.gemini\\\\antigravity-ide\\\\scratch\\\\mesma-website\\\\dataconnect\": could not find dataconnect.yaml in `c:\\Users\\user\\.gemini\\antigravity-ide\\scratch\\mesma-website\\dataconnect`\n"}}
[debug] [2026-06-09T11:38:44.051Z] E0609 14:38:44.050811    8732 watch.go:40] Failed to load config from "c:\\Users\\user\\.gemini\\antigravity-ide\\scratch\\mesma-website\\dataconnect": could not find dataconnect.yaml in `c:\Users\user\.gemini\antigravity-ide\scratch\mesma-website\dataconnect`
 {"metadata":{"emulator":{"name":"dataconnect"},"message":"E0609 14:38:44.050811    8732 watch.go:40] Failed to load config from \"c:\\\\Users\\\\user\\\\.gemini\\\\antigravity-ide\\\\scratch\\\\mesma-website\\\\dataconnect\": could not find dataconnect.yaml in `c:\\Users\\user\\.gemini\\antigravity-ide\\scratch\\mesma-website\\dataconnect`\n"}}
[debug] [2026-06-09T11:38:54.050Z] E0609 14:38:54.050037    8732 watch.go:40] Failed to load config from "c:\\Users\\user\\.gemini\\antigravity-ide\\scratch\\mesma-website\\dataconnect": could not find dataconnect.yaml in `c:\Users\user\.gemini\antigravity-ide\scratch\mesma-website\dataconnect`
 {"metadata":{"emulator":{"name":"dataconnect"},"message":"E0609 14:38:54.050037    8732 watch.go:40] Failed to load config from \"c:\\\\Users\\\\user\\\\.gemini\\\\antigravity-ide\\\\scratch\\\\mesma-website\\\\dataconnect\": could not find dataconnect.yaml in `c:\\Users\\user\\.gemini\\antigravity-ide\\scratch\\mesma-website\\dataconnect`\n"}}
[debug] [2026-06-09T11:39:04.050Z] E0609 14:39:04.050499    8732 watch.go:40] Failed to load config from "c:\\Users\\user\\.gemini\\antigravity-ide\\scratch\\mesma-website\\dataconnect": could not find dataconnect.yaml in `c:\Users\user\.gemini\antigravity-ide\scratch\mesma-website\dataconnect`
 {"metadata":{"emulator":{"name":"dataconnect"},"message":"E0609 14:39:04.050499    8732 watch.go:40] Failed to load config from \"c:\\\\Users\\\\user\\\\.gemini\\\\antigravity-ide\\\\scratch\\\\mesma-website\\\\dataconnect\": could not find dataconnect.yaml in `c:\\Users\\user\\.gemini\\antigravity-ide\\scratch\\mesma-website\\dataconnect`\n"}}
[debug] [2026-06-09T11:39:14.049Z] E0609 14:39:14.049745    8732 watch.go:40] Failed to load config from "c:\\Users\\user\\.gemini\\antigravity-ide\\scratch\\mesma-website\\dataconnect": could not find dataconnect.yaml in `c:\Users\user\.gemini\antigravity-ide\scratch\mesma-website\dataconnect`
 {"metadata":{"emulator":{"name":"dataconnect"},"message":"E0609 14:39:14.049745    8732 watch.go:40] Failed to load config from \"c:\\\\Users\\\\user\\\\.gemini\\\\antigravity-ide\\\\scratch\\\\mesma-website\\\\dataconnect\": could not find dataconnect.yaml in `c:\\Users\\user\\.gemini\\antigravity-ide\\scratch\\mesma-website\\dataconnect`\n"}}
[debug] [2026-06-09T11:39:24.050Z] E0609 14:39:24.049666    8732 watch.go:40] Failed to load config from "c:\\Users\\user\\.gemini\\antigravity-ide\\scratch\\mesma-website\\dataconnect": could not find dataconnect.yaml in `c:\Users\user\.gemini\antigravity-ide\scratch\mesma-website\dataconnect`
 {"metadata":{"emulator":{"name":"dataconnect"},"message":"E0609 14:39:24.049666    8732 watch.go:40] Failed to load config from \"c:\\\\Users\\\\user\\\\.gemini\\\\antigravity-ide\\\\scratch\\\\mesma-website\\\\dataconnect\": could not find dataconnect.yaml in `c:\\Users\\user\\.gemini\\antigravity-ide\\scratch\\mesma-website\\dataconnect`\n"}}
[debug] [2026-06-09T11:39:34.050Z] E0609 14:39:34.049883    8732 watch.go:116] watchAllDir unable to walk dir `c:\Users\user\.gemini\antigravity-ide\scratch\mesma-website\dataconnect`: GetFileAttributesEx c:\Users\user\.gemini\antigravity-ide\scratch\mesma-website\dataconnect: The system cannot find the file specified.
E0609 14:39:34.049883    8732 watch.go:40] Failed to load config from "c:\\Users\\user\\.gemini\\antigravity-ide\\scratch\\mesma-website\\dataconnect": could not find dataconnect.yaml in `c:\Users\user\.gemini\antigravity-ide\scratch\mesma-website\dataconnect`
 {"metadata":{"emulator":{"name":"dataconnect"},"message":"E0609 14:39:34.049883    8732 watch.go:116] watchAllDir unable to walk dir `c:\\Users\\user\\.gemini\\antigravity-ide\\scratch\\mesma-website\\dataconnect`: GetFileAttributesEx c:\\Users\\user\\.gemini\\antigravity-ide\\scratch\\mesma-website\\dataconnect: The system cannot find the file specified.\nE0609 14:39:34.049883    8732 watch.go:40] Failed to load config from \"c:\\\\Users\\\\user\\\\.gemini\\\\antigravity-ide\\\\scratch\\\\mesma-website\\\\dataconnect\": could not find dataconnect.yaml in `c:\\Users\\user\\.gemini\\antigravity-ide\\scratch\\mesma-website\\dataconnect`\n"}}
[debug] [2026-06-09T11:39:44.050Z] E0609 14:39:44.050349    8732 watch.go:40] Failed to load config from "c:\\Users\\user\\.gemini\\antigravity-ide\\scratch\\mesma-website\\dataconnect": could not find dataconnect.yaml in `c:\Users\user\.gemini\antigravity-ide\scratch\mesma-website\dataconnect`
 {"metadata":{"emulator":{"name":"dataconnect"},"message":"E0609 14:39:44.050349    8732 watch.go:40] Failed to load config from \"c:\\\\Users\\\\user\\\\.gemini\\\\antigravity-ide\\\\scratch\\\\mesma-website\\\\dataconnect\": could not find dataconnect.yaml in `c:\\Users\\user\\.gemini\\antigravity-ide\\scratch\\mesma-website\\dataconnect`\n"}}
[debug] [2026-06-09T11:39:54.050Z] E0609 14:39:54.049815    8732 watch.go:40] Failed to load config from "c:\\Users\\user\\.gemini\\antigravity-ide\\scratch\\mesma-website\\dataconnect": could not find dataconnect.yaml in `c:\Users\user\.gemini\antigravity-ide\scratch\mesma-website\dataconnect`
 {"metadata":{"emulator":{"name":"dataconnect"},"message":"E0609 14:39:54.049815    8732 watch.go:40] Failed to load config from \"c:\\\\Users\\\\user\\\\.gemini\\\\antigravity-ide\\\\scratch\\\\mesma-website\\\\dataconnect\": could not find dataconnect.yaml in `c:\\Users\\user\\.gemini\\antigravity-ide\\scratch\\mesma-website\\dataconnect`\n"}}
[debug] [2026-06-09T11:40:04.050Z] E0609 14:40:04.049672    8732 watch.go:40] Failed to load config from "c:\\Users\\user\\.gemini\\antigravity-ide\\scratch\\mesma-website\\dataconnect": could not find dataconnect.yaml in `c:\Users\user\.gemini\antigravity-ide\scratch\mesma-website\dataconnect`
 {"metadata":{"emulator":{"name":"dataconnect"},"message":"E0609 14:40:04.049672    8732 watch.go:40] Failed to load config from \"c:\\\\Users\\\\user\\\\.gemini\\\\antigravity-ide\\\\scratch\\\\mesma-website\\\\dataconnect\": could not find dataconnect.yaml in `c:\\Users\\user\\.gemini\\antigravity-ide\\scratch\\mesma-website\\dataconnect`\n"}}
[debug] [2026-06-09T11:40:14.051Z] E0609 14:40:14.051000    8732 watch.go:40] Failed to load config from "c:\\Users\\user\\.gemini\\antigravity-ide\\scratch\\mesma-website\\dataconnect": could not find dataconnect.yaml in `c:\Users\user\.gemini\antigravity-ide\scratch\mesma-website\dataconnect`
 {"metadata":{"emulator":{"name":"dataconnect"},"message":"E0609 14:40:14.051000    8732 watch.go:40] Failed to load config from \"c:\\\\Users\\\\user\\\\.gemini\\\\antigravity-ide\\\\scratch\\\\mesma-website\\\\dataconnect\": could not find dataconnect.yaml in `c:\\Users\\user\\.gemini\\antigravity-ide\\scratch\\mesma-website\\dataconnect`\n"}}
[debug] [2026-06-09T11:40:24.050Z] E0609 14:40:24.050408    8732 watch.go:40] Failed to load config from "c:\\Users\\user\\.gemini\\antigravity-ide\\scratch\\mesma-website\\dataconnect": could not find dataconnect.yaml in `c:\Users\user\.gemini\antigravity-ide\scratch\mesma-website\dataconnect`
 {"metadata":{"emulator":{"name":"dataconnect"},"message":"E0609 14:40:24.050408    8732 watch.go:40] Failed to load config from \"c:\\\\Users\\\\user\\\\.gemini\\\\antigravity-ide\\\\scratch\\\\mesma-website\\\\dataconnect\": could not find dataconnect.yaml in `c:\\Users\\user\\.gemini\\antigravity-ide\\scratch\\mesma-website\\dataconnect`\n"}}
[debug] [2026-06-09T11:40:34.050Z] E0609 14:40:34.049829    8732 watch.go:116] watchAllDir unable to walk dir `c:\Users\user\.gemini\antigravity-ide\scratch\mesma-website\dataconnect`: GetFileAttributesEx c:\Users\user\.gemini\antigravity-ide\scratch\mesma-website\dataconnect: The system cannot find the file specified.
 {"metadata":{"emulator":{"name":"dataconnect"},"message":"E0609 14:40:34.049829    8732 watch.go:116] watchAllDir unable to walk dir `c:\\Users\\user\\.gemini\\antigravity-ide\\scratch\\mesma-website\\dataconnect`: GetFileAttributesEx c:\\Users\\user\\.gemini\\antigravity-ide\\scratch\\mesma-website\\dataconnect: The system cannot find the file specified.\n"}}
[debug] [2026-06-09T11:40:34.050Z] E0609 14:40:34.049829    8732 watch.go:40] Failed to load config from "c:\\Users\\user\\.gemini\\antigravity-ide\\scratch\\mesma-website\\dataconnect": could not find dataconnect.yaml in `c:\Users\user\.gemini\antigravity-ide\scratch\mesma-website\dataconnect`
 {"metadata":{"emulator":{"name":"dataconnect"},"message":"E0609 14:40:34.049829    8732 watch.go:40] Failed to load config from \"c:\\\\Users\\\\user\\\\.gemini\\\\antigravity-ide\\\\scratch\\\\mesma-website\\\\dataconnect\": could not find dataconnect.yaml in `c:\\Users\\user\\.gemini\\antigravity-ide\\scratch\\mesma-website\\dataconnect`\n"}}
[debug] [2026-06-09T11:40:44.050Z] E0609 14:40:44.049798    8732 watch.go:40] Failed to load config from "c:\\Users\\user\\.gemini\\antigravity-ide\\scratch\\mesma-website\\dataconnect": could not find dataconnect.yaml in `c:\Users\user\.gemini\antigravity-ide\scratch\mesma-website\dataconnect`
 {"metadata":{"emulator":{"name":"dataconnect"},"message":"E0609 14:40:44.049798    8732 watch.go:40] Failed to load config from \"c:\\\\Users\\\\user\\\\.gemini\\\\antigravity-ide\\\\scratch\\\\mesma-website\\\\dataconnect\": could not find dataconnect.yaml in `c:\\Users\\user\\.gemini\\antigravity-ide\\scratch\\mesma-website\\dataconnect`\n"}}
[debug] [2026-06-09T11:40:54.050Z] E0609 14:40:54.049776    8732 watch.go:40] Failed to load config from "c:\\Users\\user\\.gemini\\antigravity-ide\\scratch\\mesma-website\\dataconnect": could not find dataconnect.yaml in `c:\Users\user\.gemini\antigravity-ide\scratch\mesma-website\dataconnect`
 {"metadata":{"emulator":{"name":"dataconnect"},"message":"E0609 14:40:54.049776    8732 watch.go:40] Failed to load config from \"c:\\\\Users\\\\user\\\\.gemini\\\\antigravity-ide\\\\scratch\\\\mesma-website\\\\dataconnect\": could not find dataconnect.yaml in `c:\\Users\\user\\.gemini\\antigravity-ide\\scratch\\mesma-website\\dataconnect`\n"}}
[debug] [2026-06-09T11:41:04.050Z] E0609 14:41:04.049821    8732 watch.go:40] Failed to load config from "c:\\Users\\user\\.gemini\\antigravity-ide\\scratch\\mesma-website\\dataconnect": could not find dataconnect.yaml in `c:\Users\user\.gemini\antigravity-ide\scratch\mesma-website\dataconnect`
 {"metadata":{"emulator":{"name":"dataconnect"},"message":"E0609 14:41:04.049821    8732 watch.go:40] Failed to load config from \"c:\\\\Users\\\\user\\\\.gemini\\\\antigravity-ide\\\\scratch\\\\mesma-website\\\\dataconnect\": could not find dataconnect.yaml in `c:\\Users\\user\\.gemini\\antigravity-ide\\scratch\\mesma-website\\dataconnect`\n"}}
[debug] [2026-06-09T11:41:14.053Z] E0609 14:41:14.052792    8732 watch.go:40] Failed to load config from "c:\\Users\\user\\.gemini\\antigravity-ide\\scratch\\mesma-website\\dataconnect": could not find dataconnect.yaml in `c:\Users\user\.gemini\antigravity-ide\scratch\mesma-website\dataconnect`
 {"metadata":{"emulator":{"name":"dataconnect"},"message":"E0609 14:41:14.052792    8732 watch.go:40] Failed to load config from \"c:\\\\Users\\\\user\\\\.gemini\\\\antigravity-ide\\\\scratch\\\\mesma-website\\\\dataconnect\": could not find dataconnect.yaml in `c:\\Users\\user\\.gemini\\antigravity-ide\\scratch\\mesma-website\\dataconnect`\n"}}
[debug] [2026-06-09T11:41:24.051Z] E0609 14:41:24.050735    8732 watch.go:40] Failed to load config from "c:\\Users\\user\\.gemini\\antigravity-ide\\scratch\\mesma-website\\dataconnect": could not find dataconnect.yaml in `c:\Users\user\.gemini\antigravity-ide\scratch\mesma-website\dataconnect`
 {"metadata":{"emulator":{"name":"dataconnect"},"message":"E0609 14:41:24.050735    8732 watch.go:40] Failed to load config from \"c:\\\\Users\\\\user\\\\.gemini\\\\antigravity-ide\\\\scratch\\\\mesma-website\\\\dataconnect\": could not find dataconnect.yaml in `c:\\Users\\user\\.gemini\\antigravity-ide\\scratch\\mesma-website\\dataconnect`\n"}}
[debug] [2026-06-09T11:41:34.049Z] E0609 14:41:34.049582    8732 watch.go:116] watchAllDir unable to walk dir `c:\Users\user\.gemini\antigravity-ide\scratch\mesma-website\dataconnect`: GetFileAttributesEx c:\Users\user\.gemini\antigravity-ide\scratch\mesma-website\dataconnect: The system cannot find the file specified.
 {"metadata":{"emulator":{"name":"dataconnect"},"message":"E0609 14:41:34.049582    8732 watch.go:116] watchAllDir unable to walk dir `c:\\Users\\user\\.gemini\\antigravity-ide\\scratch\\mesma-website\\dataconnect`: GetFileAttributesEx c:\\Users\\user\\.gemini\\antigravity-ide\\scratch\\mesma-website\\dataconnect: The system cannot find the file specified.\n"}}
[debug] [2026-06-09T11:41:34.050Z] E0609 14:41:34.049900    8732 watch.go:40] Failed to load config from "c:\\Users\\user\\.gemini\\antigravity-ide\\scratch\\mesma-website\\dataconnect": could not find dataconnect.yaml in `c:\Users\user\.gemini\antigravity-ide\scratch\mesma-website\dataconnect`
 {"metadata":{"emulator":{"name":"dataconnect"},"message":"E0609 14:41:34.049900    8732 watch.go:40] Failed to load config from \"c:\\\\Users\\\\user\\\\.gemini\\\\antigravity-ide\\\\scratch\\\\mesma-website\\\\dataconnect\": could not find dataconnect.yaml in `c:\\Users\\user\\.gemini\\antigravity-ide\\scratch\\mesma-website\\dataconnect`\n"}}
[debug] [2026-06-09T11:41:44.051Z] E0609 14:41:44.051148    8732 watch.go:40] Failed to load config from "c:\\Users\\user\\.gemini\\antigravity-ide\\scratch\\mesma-website\\dataconnect": could not find dataconnect.yaml in `c:\Users\user\.gemini\antigravity-ide\scratch\mesma-website\dataconnect`
 {"metadata":{"emulator":{"name":"dataconnect"},"message":"E0609 14:41:44.051148    8732 watch.go:40] Failed to load config from \"c:\\\\Users\\\\user\\\\.gemini\\\\antigravity-ide\\\\scratch\\\\mesma-website\\\\dataconnect\": could not find dataconnect.yaml in `c:\\Users\\user\\.gemini\\antigravity-ide\\scratch\\mesma-website\\dataconnect`\n"}}
[debug] [2026-06-09T11:41:54.050Z] E0609 14:41:54.050334    8732 watch.go:40] Failed to load config from "c:\\Users\\user\\.gemini\\antigravity-ide\\scratch\\mesma-website\\dataconnect": could not find dataconnect.yaml in `c:\Users\user\.gemini\antigravity-ide\scratch\mesma-website\dataconnect`
 {"metadata":{"emulator":{"name":"dataconnect"},"message":"E0609 14:41:54.050334    8732 watch.go:40] Failed to load config from \"c:\\\\Users\\\\user\\\\.gemini\\\\antigravity-ide\\\\scratch\\\\mesma-website\\\\dataconnect\": could not find dataconnect.yaml in `c:\\Users\\user\\.gemini\\antigravity-ide\\scratch\\mesma-website\\dataconnect`\n"}}
[debug] [2026-06-09T11:42:04.050Z] E0609 14:42:04.050441    8732 watch.go:40] Failed to load config from "c:\\Users\\user\\.gemini\\antigravity-ide\\scratch\\mesma-website\\dataconnect": could not find dataconnect.yaml in `c:\Users\user\.gemini\antigravity-ide\scratch\mesma-website\dataconnect`
 {"metadata":{"emulator":{"name":"dataconnect"},"message":"E0609 14:42:04.050441    8732 watch.go:40] Failed to load config from \"c:\\\\Users\\\\user\\\\.gemini\\\\antigravity-ide\\\\scratch\\\\mesma-website\\\\dataconnect\": could not find dataconnect.yaml in `c:\\Users\\user\\.gemini\\antigravity-ide\\scratch\\mesma-website\\dataconnect`\n"}}
[debug] [2026-06-09T11:42:14.050Z] E0609 14:42:14.050772    8732 watch.go:40] Failed to load config from "c:\\Users\\user\\.gemini\\antigravity-ide\\scratch\\mesma-website\\dataconnect": could not find dataconnect.yaml in `c:\Users\user\.gemini\antigravity-ide\scratch\mesma-website\dataconnect`
 {"metadata":{"emulator":{"name":"dataconnect"},"message":"E0609 14:42:14.050772    8732 watch.go:40] Failed to load config from \"c:\\\\Users\\\\user\\\\.gemini\\\\antigravity-ide\\\\scratch\\\\mesma-website\\\\dataconnect\": could not find dataconnect.yaml in `c:\\Users\\user\\.gemini\\antigravity-ide\\scratch\\mesma-website\\dataconnect`\n"}}
[debug] [2026-06-09T11:42:24.050Z] E0609 14:42:24.050415    8732 watch.go:40] Failed to load config from "c:\\Users\\user\\.gemini\\antigravity-ide\\scratch\\mesma-website\\dataconnect": could not find dataconnect.yaml in `c:\Users\user\.gemini\antigravity-ide\scratch\mesma-website\dataconnect`
 {"metadata":{"emulator":{"name":"dataconnect"},"message":"E0609 14:42:24.050415    8732 watch.go:40] Failed to load config from \"c:\\\\Users\\\\user\\\\.gemini\\\\antigravity-ide\\\\scratch\\\\mesma-website\\\\dataconnect\": could not find dataconnect.yaml in `c:\\Users\\user\\.gemini\\antigravity-ide\\scratch\\mesma-website\\dataconnect`\n"}}
[debug] [2026-06-09T11:42:34.049Z] E0609 14:42:34.049666    8732 watch.go:116] watchAllDir unable to walk dir `c:\Users\user\.gemini\antigravity-ide\scratch\mesma-website\dataconnect`: GetFileAttributesEx c:\Users\user\.gemini\antigravity-ide\scratch\mesma-website\dataconnect: The system cannot find the file specified.
 {"metadata":{"emulator":{"name":"dataconnect"},"message":"E0609 14:42:34.049666    8732 watch.go:116] watchAllDir unable to walk dir `c:\\Users\\user\\.gemini\\antigravity-ide\\scratch\\mesma-website\\dataconnect`: GetFileAttributesEx c:\\Users\\user\\.gemini\\antigravity-ide\\scratch\\mesma-website\\dataconnect: The system cannot find the file specified.\n"}}
[debug] [2026-06-09T11:42:34.050Z] E0609 14:42:34.049666    8732 watch.go:40] Failed to load config from "c:\\Users\\user\\.gemini\\antigravity-ide\\scratch\\mesma-website\\dataconnect": could not find dataconnect.yaml in `c:\Users\user\.gemini\antigravity-ide\scratch\mesma-website\dataconnect`
 {"metadata":{"emulator":{"name":"dataconnect"},"message":"E0609 14:42:34.049666    8732 watch.go:40] Failed to load config from \"c:\\\\Users\\\\user\\\\.gemini\\\\antigravity-ide\\\\scratch\\\\mesma-website\\\\dataconnect\": could not find dataconnect.yaml in `c:\\Users\\user\\.gemini\\antigravity-ide\\scratch\\mesma-website\\dataconnect`\n"}}
[debug] [2026-06-09T11:42:44.050Z] E0609 14:42:44.050314    8732 watch.go:40] Failed to load config from "c:\\Users\\user\\.gemini\\antigravity-ide\\scratch\\mesma-website\\dataconnect": could not find dataconnect.yaml in `c:\Users\user\.gemini\antigravity-ide\scratch\mesma-website\dataconnect`
 {"metadata":{"emulator":{"name":"dataconnect"},"message":"E0609 14:42:44.050314    8732 watch.go:40] Failed to load config from \"c:\\\\Users\\\\user\\\\.gemini\\\\antigravity-ide\\\\scratch\\\\mesma-website\\\\dataconnect\": could not find dataconnect.yaml in `c:\\Users\\user\\.gemini\\antigravity-ide\\scratch\\mesma-website\\dataconnect`\n"}}
[debug] [2026-06-09T11:42:54.050Z] E0609 14:42:54.050317    8732 watch.go:40] Failed to load config from "c:\\Users\\user\\.gemini\\antigravity-ide\\scratch\\mesma-website\\dataconnect": could not find dataconnect.yaml in `c:\Users\user\.gemini\antigravity-ide\scratch\mesma-website\dataconnect`
 {"metadata":{"emulator":{"name":"dataconnect"},"message":"E0609 14:42:54.050317    8732 watch.go:40] Failed to load config from \"c:\\\\Users\\\\user\\\\.gemini\\\\antigravity-ide\\\\scratch\\\\mesma-website\\\\dataconnect\": could not find dataconnect.yaml in `c:\\Users\\user\\.gemini\\antigravity-ide\\scratch\\mesma-website\\dataconnect`\n"}}
[debug] [2026-06-09T11:43:04.050Z] E0609 14:43:04.049933    8732 watch.go:40] Failed to load config from "c:\\Users\\user\\.gemini\\antigravity-ide\\scratch\\mesma-website\\dataconnect": could not find dataconnect.yaml in `c:\Users\user\.gemini\antigravity-ide\scratch\mesma-website\dataconnect`
 {"metadata":{"emulator":{"name":"dataconnect"},"message":"E0609 14:43:04.049933    8732 watch.go:40] Failed to load config from \"c:\\\\Users\\\\user\\\\.gemini\\\\antigravity-ide\\\\scratch\\\\mesma-website\\\\dataconnect\": could not find dataconnect.yaml in `c:\\Users\\user\\.gemini\\antigravity-ide\\scratch\\mesma-website\\dataconnect`\n"}}
[debug] [2026-06-09T11:43:14.050Z] E0609 14:43:14.050036    8732 watch.go:40] Failed to load config from "c:\\Users\\user\\.gemini\\antigravity-ide\\scratch\\mesma-website\\dataconnect": could not find dataconnect.yaml in `c:\Users\user\.gemini\antigravity-ide\scratch\mesma-website\dataconnect`
 {"metadata":{"emulator":{"name":"dataconnect"},"message":"E0609 14:43:14.050036    8732 watch.go:40] Failed to load config from \"c:\\\\Users\\\\user\\\\.gemini\\\\antigravity-ide\\\\scratch\\\\mesma-website\\\\dataconnect\": could not find dataconnect.yaml in `c:\\Users\\user\\.gemini\\antigravity-ide\\scratch\\mesma-website\\dataconnect`\n"}}
[debug] [2026-06-09T11:43:24.050Z] E0609 14:43:24.050831    8732 watch.go:40] Failed to load config from "c:\\Users\\user\\.gemini\\antigravity-ide\\scratch\\mesma-website\\dataconnect": could not find dataconnect.yaml in `c:\Users\user\.gemini\antigravity-ide\scratch\mesma-website\dataconnect`
 {"metadata":{"emulator":{"name":"dataconnect"},"message":"E0609 14:43:24.050831    8732 watch.go:40] Failed to load config from \"c:\\\\Users\\\\user\\\\.gemini\\\\antigravity-ide\\\\scratch\\\\mesma-website\\\\dataconnect\": could not find dataconnect.yaml in `c:\\Users\\user\\.gemini\\antigravity-ide\\scratch\\mesma-website\\dataconnect`\n"}}
[debug] [2026-06-09T11:43:34.050Z] E0609 14:43:34.049728    8732 watch.go:116] watchAllDir unable to walk dir `c:\Users\user\.gemini\antigravity-ide\scratch\mesma-website\dataconnect`: GetFileAttributesEx c:\Users\user\.gemini\antigravity-ide\scratch\mesma-website\dataconnect: The system cannot find the file specified.
E0609 14:43:34.049728    8732 watch.go:40] Failed to load config from "c:\\Users\\user\\.gemini\\antigravity-ide\\scratch\\mesma-website\\dataconnect": could not find dataconnect.yaml in `c:\Users\user\.gemini\antigravity-ide\scratch\mesma-website\dataconnect`
 {"metadata":{"emulator":{"name":"dataconnect"},"message":"E0609 14:43:34.049728    8732 watch.go:116] watchAllDir unable to walk dir `c:\\Users\\user\\.gemini\\antigravity-ide\\scratch\\mesma-website\\dataconnect`: GetFileAttributesEx c:\\Users\\user\\.gemini\\antigravity-ide\\scratch\\mesma-website\\dataconnect: The system cannot find the file specified.\nE0609 14:43:34.049728    8732 watch.go:40] Failed to load config from \"c:\\\\Users\\\\user\\\\.gemini\\\\antigravity-ide\\\\scratch\\\\mesma-website\\\\dataconnect\": could not find dataconnect.yaml in `c:\\Users\\user\\.gemini\\antigravity-ide\\scratch\\mesma-website\\dataconnect`\n"}}
[debug] [2026-06-09T11:43:44.051Z] E0609 14:43:44.050654    8732 watch.go:40] Failed to load config from "c:\\Users\\user\\.gemini\\antigravity-ide\\scratch\\mesma-website\\dataconnect": could not find dataconnect.yaml in `c:\Users\user\.gemini\antigravity-ide\scratch\mesma-website\dataconnect`
 {"metadata":{"emulator":{"name":"dataconnect"},"message":"E0609 14:43:44.050654    8732 watch.go:40] Failed to load config from \"c:\\\\Users\\\\user\\\\.gemini\\\\antigravity-ide\\\\scratch\\\\mesma-website\\\\dataconnect\": could not find dataconnect.yaml in `c:\\Users\\user\\.gemini\\antigravity-ide\\scratch\\mesma-website\\dataconnect`\n"}}
[debug] [2026-06-09T11:43:54.050Z] E0609 14:43:54.050938    8732 watch.go:40] Failed to load config from "c:\\Users\\user\\.gemini\\antigravity-ide\\scratch\\mesma-website\\dataconnect": could not find dataconnect.yaml in `c:\Users\user\.gemini\antigravity-ide\scratch\mesma-website\dataconnect`
 {"metadata":{"emulator":{"name":"dataconnect"},"message":"E0609 14:43:54.050938    8732 watch.go:40] Failed to load config from \"c:\\\\Users\\\\user\\\\.gemini\\\\antigravity-ide\\\\scratch\\\\mesma-website\\\\dataconnect\": could not find dataconnect.yaml in `c:\\Users\\user\\.gemini\\antigravity-ide\\scratch\\mesma-website\\dataconnect`\n"}}
[debug] [2026-06-09T11:44:04.049Z] E0609 14:44:04.049882    8732 watch.go:40] Failed to load config from "c:\\Users\\user\\.gemini\\antigravity-ide\\scratch\\mesma-website\\dataconnect": could not find dataconnect.yaml in `c:\Users\user\.gemini\antigravity-ide\scratch\mesma-website\dataconnect`
 {"metadata":{"emulator":{"name":"dataconnect"},"message":"E0609 14:44:04.049882    8732 watch.go:40] Failed to load config from \"c:\\\\Users\\\\user\\\\.gemini\\\\antigravity-ide\\\\scratch\\\\mesma-website\\\\dataconnect\": could not find dataconnect.yaml in `c:\\Users\\user\\.gemini\\antigravity-ide\\scratch\\mesma-website\\dataconnect`\n"}}
[debug] [2026-06-09T11:44:14.049Z] E0609 14:44:14.049503    8732 watch.go:40] Failed to load config from "c:\\Users\\user\\.gemini\\antigravity-ide\\scratch\\mesma-website\\dataconnect": could not find dataconnect.yaml in `c:\Users\user\.gemini\antigravity-ide\scratch\mesma-website\dataconnect`
 {"metadata":{"emulator":{"name":"dataconnect"},"message":"E0609 14:44:14.049503    8732 watch.go:40] Failed to load config from \"c:\\\\Users\\\\user\\\\.gemini\\\\antigravity-ide\\\\scratch\\\\mesma-website\\\\dataconnect\": could not find dataconnect.yaml in `c:\\Users\\user\\.gemini\\antigravity-ide\\scratch\\mesma-website\\dataconnect`\n"}}
[debug] [2026-06-09T11:44:24.049Z] E0609 14:44:24.049569    8732 watch.go:40] Failed to load config from "c:\\Users\\user\\.gemini\\antigravity-ide\\scratch\\mesma-website\\dataconnect": could not find dataconnect.yaml in `c:\Users\user\.gemini\antigravity-ide\scratch\mesma-website\dataconnect`
 {"metadata":{"emulator":{"name":"dataconnect"},"message":"E0609 14:44:24.049569    8732 watch.go:40] Failed to load config from \"c:\\\\Users\\\\user\\\\.gemini\\\\antigravity-ide\\\\scratch\\\\mesma-website\\\\dataconnect\": could not find dataconnect.yaml in `c:\\Users\\user\\.gemini\\antigravity-ide\\scratch\\mesma-website\\dataconnect`\n"}}
[debug] [2026-06-09T11:44:34.050Z] E0609 14:44:34.049948    8732 watch.go:116] watchAllDir unable to walk dir `c:\Users\user\.gemini\antigravity-ide\scratch\mesma-website\dataconnect`: GetFileAttributesEx c:\Users\user\.gemini\antigravity-ide\scratch\mesma-website\dataconnect: The system cannot find the file specified.
 {"metadata":{"emulator":{"name":"dataconnect"},"message":"E0609 14:44:34.049948    8732 watch.go:116] watchAllDir unable to walk dir `c:\\Users\\user\\.gemini\\antigravity-ide\\scratch\\mesma-website\\dataconnect`: GetFileAttributesEx c:\\Users\\user\\.gemini\\antigravity-ide\\scratch\\mesma-website\\dataconnect: The system cannot find the file specified.\n"}}
[debug] [2026-06-09T11:44:34.051Z] E0609 14:44:34.051298    8732 watch.go:40] Failed to load config from "c:\\Users\\user\\.gemini\\antigravity-ide\\scratch\\mesma-website\\dataconnect": could not find dataconnect.yaml in `c:\Users\user\.gemini\antigravity-ide\scratch\mesma-website\dataconnect`
 {"metadata":{"emulator":{"name":"dataconnect"},"message":"E0609 14:44:34.051298    8732 watch.go:40] Failed to load config from \"c:\\\\Users\\\\user\\\\.gemini\\\\antigravity-ide\\\\scratch\\\\mesma-website\\\\dataconnect\": could not find dataconnect.yaml in `c:\\Users\\user\\.gemini\\antigravity-ide\\scratch\\mesma-website\\dataconnect`\n"}}
[debug] [2026-06-09T11:44:44.050Z] E0609 14:44:44.050323    8732 watch.go:40] Failed to load config from "c:\\Users\\user\\.gemini\\antigravity-ide\\scratch\\mesma-website\\dataconnect": could not find dataconnect.yaml in `c:\Users\user\.gemini\antigravity-ide\scratch\mesma-website\dataconnect`
 {"metadata":{"emulator":{"name":"dataconnect"},"message":"E0609 14:44:44.050323    8732 watch.go:40] Failed to load config from \"c:\\\\Users\\\\user\\\\.gemini\\\\antigravity-ide\\\\scratch\\\\mesma-website\\\\dataconnect\": could not find dataconnect.yaml in `c:\\Users\\user\\.gemini\\antigravity-ide\\scratch\\mesma-website\\dataconnect`\n"}}
[debug] [2026-06-09T11:44:54.050Z] E0609 14:44:54.050014    8732 watch.go:40] Failed to load config from "c:\\Users\\user\\.gemini\\antigravity-ide\\scratch\\mesma-website\\dataconnect": could not find dataconnect.yaml in `c:\Users\user\.gemini\antigravity-ide\scratch\mesma-website\dataconnect`
 {"metadata":{"emulator":{"name":"dataconnect"},"message":"E0609 14:44:54.050014    8732 watch.go:40] Failed to load config from \"c:\\\\Users\\\\user\\\\.gemini\\\\antigravity-ide\\\\scratch\\\\mesma-website\\\\dataconnect\": could not find dataconnect.yaml in `c:\\Users\\user\\.gemini\\antigravity-ide\\scratch\\mesma-website\\dataconnect`\n"}}
[debug] [2026-06-09T11:45:04.050Z] E0609 14:45:04.049637    8732 watch.go:40] Failed to load config from "c:\\Users\\user\\.gemini\\antigravity-ide\\scratch\\mesma-website\\dataconnect": could not find dataconnect.yaml in `c:\Users\user\.gemini\antigravity-ide\scratch\mesma-website\dataconnect`
 {"metadata":{"emulator":{"name":"dataconnect"},"message":"E0609 14:45:04.049637    8732 watch.go:40] Failed to load config from \"c:\\\\Users\\\\user\\\\.gemini\\\\antigravity-ide\\\\scratch\\\\mesma-website\\\\dataconnect\": could not find dataconnect.yaml in `c:\\Users\\user\\.gemini\\antigravity-ide\\scratch\\mesma-website\\dataconnect`\n"}}
[debug] [2026-06-09T11:45:14.050Z] E0609 14:45:14.049973    8732 watch.go:40] Failed to load config from "c:\\Users\\user\\.gemini\\antigravity-ide\\scratch\\mesma-website\\dataconnect": could not find dataconnect.yaml in `c:\Users\user\.gemini\antigravity-ide\scratch\mesma-website\dataconnect`
 {"metadata":{"emulator":{"name":"dataconnect"},"message":"E0609 14:45:14.049973    8732 watch.go:40] Failed to load config from \"c:\\\\Users\\\\user\\\\.gemini\\\\antigravity-ide\\\\scratch\\\\mesma-website\\\\dataconnect\": could not find dataconnect.yaml in `c:\\Users\\user\\.gemini\\antigravity-ide\\scratch\\mesma-website\\dataconnect`\n"}}
[debug] [2026-06-09T11:45:24.051Z] E0609 14:45:24.050786    8732 watch.go:40] Failed to load config from "c:\\Users\\user\\.gemini\\antigravity-ide\\scratch\\mesma-website\\dataconnect": could not find dataconnect.yaml in `c:\Users\user\.gemini\antigravity-ide\scratch\mesma-website\dataconnect`
 {"metadata":{"emulator":{"name":"dataconnect"},"message":"E0609 14:45:24.050786    8732 watch.go:40] Failed to load config from \"c:\\\\Users\\\\user\\\\.gemini\\\\antigravity-ide\\\\scratch\\\\mesma-website\\\\dataconnect\": could not find dataconnect.yaml in `c:\\Users\\user\\.gemini\\antigravity-ide\\scratch\\mesma-website\\dataconnect`\n"}}
[debug] [2026-06-09T11:45:34.057Z] E0609 14:45:34.056668    8732 watch.go:116] watchAllDir unable to walk dir `c:\Users\user\.gemini\antigravity-ide\scratch\mesma-website\dataconnect`: GetFileAttributesEx c:\Users\user\.gemini\antigravity-ide\scratch\mesma-website\dataconnect: The system cannot find the file specified.
 {"metadata":{"emulator":{"name":"dataconnect"},"message":"E0609 14:45:34.056668    8732 watch.go:116] watchAllDir unable to walk dir `c:\\Users\\user\\.gemini\\antigravity-ide\\scratch\\mesma-website\\dataconnect`: GetFileAttributesEx c:\\Users\\user\\.gemini\\antigravity-ide\\scratch\\mesma-website\\dataconnect: The system cannot find the file specified.\n"}}
[debug] [2026-06-09T11:45:34.065Z] E0609 14:45:34.063613    8732 watch.go:40] Failed to load config from "c:\\Users\\user\\.gemini\\antigravity-ide\\scratch\\mesma-website\\dataconnect": could not find dataconnect.yaml in `c:\Users\user\.gemini\antigravity-ide\scratch\mesma-website\dataconnect`
 {"metadata":{"emulator":{"name":"dataconnect"},"message":"E0609 14:45:34.063613    8732 watch.go:40] Failed to load config from \"c:\\\\Users\\\\user\\\\.gemini\\\\antigravity-ide\\\\scratch\\\\mesma-website\\\\dataconnect\": could not find dataconnect.yaml in `c:\\Users\\user\\.gemini\\antigravity-ide\\scratch\\mesma-website\\dataconnect`\n"}}
[debug] [2026-06-09T11:45:44.050Z] E0609 14:45:44.050179    8732 watch.go:40] Failed to load config from "c:\\Users\\user\\.gemini\\antigravity-ide\\scratch\\mesma-website\\dataconnect": could not find dataconnect.yaml in `c:\Users\user\.gemini\antigravity-ide\scratch\mesma-website\dataconnect`
 {"metadata":{"emulator":{"name":"dataconnect"},"message":"E0609 14:45:44.050179    8732 watch.go:40] Failed to load config from \"c:\\\\Users\\\\user\\\\.gemini\\\\antigravity-ide\\\\scratch\\\\mesma-website\\\\dataconnect\": could not find dataconnect.yaml in `c:\\Users\\user\\.gemini\\antigravity-ide\\scratch\\mesma-website\\dataconnect`\n"}}
[debug] [2026-06-09T11:45:54.051Z] E0609 14:45:54.050324    8732 watch.go:40] Failed to load config from "c:\\Users\\user\\.gemini\\antigravity-ide\\scratch\\mesma-website\\dataconnect": could not find dataconnect.yaml in `c:\Users\user\.gemini\antigravity-ide\scratch\mesma-website\dataconnect`
 {"metadata":{"emulator":{"name":"dataconnect"},"message":"E0609 14:45:54.050324    8732 watch.go:40] Failed to load config from \"c:\\\\Users\\\\user\\\\.gemini\\\\antigravity-ide\\\\scratch\\\\mesma-website\\\\dataconnect\": could not find dataconnect.yaml in `c:\\Users\\user\\.gemini\\antigravity-ide\\scratch\\mesma-website\\dataconnect`\n"}}
[debug] [2026-06-09T11:46:04.050Z] E0609 14:46:04.049984    8732 watch.go:40] Failed to load config from "c:\\Users\\user\\.gemini\\antigravity-ide\\scratch\\mesma-website\\dataconnect": could not find dataconnect.yaml in `c:\Users\user\.gemini\antigravity-ide\scratch\mesma-website\dataconnect`
 {"metadata":{"emulator":{"name":"dataconnect"},"message":"E0609 14:46:04.049984    8732 watch.go:40] Failed to load config from \"c:\\\\Users\\\\user\\\\.gemini\\\\antigravity-ide\\\\scratch\\\\mesma-website\\\\dataconnect\": could not find dataconnect.yaml in `c:\\Users\\user\\.gemini\\antigravity-ide\\scratch\\mesma-website\\dataconnect`\n"}}
[debug] [2026-06-09T11:46:14.050Z] E0609 14:46:14.050161    8732 watch.go:40] Failed to load config from "c:\\Users\\user\\.gemini\\antigravity-ide\\scratch\\mesma-website\\dataconnect": could not find dataconnect.yaml in `c:\Users\user\.gemini\antigravity-ide\scratch\mesma-website\dataconnect`
 {"metadata":{"emulator":{"name":"dataconnect"},"message":"E0609 14:46:14.050161    8732 watch.go:40] Failed to load config from \"c:\\\\Users\\\\user\\\\.gemini\\\\antigravity-ide\\\\scratch\\\\mesma-website\\\\dataconnect\": could not find dataconnect.yaml in `c:\\Users\\user\\.gemini\\antigravity-ide\\scratch\\mesma-website\\dataconnect`\n"}}
[debug] [2026-06-09T11:46:24.051Z] E0609 14:46:24.050009    8732 watch.go:40] Failed to load config from "c:\\Users\\user\\.gemini\\antigravity-ide\\scratch\\mesma-website\\dataconnect": could not find dataconnect.yaml in `c:\Users\user\.gemini\antigravity-ide\scratch\mesma-website\dataconnect`
 {"metadata":{"emulator":{"name":"dataconnect"},"message":"E0609 14:46:24.050009    8732 watch.go:40] Failed to load config from \"c:\\\\Users\\\\user\\\\.gemini\\\\antigravity-ide\\\\scratch\\\\mesma-website\\\\dataconnect\": could not find dataconnect.yaml in `c:\\Users\\user\\.gemini\\antigravity-ide\\scratch\\mesma-website\\dataconnect`\n"}}
[debug] [2026-06-09T11:46:34.050Z] E0609 14:46:34.049863    8732 watch.go:116] watchAllDir unable to walk dir `c:\Users\user\.gemini\antigravity-ide\scratch\mesma-website\dataconnect`: GetFileAttributesEx c:\Users\user\.gemini\antigravity-ide\scratch\mesma-website\dataconnect: The system cannot find the file specified.
 {"metadata":{"emulator":{"name":"dataconnect"},"message":"E0609 14:46:34.049863    8732 watch.go:116] watchAllDir unable to walk dir `c:\\Users\\user\\.gemini\\antigravity-ide\\scratch\\mesma-website\\dataconnect`: GetFileAttributesEx c:\\Users\\user\\.gemini\\antigravity-ide\\scratch\\mesma-website\\dataconnect: The system cannot find the file specified.\n"}}
[debug] [2026-06-09T11:46:34.051Z] E0609 14:46:34.050377    8732 watch.go:40] Failed to load config from "c:\\Users\\user\\.gemini\\antigravity-ide\\scratch\\mesma-website\\dataconnect": could not find dataconnect.yaml in `c:\Users\user\.gemini\antigravity-ide\scratch\mesma-website\dataconnect`
 {"metadata":{"emulator":{"name":"dataconnect"},"message":"E0609 14:46:34.050377    8732 watch.go:40] Failed to load config from \"c:\\\\Users\\\\user\\\\.gemini\\\\antigravity-ide\\\\scratch\\\\mesma-website\\\\dataconnect\": could not find dataconnect.yaml in `c:\\Users\\user\\.gemini\\antigravity-ide\\scratch\\mesma-website\\dataconnect`\n"}}
[debug] [2026-06-09T11:46:44.051Z] E0609 14:46:44.050108    8732 watch.go:40] Failed to load config from "c:\\Users\\user\\.gemini\\antigravity-ide\\scratch\\mesma-website\\dataconnect": could not find dataconnect.yaml in `c:\Users\user\.gemini\antigravity-ide\scratch\mesma-website\dataconnect`
 {"metadata":{"emulator":{"name":"dataconnect"},"message":"E0609 14:46:44.050108    8732 watch.go:40] Failed to load config from \"c:\\\\Users\\\\user\\\\.gemini\\\\antigravity-ide\\\\scratch\\\\mesma-website\\\\dataconnect\": could not find dataconnect.yaml in `c:\\Users\\user\\.gemini\\antigravity-ide\\scratch\\mesma-website\\dataconnect`\n"}}
[debug] [2026-06-09T11:46:54.050Z] E0609 14:46:54.050063    8732 watch.go:40] Failed to load config from "c:\\Users\\user\\.gemini\\antigravity-ide\\scratch\\mesma-website\\dataconnect": could not find dataconnect.yaml in `c:\Users\user\.gemini\antigravity-ide\scratch\mesma-website\dataconnect`
 {"metadata":{"emulator":{"name":"dataconnect"},"message":"E0609 14:46:54.050063    8732 watch.go:40] Failed to load config from \"c:\\\\Users\\\\user\\\\.gemini\\\\antigravity-ide\\\\scratch\\\\mesma-website\\\\dataconnect\": could not find dataconnect.yaml in `c:\\Users\\user\\.gemini\\antigravity-ide\\scratch\\mesma-website\\dataconnect`\n"}}
[debug] [2026-06-09T11:47:04.050Z] E0609 14:47:04.049931    8732 watch.go:40] Failed to load config from "c:\\Users\\user\\.gemini\\antigravity-ide\\scratch\\mesma-website\\dataconnect": could not find dataconnect.yaml in `c:\Users\user\.gemini\antigravity-ide\scratch\mesma-website\dataconnect`
 {"metadata":{"emulator":{"name":"dataconnect"},"message":"E0609 14:47:04.049931    8732 watch.go:40] Failed to load config from \"c:\\\\Users\\\\user\\\\.gemini\\\\antigravity-ide\\\\scratch\\\\mesma-website\\\\dataconnect\": could not find dataconnect.yaml in `c:\\Users\\user\\.gemini\\antigravity-ide\\scratch\\mesma-website\\dataconnect`\n"}}
[debug] [2026-06-09T11:47:14.050Z] E0609 14:47:14.050248    8732 watch.go:40] Failed to load config from "c:\\Users\\user\\.gemini\\antigravity-ide\\scratch\\mesma-website\\dataconnect": could not find dataconnect.yaml in `c:\Users\user\.gemini\antigravity-ide\scratch\mesma-website\dataconnect`
 {"metadata":{"emulator":{"name":"dataconnect"},"message":"E0609 14:47:14.050248    8732 watch.go:40] Failed to load config from \"c:\\\\Users\\\\user\\\\.gemini\\\\antigravity-ide\\\\scratch\\\\mesma-website\\\\dataconnect\": could not find dataconnect.yaml in `c:\\Users\\user\\.gemini\\antigravity-ide\\scratch\\mesma-website\\dataconnect`\n"}}
[debug] [2026-06-09T11:47:24.050Z] E0609 14:47:24.050282    8732 watch.go:40] Failed to load config from "c:\\Users\\user\\.gemini\\antigravity-ide\\scratch\\mesma-website\\dataconnect": could not find dataconnect.yaml in `c:\Users\user\.gemini\antigravity-ide\scratch\mesma-website\dataconnect`
 {"metadata":{"emulator":{"name":"dataconnect"},"message":"E0609 14:47:24.050282    8732 watch.go:40] Failed to load config from \"c:\\\\Users\\\\user\\\\.gemini\\\\antigravity-ide\\\\scratch\\\\mesma-website\\\\dataconnect\": could not find dataconnect.yaml in `c:\\Users\\user\\.gemini\\antigravity-ide\\scratch\\mesma-website\\dataconnect`\n"}}
[debug] [2026-06-09T11:47:34.050Z] E0609 14:47:34.050026    8732 watch.go:116] watchAllDir unable to walk dir `c:\Users\user\.gemini\antigravity-ide\scratch\mesma-website\dataconnect`: GetFileAttributesEx c:\Users\user\.gemini\antigravity-ide\scratch\mesma-website\dataconnect: The system cannot find the file specified.
 {"metadata":{"emulator":{"name":"dataconnect"},"message":"E0609 14:47:34.050026    8732 watch.go:116] watchAllDir unable to walk dir `c:\\Users\\user\\.gemini\\antigravity-ide\\scratch\\mesma-website\\dataconnect`: GetFileAttributesEx c:\\Users\\user\\.gemini\\antigravity-ide\\scratch\\mesma-website\\dataconnect: The system cannot find the file specified.\n"}}
[debug] [2026-06-09T11:47:34.052Z] E0609 14:47:34.050782    8732 watch.go:40] Failed to load config from "c:\\Users\\user\\.gemini\\antigravity-ide\\scratch\\mesma-website\\dataconnect": could not find dataconnect.yaml in `c:\Users\user\.gemini\antigravity-ide\scratch\mesma-website\dataconnect`
 {"metadata":{"emulator":{"name":"dataconnect"},"message":"E0609 14:47:34.050782    8732 watch.go:40] Failed to load config from \"c:\\\\Users\\\\user\\\\.gemini\\\\antigravity-ide\\\\scratch\\\\mesma-website\\\\dataconnect\": could not find dataconnect.yaml in `c:\\Users\\user\\.gemini\\antigravity-ide\\scratch\\mesma-website\\dataconnect`\n"}}
[debug] [2026-06-09T11:47:44.050Z] E0609 14:47:44.050043    8732 watch.go:40] Failed to load config from "c:\\Users\\user\\.gemini\\antigravity-ide\\scratch\\mesma-website\\dataconnect": could not find dataconnect.yaml in `c:\Users\user\.gemini\antigravity-ide\scratch\mesma-website\dataconnect`
 {"metadata":{"emulator":{"name":"dataconnect"},"message":"E0609 14:47:44.050043    8732 watch.go:40] Failed to load config from \"c:\\\\Users\\\\user\\\\.gemini\\\\antigravity-ide\\\\scratch\\\\mesma-website\\\\dataconnect\": could not find dataconnect.yaml in `c:\\Users\\user\\.gemini\\antigravity-ide\\scratch\\mesma-website\\dataconnect`\n"}}
[debug] [2026-06-09T11:47:54.050Z] E0609 14:47:54.049770    8732 watch.go:40] Failed to load config from "c:\\Users\\user\\.gemini\\antigravity-ide\\scratch\\mesma-website\\dataconnect": could not find dataconnect.yaml in `c:\Users\user\.gemini\antigravity-ide\scratch\mesma-website\dataconnect`
 {"metadata":{"emulator":{"name":"dataconnect"},"message":"E0609 14:47:54.049770    8732 watch.go:40] Failed to load config from \"c:\\\\Users\\\\user\\\\.gemini\\\\antigravity-ide\\\\scratch\\\\mesma-website\\\\dataconnect\": could not find dataconnect.yaml in `c:\\Users\\user\\.gemini\\antigravity-ide\\scratch\\mesma-website\\dataconnect`\n"}}
[debug] [2026-06-09T11:48:04.050Z] E0609 14:48:04.049677    8732 watch.go:40] Failed to load config from "c:\\Users\\user\\.gemini\\antigravity-ide\\scratch\\mesma-website\\dataconnect": could not find dataconnect.yaml in `c:\Users\user\.gemini\antigravity-ide\scratch\mesma-website\dataconnect`
 {"metadata":{"emulator":{"name":"dataconnect"},"message":"E0609 14:48:04.049677    8732 watch.go:40] Failed to load config from \"c:\\\\Users\\\\user\\\\.gemini\\\\antigravity-ide\\\\scratch\\\\mesma-website\\\\dataconnect\": could not find dataconnect.yaml in `c:\\Users\\user\\.gemini\\antigravity-ide\\scratch\\mesma-website\\dataconnect`\n"}}
[debug] [2026-06-09T11:48:14.050Z] E0609 14:48:14.050055    8732 watch.go:40] Failed to load config from "c:\\Users\\user\\.gemini\\antigravity-ide\\scratch\\mesma-website\\dataconnect": could not find dataconnect.yaml in `c:\Users\user\.gemini\antigravity-ide\scratch\mesma-website\dataconnect`
 {"metadata":{"emulator":{"name":"dataconnect"},"message":"E0609 14:48:14.050055    8732 watch.go:40] Failed to load config from \"c:\\\\Users\\\\user\\\\.gemini\\\\antigravity-ide\\\\scratch\\\\mesma-website\\\\dataconnect\": could not find dataconnect.yaml in `c:\\Users\\user\\.gemini\\antigravity-ide\\scratch\\mesma-website\\dataconnect`\n"}}
[debug] [2026-06-09T11:48:24.050Z] E0609 14:48:24.050268    8732 watch.go:40] Failed to load config from "c:\\Users\\user\\.gemini\\antigravity-ide\\scratch\\mesma-website\\dataconnect": could not find dataconnect.yaml in `c:\Users\user\.gemini\antigravity-ide\scratch\mesma-website\dataconnect`
 {"metadata":{"emulator":{"name":"dataconnect"},"message":"E0609 14:48:24.050268    8732 watch.go:40] Failed to load config from \"c:\\\\Users\\\\user\\\\.gemini\\\\antigravity-ide\\\\scratch\\\\mesma-website\\\\dataconnect\": could not find dataconnect.yaml in `c:\\Users\\user\\.gemini\\antigravity-ide\\scratch\\mesma-website\\dataconnect`\n"}}
[debug] [2026-06-09T11:48:34.050Z] E0609 14:48:34.050043    8732 watch.go:116] watchAllDir unable to walk dir `c:\Users\user\.gemini\antigravity-ide\scratch\mesma-website\dataconnect`: GetFileAttributesEx c:\Users\user\.gemini\antigravity-ide\scratch\mesma-website\dataconnect: The system cannot find the file specified.
E0609 14:48:34.050548    8732 watch.go:40] Failed to load config from "c:\\Users\\user\\.gemini\\antigravity-ide\\scratch\\mesma-website\\dataconnect": could not find dataconnect.yaml in `c:\Users\user\.gemini\antigravity-ide\scratch\mesma-website\dataconnect`
 {"metadata":{"emulator":{"name":"dataconnect"},"message":"E0609 14:48:34.050043    8732 watch.go:116] watchAllDir unable to walk dir `c:\\Users\\user\\.gemini\\antigravity-ide\\scratch\\mesma-website\\dataconnect`: GetFileAttributesEx c:\\Users\\user\\.gemini\\antigravity-ide\\scratch\\mesma-website\\dataconnect: The system cannot find the file specified.\nE0609 14:48:34.050548    8732 watch.go:40] Failed to load config from \"c:\\\\Users\\\\user\\\\.gemini\\\\antigravity-ide\\\\scratch\\\\mesma-website\\\\dataconnect\": could not find dataconnect.yaml in `c:\\Users\\user\\.gemini\\antigravity-ide\\scratch\\mesma-website\\dataconnect`\n"}}
[debug] [2026-06-09T11:48:44.052Z] E0609 14:48:44.049652    8732 watch.go:40] Failed to load config from "c:\\Users\\user\\.gemini\\antigravity-ide\\scratch\\mesma-website\\dataconnect": could not find dataconnect.yaml in `c:\Users\user\.gemini\antigravity-ide\scratch\mesma-website\dataconnect`
 {"metadata":{"emulator":{"name":"dataconnect"},"message":"E0609 14:48:44.049652    8732 watch.go:40] Failed to load config from \"c:\\\\Users\\\\user\\\\.gemini\\\\antigravity-ide\\\\scratch\\\\mesma-website\\\\dataconnect\": could not find dataconnect.yaml in `c:\\Users\\user\\.gemini\\antigravity-ide\\scratch\\mesma-website\\dataconnect`\n"}}
[debug] [2026-06-09T11:48:54.049Z] E0609 14:48:54.050083    8732 watch.go:40] Failed to load config from "c:\\Users\\user\\.gemini\\antigravity-ide\\scratch\\mesma-website\\dataconnect": could not find dataconnect.yaml in `c:\Users\user\.gemini\antigravity-ide\scratch\mesma-website\dataconnect`
 {"metadata":{"emulator":{"name":"dataconnect"},"message":"E0609 14:48:54.050083    8732 watch.go:40] Failed to load config from \"c:\\\\Users\\\\user\\\\.gemini\\\\antigravity-ide\\\\scratch\\\\mesma-website\\\\dataconnect\": could not find dataconnect.yaml in `c:\\Users\\user\\.gemini\\antigravity-ide\\scratch\\mesma-website\\dataconnect`\n"}}
[debug] [2026-06-09T11:49:04.049Z] E0609 14:49:04.050229    8732 watch.go:40] Failed to load config from "c:\\Users\\user\\.gemini\\antigravity-ide\\scratch\\mesma-website\\dataconnect": could not find dataconnect.yaml in `c:\Users\user\.gemini\antigravity-ide\scratch\mesma-website\dataconnect`
 {"metadata":{"emulator":{"name":"dataconnect"},"message":"E0609 14:49:04.050229    8732 watch.go:40] Failed to load config from \"c:\\\\Users\\\\user\\\\.gemini\\\\antigravity-ide\\\\scratch\\\\mesma-website\\\\dataconnect\": could not find dataconnect.yaml in `c:\\Users\\user\\.gemini\\antigravity-ide\\scratch\\mesma-website\\dataconnect`\n"}}
[debug] [2026-06-09T11:49:14.049Z] E0609 14:49:14.049882    8732 watch.go:40] Failed to load config from "c:\\Users\\user\\.gemini\\antigravity-ide\\scratch\\mesma-website\\dataconnect": could not find dataconnect.yaml in `c:\Users\user\.gemini\antigravity-ide\scratch\mesma-website\dataconnect`
 {"metadata":{"emulator":{"name":"dataconnect"},"message":"E0609 14:49:14.049882    8732 watch.go:40] Failed to load config from \"c:\\\\Users\\\\user\\\\.gemini\\\\antigravity-ide\\\\scratch\\\\mesma-website\\\\dataconnect\": could not find dataconnect.yaml in `c:\\Users\\user\\.gemini\\antigravity-ide\\scratch\\mesma-website\\dataconnect`\n"}}
[debug] [2026-06-09T11:49:24.050Z] E0609 14:49:24.050951    8732 watch.go:40] Failed to load config from "c:\\Users\\user\\.gemini\\antigravity-ide\\scratch\\mesma-website\\dataconnect": could not find dataconnect.yaml in `c:\Users\user\.gemini\antigravity-ide\scratch\mesma-website\dataconnect`
 {"metadata":{"emulator":{"name":"dataconnect"},"message":"E0609 14:49:24.050951    8732 watch.go:40] Failed to load config from \"c:\\\\Users\\\\user\\\\.gemini\\\\antigravity-ide\\\\scratch\\\\mesma-website\\\\dataconnect\": could not find dataconnect.yaml in `c:\\Users\\user\\.gemini\\antigravity-ide\\scratch\\mesma-website\\dataconnect`\n"}}
[debug] [2026-06-09T11:49:34.052Z] E0609 14:49:34.051288    8732 watch.go:116] watchAllDir unable to walk dir `c:\Users\user\.gemini\antigravity-ide\scratch\mesma-website\dataconnect`: GetFileAttributesEx c:\Users\user\.gemini\antigravity-ide\scratch\mesma-website\dataconnect: The system cannot find the file specified.
 {"metadata":{"emulator":{"name":"dataconnect"},"message":"E0609 14:49:34.051288    8732 watch.go:116] watchAllDir unable to walk dir `c:\\Users\\user\\.gemini\\antigravity-ide\\scratch\\mesma-website\\dataconnect`: GetFileAttributesEx c:\\Users\\user\\.gemini\\antigravity-ide\\scratch\\mesma-website\\dataconnect: The system cannot find the file specified.\n"}}
[debug] [2026-06-09T11:49:34.059Z] E0609 14:49:34.059038    8732 watch.go:40] Failed to load config from "c:\\Users\\user\\.gemini\\antigravity-ide\\scratch\\mesma-website\\dataconnect": could not find dataconnect.yaml in `c:\Users\user\.gemini\antigravity-ide\scratch\mesma-website\dataconnect`
 {"metadata":{"emulator":{"name":"dataconnect"},"message":"E0609 14:49:34.059038    8732 watch.go:40] Failed to load config from \"c:\\\\Users\\\\user\\\\.gemini\\\\antigravity-ide\\\\scratch\\\\mesma-website\\\\dataconnect\": could not find dataconnect.yaml in `c:\\Users\\user\\.gemini\\antigravity-ide\\scratch\\mesma-website\\dataconnect`\n"}}
[debug] [2026-06-09T11:49:44.050Z] E0609 14:49:44.049863    8732 watch.go:40] Failed to load config from "c:\\Users\\user\\.gemini\\antigravity-ide\\scratch\\mesma-website\\dataconnect": could not find dataconnect.yaml in `c:\Users\user\.gemini\antigravity-ide\scratch\mesma-website\dataconnect`
 {"metadata":{"emulator":{"name":"dataconnect"},"message":"E0609 14:49:44.049863    8732 watch.go:40] Failed to load config from \"c:\\\\Users\\\\user\\\\.gemini\\\\antigravity-ide\\\\scratch\\\\mesma-website\\\\dataconnect\": could not find dataconnect.yaml in `c:\\Users\\user\\.gemini\\antigravity-ide\\scratch\\mesma-website\\dataconnect`\n"}}
[debug] [2026-06-09T11:49:54.049Z] E0609 14:49:54.049686    8732 watch.go:40] Failed to load config from "c:\\Users\\user\\.gemini\\antigravity-ide\\scratch\\mesma-website\\dataconnect": could not find dataconnect.yaml in `c:\Users\user\.gemini\antigravity-ide\scratch\mesma-website\dataconnect`
 {"metadata":{"emulator":{"name":"dataconnect"},"message":"E0609 14:49:54.049686    8732 watch.go:40] Failed to load config from \"c:\\\\Users\\\\user\\\\.gemini\\\\antigravity-ide\\\\scratch\\\\mesma-website\\\\dataconnect\": could not find dataconnect.yaml in `c:\\Users\\user\\.gemini\\antigravity-ide\\scratch\\mesma-website\\dataconnect`\n"}}
[debug] [2026-06-09T11:50:04.049Z] E0609 14:50:04.049505    8732 watch.go:40] Failed to load config from "c:\\Users\\user\\.gemini\\antigravity-ide\\scratch\\mesma-website\\dataconnect": could not find dataconnect.yaml in `c:\Users\user\.gemini\antigravity-ide\scratch\mesma-website\dataconnect`
 {"metadata":{"emulator":{"name":"dataconnect"},"message":"E0609 14:50:04.049505    8732 watch.go:40] Failed to load config from \"c:\\\\Users\\\\user\\\\.gemini\\\\antigravity-ide\\\\scratch\\\\mesma-website\\\\dataconnect\": could not find dataconnect.yaml in `c:\\Users\\user\\.gemini\\antigravity-ide\\scratch\\mesma-website\\dataconnect`\n"}}
[debug] [2026-06-09T11:50:14.050Z] E0609 14:50:14.050829    8732 watch.go:40] Failed to load config from "c:\\Users\\user\\.gemini\\antigravity-ide\\scratch\\mesma-website\\dataconnect": could not find dataconnect.yaml in `c:\Users\user\.gemini\antigravity-ide\scratch\mesma-website\dataconnect`
 {"metadata":{"emulator":{"name":"dataconnect"},"message":"E0609 14:50:14.050829    8732 watch.go:40] Failed to load config from \"c:\\\\Users\\\\user\\\\.gemini\\\\antigravity-ide\\\\scratch\\\\mesma-website\\\\dataconnect\": could not find dataconnect.yaml in `c:\\Users\\user\\.gemini\\antigravity-ide\\scratch\\mesma-website\\dataconnect`\n"}}
[debug] [2026-06-09T11:50:24.050Z] E0609 14:50:24.050108    8732 watch.go:40] Failed to load config from "c:\\Users\\user\\.gemini\\antigravity-ide\\scratch\\mesma-website\\dataconnect": could not find dataconnect.yaml in `c:\Users\user\.gemini\antigravity-ide\scratch\mesma-website\dataconnect`
 {"metadata":{"emulator":{"name":"dataconnect"},"message":"E0609 14:50:24.050108    8732 watch.go:40] Failed to load config from \"c:\\\\Users\\\\user\\\\.gemini\\\\antigravity-ide\\\\scratch\\\\mesma-website\\\\dataconnect\": could not find dataconnect.yaml in `c:\\Users\\user\\.gemini\\antigravity-ide\\scratch\\mesma-website\\dataconnect`\n"}}
[debug] [2026-06-09T11:50:34.049Z] E0609 14:50:34.049621    8732 watch.go:116] watchAllDir unable to walk dir `c:\Users\user\.gemini\antigravity-ide\scratch\mesma-website\dataconnect`: GetFileAttributesEx c:\Users\user\.gemini\antigravity-ide\scratch\mesma-website\dataconnect: The system cannot find the file specified.
 {"metadata":{"emulator":{"name":"dataconnect"},"message":"E0609 14:50:34.049621    8732 watch.go:116] watchAllDir unable to walk dir `c:\\Users\\user\\.gemini\\antigravity-ide\\scratch\\mesma-website\\dataconnect`: GetFileAttributesEx c:\\Users\\user\\.gemini\\antigravity-ide\\scratch\\mesma-website\\dataconnect: The system cannot find the file specified.\n"}}
[debug] [2026-06-09T11:50:34.050Z] E0609 14:50:34.049621    8732 watch.go:40] Failed to load config from "c:\\Users\\user\\.gemini\\antigravity-ide\\scratch\\mesma-website\\dataconnect": could not find dataconnect.yaml in `c:\Users\user\.gemini\antigravity-ide\scratch\mesma-website\dataconnect`
 {"metadata":{"emulator":{"name":"dataconnect"},"message":"E0609 14:50:34.049621    8732 watch.go:40] Failed to load config from \"c:\\\\Users\\\\user\\\\.gemini\\\\antigravity-ide\\\\scratch\\\\mesma-website\\\\dataconnect\": could not find dataconnect.yaml in `c:\\Users\\user\\.gemini\\antigravity-ide\\scratch\\mesma-website\\dataconnect`\n"}}
[debug] [2026-06-09T11:50:44.050Z] E0609 14:50:44.050780    8732 watch.go:40] Failed to load config from "c:\\Users\\user\\.gemini\\antigravity-ide\\scratch\\mesma-website\\dataconnect": could not find dataconnect.yaml in `c:\Users\user\.gemini\antigravity-ide\scratch\mesma-website\dataconnect`
 {"metadata":{"emulator":{"name":"dataconnect"},"message":"E0609 14:50:44.050780    8732 watch.go:40] Failed to load config from \"c:\\\\Users\\\\user\\\\.gemini\\\\antigravity-ide\\\\scratch\\\\mesma-website\\\\dataconnect\": could not find dataconnect.yaml in `c:\\Users\\user\\.gemini\\antigravity-ide\\scratch\\mesma-website\\dataconnect`\n"}}
[debug] [2026-06-09T11:50:54.050Z] E0609 14:50:54.050503    8732 watch.go:40] Failed to load config from "c:\\Users\\user\\.gemini\\antigravity-ide\\scratch\\mesma-website\\dataconnect": could not find dataconnect.yaml in `c:\Users\user\.gemini\antigravity-ide\scratch\mesma-website\dataconnect`
 {"metadata":{"emulator":{"name":"dataconnect"},"message":"E0609 14:50:54.050503    8732 watch.go:40] Failed to load config from \"c:\\\\Users\\\\user\\\\.gemini\\\\antigravity-ide\\\\scratch\\\\mesma-website\\\\dataconnect\": could not find dataconnect.yaml in `c:\\Users\\user\\.gemini\\antigravity-ide\\scratch\\mesma-website\\dataconnect`\n"}}
[debug] [2026-06-09T11:51:04.050Z] E0609 14:51:04.050367    8732 watch.go:40] Failed to load config from "c:\\Users\\user\\.gemini\\antigravity-ide\\scratch\\mesma-website\\dataconnect": could not find dataconnect.yaml in `c:\Users\user\.gemini\antigravity-ide\scratch\mesma-website\dataconnect`
 {"metadata":{"emulator":{"name":"dataconnect"},"message":"E0609 14:51:04.050367    8732 watch.go:40] Failed to load config from \"c:\\\\Users\\\\user\\\\.gemini\\\\antigravity-ide\\\\scratch\\\\mesma-website\\\\dataconnect\": could not find dataconnect.yaml in `c:\\Users\\user\\.gemini\\antigravity-ide\\scratch\\mesma-website\\dataconnect`\n"}}
[debug] [2026-06-09T11:51:14.050Z] E0609 14:51:14.050075    8732 watch.go:40] Failed to load config from "c:\\Users\\user\\.gemini\\antigravity-ide\\scratch\\mesma-website\\dataconnect": could not find dataconnect.yaml in `c:\Users\user\.gemini\antigravity-ide\scratch\mesma-website\dataconnect`
 {"metadata":{"emulator":{"name":"dataconnect"},"message":"E0609 14:51:14.050075    8732 watch.go:40] Failed to load config from \"c:\\\\Users\\\\user\\\\.gemini\\\\antigravity-ide\\\\scratch\\\\mesma-website\\\\dataconnect\": could not find dataconnect.yaml in `c:\\Users\\user\\.gemini\\antigravity-ide\\scratch\\mesma-website\\dataconnect`\n"}}
[debug] [2026-06-09T11:51:24.049Z] E0609 14:51:24.049728    8732 watch.go:40] Failed to load config from "c:\\Users\\user\\.gemini\\antigravity-ide\\scratch\\mesma-website\\dataconnect": could not find dataconnect.yaml in `c:\Users\user\.gemini\antigravity-ide\scratch\mesma-website\dataconnect`
 {"metadata":{"emulator":{"name":"dataconnect"},"message":"E0609 14:51:24.049728    8732 watch.go:40] Failed to load config from \"c:\\\\Users\\\\user\\\\.gemini\\\\antigravity-ide\\\\scratch\\\\mesma-website\\\\dataconnect\": could not find dataconnect.yaml in `c:\\Users\\user\\.gemini\\antigravity-ide\\scratch\\mesma-website\\dataconnect`\n"}}
[debug] [2026-06-09T11:51:34.050Z] E0609 14:51:34.050400    8732 watch.go:116] watchAllDir unable to walk dir `c:\Users\user\.gemini\antigravity-ide\scratch\mesma-website\dataconnect`: GetFileAttributesEx c:\Users\user\.gemini\antigravity-ide\scratch\mesma-website\dataconnect: The system cannot find the file specified.
E0609 14:51:34.050400    8732 watch.go:40] Failed to load config from "c:\\Users\\user\\.gemini\\antigravity-ide\\scratch\\mesma-website\\dataconnect": could not find dataconnect.yaml in `c:\Users\user\.gemini\antigravity-ide\scratch\mesma-website\dataconnect`
 {"metadata":{"emulator":{"name":"dataconnect"},"message":"E0609 14:51:34.050400    8732 watch.go:116] watchAllDir unable to walk dir `c:\\Users\\user\\.gemini\\antigravity-ide\\scratch\\mesma-website\\dataconnect`: GetFileAttributesEx c:\\Users\\user\\.gemini\\antigravity-ide\\scratch\\mesma-website\\dataconnect: The system cannot find the file specified.\nE0609 14:51:34.050400    8732 watch.go:40] Failed to load config from \"c:\\\\Users\\\\user\\\\.gemini\\\\antigravity-ide\\\\scratch\\\\mesma-website\\\\dataconnect\": could not find dataconnect.yaml in `c:\\Users\\user\\.gemini\\antigravity-ide\\scratch\\mesma-website\\dataconnect`\n"}}
[debug] [2026-06-09T11:51:44.051Z] E0609 14:51:44.050763    8732 watch.go:40] Failed to load config from "c:\\Users\\user\\.gemini\\antigravity-ide\\scratch\\mesma-website\\dataconnect": could not find dataconnect.yaml in `c:\Users\user\.gemini\antigravity-ide\scratch\mesma-website\dataconnect`
 {"metadata":{"emulator":{"name":"dataconnect"},"message":"E0609 14:51:44.050763    8732 watch.go:40] Failed to load config from \"c:\\\\Users\\\\user\\\\.gemini\\\\antigravity-ide\\\\scratch\\\\mesma-website\\\\dataconnect\": could not find dataconnect.yaml in `c:\\Users\\user\\.gemini\\antigravity-ide\\scratch\\mesma-website\\dataconnect`\n"}}
[debug] [2026-06-09T11:51:54.049Z] E0609 14:51:54.050097    8732 watch.go:40] Failed to load config from "c:\\Users\\user\\.gemini\\antigravity-ide\\scratch\\mesma-website\\dataconnect": could not find dataconnect.yaml in `c:\Users\user\.gemini\antigravity-ide\scratch\mesma-website\dataconnect`
 {"metadata":{"emulator":{"name":"dataconnect"},"message":"E0609 14:51:54.050097    8732 watch.go:40] Failed to load config from \"c:\\\\Users\\\\user\\\\.gemini\\\\antigravity-ide\\\\scratch\\\\mesma-website\\\\dataconnect\": could not find dataconnect.yaml in `c:\\Users\\user\\.gemini\\antigravity-ide\\scratch\\mesma-website\\dataconnect`\n"}}
[debug] [2026-06-09T11:52:04.049Z] E0609 14:52:04.050345    8732 watch.go:40] Failed to load config from "c:\\Users\\user\\.gemini\\antigravity-ide\\scratch\\mesma-website\\dataconnect": could not find dataconnect.yaml in `c:\Users\user\.gemini\antigravity-ide\scratch\mesma-website\dataconnect`
 {"metadata":{"emulator":{"name":"dataconnect"},"message":"E0609 14:52:04.050345    8732 watch.go:40] Failed to load config from \"c:\\\\Users\\\\user\\\\.gemini\\\\antigravity-ide\\\\scratch\\\\mesma-website\\\\dataconnect\": could not find dataconnect.yaml in `c:\\Users\\user\\.gemini\\antigravity-ide\\scratch\\mesma-website\\dataconnect`\n"}}
[debug] [2026-06-09T11:52:14.049Z] E0609 14:52:14.049902    8732 watch.go:40] Failed to load config from "c:\\Users\\user\\.gemini\\antigravity-ide\\scratch\\mesma-website\\dataconnect": could not find dataconnect.yaml in `c:\Users\user\.gemini\antigravity-ide\scratch\mesma-website\dataconnect`
 {"metadata":{"emulator":{"name":"dataconnect"},"message":"E0609 14:52:14.049902    8732 watch.go:40] Failed to load config from \"c:\\\\Users\\\\user\\\\.gemini\\\\antigravity-ide\\\\scratch\\\\mesma-website\\\\dataconnect\": could not find dataconnect.yaml in `c:\\Users\\user\\.gemini\\antigravity-ide\\scratch\\mesma-website\\dataconnect`\n"}}
[debug] [2026-06-09T11:52:24.048Z] E0609 14:52:24.049612    8732 watch.go:40] Failed to load config from "c:\\Users\\user\\.gemini\\antigravity-ide\\scratch\\mesma-website\\dataconnect": could not find dataconnect.yaml in `c:\Users\user\.gemini\antigravity-ide\scratch\mesma-website\dataconnect`
 {"metadata":{"emulator":{"name":"dataconnect"},"message":"E0609 14:52:24.049612    8732 watch.go:40] Failed to load config from \"c:\\\\Users\\\\user\\\\.gemini\\\\antigravity-ide\\\\scratch\\\\mesma-website\\\\dataconnect\": could not find dataconnect.yaml in `c:\\Users\\user\\.gemini\\antigravity-ide\\scratch\\mesma-website\\dataconnect`\n"}}
[debug] [2026-06-09T11:52:34.049Z] E0609 14:52:34.050273    8732 watch.go:116] watchAllDir unable to walk dir `c:\Users\user\.gemini\antigravity-ide\scratch\mesma-website\dataconnect`: GetFileAttributesEx c:\Users\user\.gemini\antigravity-ide\scratch\mesma-website\dataconnect: The system cannot find the file specified.
 {"metadata":{"emulator":{"name":"dataconnect"},"message":"E0609 14:52:34.050273    8732 watch.go:116] watchAllDir unable to walk dir `c:\\Users\\user\\.gemini\\antigravity-ide\\scratch\\mesma-website\\dataconnect`: GetFileAttributesEx c:\\Users\\user\\.gemini\\antigravity-ide\\scratch\\mesma-website\\dataconnect: The system cannot find the file specified.\n"}}
[debug] [2026-06-09T11:52:34.050Z] E0609 14:52:34.050778    8732 watch.go:40] Failed to load config from "c:\\Users\\user\\.gemini\\antigravity-ide\\scratch\\mesma-website\\dataconnect": could not find dataconnect.yaml in `c:\Users\user\.gemini\antigravity-ide\scratch\mesma-website\dataconnect`
 {"metadata":{"emulator":{"name":"dataconnect"},"message":"E0609 14:52:34.050778    8732 watch.go:40] Failed to load config from \"c:\\\\Users\\\\user\\\\.gemini\\\\antigravity-ide\\\\scratch\\\\mesma-website\\\\dataconnect\": could not find dataconnect.yaml in `c:\\Users\\user\\.gemini\\antigravity-ide\\scratch\\mesma-website\\dataconnect`\n"}}
[debug] [2026-06-09T11:52:44.048Z] E0609 14:52:44.049348    8732 watch.go:40] Failed to load config from "c:\\Users\\user\\.gemini\\antigravity-ide\\scratch\\mesma-website\\dataconnect": could not find dataconnect.yaml in `c:\Users\user\.gemini\antigravity-ide\scratch\mesma-website\dataconnect`
 {"metadata":{"emulator":{"name":"dataconnect"},"message":"E0609 14:52:44.049348    8732 watch.go:40] Failed to load config from \"c:\\\\Users\\\\user\\\\.gemini\\\\antigravity-ide\\\\scratch\\\\mesma-website\\\\dataconnect\": could not find dataconnect.yaml in `c:\\Users\\user\\.gemini\\antigravity-ide\\scratch\\mesma-website\\dataconnect`\n"}}
[debug] [2026-06-09T11:52:54.049Z] E0609 14:52:54.049903    8732 watch.go:40] Failed to load config from "c:\\Users\\user\\.gemini\\antigravity-ide\\scratch\\mesma-website\\dataconnect": could not find dataconnect.yaml in `c:\Users\user\.gemini\antigravity-ide\scratch\mesma-website\dataconnect`
 {"metadata":{"emulator":{"name":"dataconnect"},"message":"E0609 14:52:54.049903    8732 watch.go:40] Failed to load config from \"c:\\\\Users\\\\user\\\\.gemini\\\\antigravity-ide\\\\scratch\\\\mesma-website\\\\dataconnect\": could not find dataconnect.yaml in `c:\\Users\\user\\.gemini\\antigravity-ide\\scratch\\mesma-website\\dataconnect`\n"}}
[debug] [2026-06-09T11:53:04.050Z] E0609 14:53:04.050696    8732 watch.go:40] Failed to load config from "c:\\Users\\user\\.gemini\\antigravity-ide\\scratch\\mesma-website\\dataconnect": could not find dataconnect.yaml in `c:\Users\user\.gemini\antigravity-ide\scratch\mesma-website\dataconnect`
 {"metadata":{"emulator":{"name":"dataconnect"},"message":"E0609 14:53:04.050696    8732 watch.go:40] Failed to load config from \"c:\\\\Users\\\\user\\\\.gemini\\\\antigravity-ide\\\\scratch\\\\mesma-website\\\\dataconnect\": could not find dataconnect.yaml in `c:\\Users\\user\\.gemini\\antigravity-ide\\scratch\\mesma-website\\dataconnect`\n"}}
[debug] [2026-06-09T11:53:14.049Z] E0609 14:53:14.049757    8732 watch.go:40] Failed to load config from "c:\\Users\\user\\.gemini\\antigravity-ide\\scratch\\mesma-website\\dataconnect": could not find dataconnect.yaml in `c:\Users\user\.gemini\antigravity-ide\scratch\mesma-website\dataconnect`
 {"metadata":{"emulator":{"name":"dataconnect"},"message":"E0609 14:53:14.049757    8732 watch.go:40] Failed to load config from \"c:\\\\Users\\\\user\\\\.gemini\\\\antigravity-ide\\\\scratch\\\\mesma-website\\\\dataconnect\": could not find dataconnect.yaml in `c:\\Users\\user\\.gemini\\antigravity-ide\\scratch\\mesma-website\\dataconnect`\n"}}
[debug] [2026-06-09T11:53:24.050Z] E0609 14:53:24.050751    8732 watch.go:40] Failed to load config from "c:\\Users\\user\\.gemini\\antigravity-ide\\scratch\\mesma-website\\dataconnect": could not find dataconnect.yaml in `c:\Users\user\.gemini\antigravity-ide\scratch\mesma-website\dataconnect`
 {"metadata":{"emulator":{"name":"dataconnect"},"message":"E0609 14:53:24.050751    8732 watch.go:40] Failed to load config from \"c:\\\\Users\\\\user\\\\.gemini\\\\antigravity-ide\\\\scratch\\\\mesma-website\\\\dataconnect\": could not find dataconnect.yaml in `c:\\Users\\user\\.gemini\\antigravity-ide\\scratch\\mesma-website\\dataconnect`\n"}}
[debug] [2026-06-09T11:53:34.049Z] E0609 14:53:34.049884    8732 watch.go:116] watchAllDir unable to walk dir `c:\Users\user\.gemini\antigravity-ide\scratch\mesma-website\dataconnect`: GetFileAttributesEx c:\Users\user\.gemini\antigravity-ide\scratch\mesma-website\dataconnect: The system cannot find the file specified.
 {"metadata":{"emulator":{"name":"dataconnect"},"message":"E0609 14:53:34.049884    8732 watch.go:116] watchAllDir unable to walk dir `c:\\Users\\user\\.gemini\\antigravity-ide\\scratch\\mesma-website\\dataconnect`: GetFileAttributesEx c:\\Users\\user\\.gemini\\antigravity-ide\\scratch\\mesma-website\\dataconnect: The system cannot find the file specified.\n"}}
[debug] [2026-06-09T11:53:34.050Z] E0609 14:53:34.050446    8732 watch.go:40] Failed to load config from "c:\\Users\\user\\.gemini\\antigravity-ide\\scratch\\mesma-website\\dataconnect": could not find dataconnect.yaml in `c:\Users\user\.gemini\antigravity-ide\scratch\mesma-website\dataconnect`
 {"metadata":{"emulator":{"name":"dataconnect"},"message":"E0609 14:53:34.050446    8732 watch.go:40] Failed to load config from \"c:\\\\Users\\\\user\\\\.gemini\\\\antigravity-ide\\\\scratch\\\\mesma-website\\\\dataconnect\": could not find dataconnect.yaml in `c:\\Users\\user\\.gemini\\antigravity-ide\\scratch\\mesma-website\\dataconnect`\n"}}
[debug] [2026-06-09T11:53:44.050Z] E0609 14:53:44.050497    8732 watch.go:40] Failed to load config from "c:\\Users\\user\\.gemini\\antigravity-ide\\scratch\\mesma-website\\dataconnect": could not find dataconnect.yaml in `c:\Users\user\.gemini\antigravity-ide\scratch\mesma-website\dataconnect`
 {"metadata":{"emulator":{"name":"dataconnect"},"message":"E0609 14:53:44.050497    8732 watch.go:40] Failed to load config from \"c:\\\\Users\\\\user\\\\.gemini\\\\antigravity-ide\\\\scratch\\\\mesma-website\\\\dataconnect\": could not find dataconnect.yaml in `c:\\Users\\user\\.gemini\\antigravity-ide\\scratch\\mesma-website\\dataconnect`\n"}}
[debug] [2026-06-09T11:53:54.050Z] E0609 14:53:54.050647    8732 watch.go:40] Failed to load config from "c:\\Users\\user\\.gemini\\antigravity-ide\\scratch\\mesma-website\\dataconnect": could not find dataconnect.yaml in `c:\Users\user\.gemini\antigravity-ide\scratch\mesma-website\dataconnect`
 {"metadata":{"emulator":{"name":"dataconnect"},"message":"E0609 14:53:54.050647    8732 watch.go:40] Failed to load config from \"c:\\\\Users\\\\user\\\\.gemini\\\\antigravity-ide\\\\scratch\\\\mesma-website\\\\dataconnect\": could not find dataconnect.yaml in `c:\\Users\\user\\.gemini\\antigravity-ide\\scratch\\mesma-website\\dataconnect`\n"}}
[debug] [2026-06-09T11:54:04.049Z] E0609 14:54:04.049833    8732 watch.go:40] Failed to load config from "c:\\Users\\user\\.gemini\\antigravity-ide\\scratch\\mesma-website\\dataconnect": could not find dataconnect.yaml in `c:\Users\user\.gemini\antigravity-ide\scratch\mesma-website\dataconnect`
 {"metadata":{"emulator":{"name":"dataconnect"},"message":"E0609 14:54:04.049833    8732 watch.go:40] Failed to load config from \"c:\\\\Users\\\\user\\\\.gemini\\\\antigravity-ide\\\\scratch\\\\mesma-website\\\\dataconnect\": could not find dataconnect.yaml in `c:\\Users\\user\\.gemini\\antigravity-ide\\scratch\\mesma-website\\dataconnect`\n"}}
[debug] [2026-06-09T11:54:14.049Z] E0609 14:54:14.049677    8732 watch.go:40] Failed to load config from "c:\\Users\\user\\.gemini\\antigravity-ide\\scratch\\mesma-website\\dataconnect": could not find dataconnect.yaml in `c:\Users\user\.gemini\antigravity-ide\scratch\mesma-website\dataconnect`
 {"metadata":{"emulator":{"name":"dataconnect"},"message":"E0609 14:54:14.049677    8732 watch.go:40] Failed to load config from \"c:\\\\Users\\\\user\\\\.gemini\\\\antigravity-ide\\\\scratch\\\\mesma-website\\\\dataconnect\": could not find dataconnect.yaml in `c:\\Users\\user\\.gemini\\antigravity-ide\\scratch\\mesma-website\\dataconnect`\n"}}
[debug] [2026-06-09T11:54:24.051Z] E0609 14:54:24.050510    8732 watch.go:40] Failed to load config from "c:\\Users\\user\\.gemini\\antigravity-ide\\scratch\\mesma-website\\dataconnect": could not find dataconnect.yaml in `c:\Users\user\.gemini\antigravity-ide\scratch\mesma-website\dataconnect`
 {"metadata":{"emulator":{"name":"dataconnect"},"message":"E0609 14:54:24.050510    8732 watch.go:40] Failed to load config from \"c:\\\\Users\\\\user\\\\.gemini\\\\antigravity-ide\\\\scratch\\\\mesma-website\\\\dataconnect\": could not find dataconnect.yaml in `c:\\Users\\user\\.gemini\\antigravity-ide\\scratch\\mesma-website\\dataconnect`\n"}}
[debug] [2026-06-09T11:54:34.049Z] E0609 14:54:34.049854    8732 watch.go:116] watchAllDir unable to walk dir `c:\Users\user\.gemini\antigravity-ide\scratch\mesma-website\dataconnect`: GetFileAttributesEx c:\Users\user\.gemini\antigravity-ide\scratch\mesma-website\dataconnect: The system cannot find the file specified.
 {"metadata":{"emulator":{"name":"dataconnect"},"message":"E0609 14:54:34.049854    8732 watch.go:116] watchAllDir unable to walk dir `c:\\Users\\user\\.gemini\\antigravity-ide\\scratch\\mesma-website\\dataconnect`: GetFileAttributesEx c:\\Users\\user\\.gemini\\antigravity-ide\\scratch\\mesma-website\\dataconnect: The system cannot find the file specified.\n"}}
[debug] [2026-06-09T11:54:34.050Z] E0609 14:54:34.050204    8732 watch.go:40] Failed to load config from "c:\\Users\\user\\.gemini\\antigravity-ide\\scratch\\mesma-website\\dataconnect": could not find dataconnect.yaml in `c:\Users\user\.gemini\antigravity-ide\scratch\mesma-website\dataconnect`
 {"metadata":{"emulator":{"name":"dataconnect"},"message":"E0609 14:54:34.050204    8732 watch.go:40] Failed to load config from \"c:\\\\Users\\\\user\\\\.gemini\\\\antigravity-ide\\\\scratch\\\\mesma-website\\\\dataconnect\": could not find dataconnect.yaml in `c:\\Users\\user\\.gemini\\antigravity-ide\\scratch\\mesma-website\\dataconnect`\n"}}
[debug] [2026-06-09T11:54:44.050Z] E0609 14:54:44.050395    8732 watch.go:40] Failed to load config from "c:\\Users\\user\\.gemini\\antigravity-ide\\scratch\\mesma-website\\dataconnect": could not find dataconnect.yaml in `c:\Users\user\.gemini\antigravity-ide\scratch\mesma-website\dataconnect`
 {"metadata":{"emulator":{"name":"dataconnect"},"message":"E0609 14:54:44.050395    8732 watch.go:40] Failed to load config from \"c:\\\\Users\\\\user\\\\.gemini\\\\antigravity-ide\\\\scratch\\\\mesma-website\\\\dataconnect\": could not find dataconnect.yaml in `c:\\Users\\user\\.gemini\\antigravity-ide\\scratch\\mesma-website\\dataconnect`\n"}}
[debug] [2026-06-09T11:54:54.050Z] E0609 14:54:54.050082    8732 watch.go:40] Failed to load config from "c:\\Users\\user\\.gemini\\antigravity-ide\\scratch\\mesma-website\\dataconnect": could not find dataconnect.yaml in `c:\Users\user\.gemini\antigravity-ide\scratch\mesma-website\dataconnect`
 {"metadata":{"emulator":{"name":"dataconnect"},"message":"E0609 14:54:54.050082    8732 watch.go:40] Failed to load config from \"c:\\\\Users\\\\user\\\\.gemini\\\\antigravity-ide\\\\scratch\\\\mesma-website\\\\dataconnect\": could not find dataconnect.yaml in `c:\\Users\\user\\.gemini\\antigravity-ide\\scratch\\mesma-website\\dataconnect`\n"}}
[debug] [2026-06-09T11:55:04.050Z] E0609 14:55:04.049947    8732 watch.go:40] Failed to load config from "c:\\Users\\user\\.gemini\\antigravity-ide\\scratch\\mesma-website\\dataconnect": could not find dataconnect.yaml in `c:\Users\user\.gemini\antigravity-ide\scratch\mesma-website\dataconnect`
 {"metadata":{"emulator":{"name":"dataconnect"},"message":"E0609 14:55:04.049947    8732 watch.go:40] Failed to load config from \"c:\\\\Users\\\\user\\\\.gemini\\\\antigravity-ide\\\\scratch\\\\mesma-website\\\\dataconnect\": could not find dataconnect.yaml in `c:\\Users\\user\\.gemini\\antigravity-ide\\scratch\\mesma-website\\dataconnect`\n"}}
[debug] [2026-06-09T11:55:14.050Z] E0609 14:55:14.049621    8732 watch.go:40] Failed to load config from "c:\\Users\\user\\.gemini\\antigravity-ide\\scratch\\mesma-website\\dataconnect": could not find dataconnect.yaml in `c:\Users\user\.gemini\antigravity-ide\scratch\mesma-website\dataconnect`
 {"metadata":{"emulator":{"name":"dataconnect"},"message":"E0609 14:55:14.049621    8732 watch.go:40] Failed to load config from \"c:\\\\Users\\\\user\\\\.gemini\\\\antigravity-ide\\\\scratch\\\\mesma-website\\\\dataconnect\": could not find dataconnect.yaml in `c:\\Users\\user\\.gemini\\antigravity-ide\\scratch\\mesma-website\\dataconnect`\n"}}
[debug] [2026-06-09T11:55:24.052Z] E0609 14:55:24.052269    8732 watch.go:40] Failed to load config from "c:\\Users\\user\\.gemini\\antigravity-ide\\scratch\\mesma-website\\dataconnect": could not find dataconnect.yaml in `c:\Users\user\.gemini\antigravity-ide\scratch\mesma-website\dataconnect`
 {"metadata":{"emulator":{"name":"dataconnect"},"message":"E0609 14:55:24.052269    8732 watch.go:40] Failed to load config from \"c:\\\\Users\\\\user\\\\.gemini\\\\antigravity-ide\\\\scratch\\\\mesma-website\\\\dataconnect\": could not find dataconnect.yaml in `c:\\Users\\user\\.gemini\\antigravity-ide\\scratch\\mesma-website\\dataconnect`\n"}}
[debug] [2026-06-09T11:55:34.049Z] E0609 14:55:34.049780    8732 watch.go:116] watchAllDir unable to walk dir `c:\Users\user\.gemini\antigravity-ide\scratch\mesma-website\dataconnect`: GetFileAttributesEx c:\Users\user\.gemini\antigravity-ide\scratch\mesma-website\dataconnect: The system cannot find the file specified.
 {"metadata":{"emulator":{"name":"dataconnect"},"message":"E0609 14:55:34.049780    8732 watch.go:116] watchAllDir unable to walk dir `c:\\Users\\user\\.gemini\\antigravity-ide\\scratch\\mesma-website\\dataconnect`: GetFileAttributesEx c:\\Users\\user\\.gemini\\antigravity-ide\\scratch\\mesma-website\\dataconnect: The system cannot find the file specified.\n"}}
[debug] [2026-06-09T11:55:34.050Z] E0609 14:55:34.049780    8732 watch.go:40] Failed to load config from "c:\\Users\\user\\.gemini\\antigravity-ide\\scratch\\mesma-website\\dataconnect": could not find dataconnect.yaml in `c:\Users\user\.gemini\antigravity-ide\scratch\mesma-website\dataconnect`
 {"metadata":{"emulator":{"name":"dataconnect"},"message":"E0609 14:55:34.049780    8732 watch.go:40] Failed to load config from \"c:\\\\Users\\\\user\\\\.gemini\\\\antigravity-ide\\\\scratch\\\\mesma-website\\\\dataconnect\": could not find dataconnect.yaml in `c:\\Users\\user\\.gemini\\antigravity-ide\\scratch\\mesma-website\\dataconnect`\n"}}
[debug] [2026-06-09T11:55:44.069Z] E0609 14:55:44.054523    8732 watch.go:40] Failed to load config from "c:\\Users\\user\\.gemini\\antigravity-ide\\scratch\\mesma-website\\dataconnect": could not find dataconnect.yaml in `c:\Users\user\.gemini\antigravity-ide\scratch\mesma-website\dataconnect`
 {"metadata":{"emulator":{"name":"dataconnect"},"message":"E0609 14:55:44.054523    8732 watch.go:40] Failed to load config from \"c:\\\\Users\\\\user\\\\.gemini\\\\antigravity-ide\\\\scratch\\\\mesma-website\\\\dataconnect\": could not find dataconnect.yaml in `c:\\Users\\user\\.gemini\\antigravity-ide\\scratch\\mesma-website\\dataconnect`\n"}}
[debug] [2026-06-09T11:55:54.064Z] E0609 14:55:54.064417    8732 watch.go:40] Failed to load config from "c:\\Users\\user\\.gemini\\antigravity-ide\\scratch\\mesma-website\\dataconnect": could not find dataconnect.yaml in `c:\Users\user\.gemini\antigravity-ide\scratch\mesma-website\dataconnect`
 {"metadata":{"emulator":{"name":"dataconnect"},"message":"E0609 14:55:54.064417    8732 watch.go:40] Failed to load config from \"c:\\\\Users\\\\user\\\\.gemini\\\\antigravity-ide\\\\scratch\\\\mesma-website\\\\dataconnect\": could not find dataconnect.yaml in `c:\\Users\\user\\.gemini\\antigravity-ide\\scratch\\mesma-website\\dataconnect`\n"}}
[debug] [2026-06-09T11:56:04.050Z] E0609 14:56:04.050259    8732 watch.go:40] Failed to load config from "c:\\Users\\user\\.gemini\\antigravity-ide\\scratch\\mesma-website\\dataconnect": could not find dataconnect.yaml in `c:\Users\user\.gemini\antigravity-ide\scratch\mesma-website\dataconnect`
 {"metadata":{"emulator":{"name":"dataconnect"},"message":"E0609 14:56:04.050259    8732 watch.go:40] Failed to load config from \"c:\\\\Users\\\\user\\\\.gemini\\\\antigravity-ide\\\\scratch\\\\mesma-website\\\\dataconnect\": could not find dataconnect.yaml in `c:\\Users\\user\\.gemini\\antigravity-ide\\scratch\\mesma-website\\dataconnect`\n"}}
[debug] [2026-06-09T11:56:14.066Z] E0609 14:56:14.062875    8732 watch.go:40] Failed to load config from "c:\\Users\\user\\.gemini\\antigravity-ide\\scratch\\mesma-website\\dataconnect": could not find dataconnect.yaml in `c:\Users\user\.gemini\antigravity-ide\scratch\mesma-website\dataconnect`
 {"metadata":{"emulator":{"name":"dataconnect"},"message":"E0609 14:56:14.062875    8732 watch.go:40] Failed to load config from \"c:\\\\Users\\\\user\\\\.gemini\\\\antigravity-ide\\\\scratch\\\\mesma-website\\\\dataconnect\": could not find dataconnect.yaml in `c:\\Users\\user\\.gemini\\antigravity-ide\\scratch\\mesma-website\\dataconnect`\n"}}
[debug] [2026-06-09T11:56:24.050Z] E0609 14:56:24.051069    8732 watch.go:40] Failed to load config from "c:\\Users\\user\\.gemini\\antigravity-ide\\scratch\\mesma-website\\dataconnect": could not find dataconnect.yaml in `c:\Users\user\.gemini\antigravity-ide\scratch\mesma-website\dataconnect`
 {"metadata":{"emulator":{"name":"dataconnect"},"message":"E0609 14:56:24.051069    8732 watch.go:40] Failed to load config from \"c:\\\\Users\\\\user\\\\.gemini\\\\antigravity-ide\\\\scratch\\\\mesma-website\\\\dataconnect\": could not find dataconnect.yaml in `c:\\Users\\user\\.gemini\\antigravity-ide\\scratch\\mesma-website\\dataconnect`\n"}}
[debug] [2026-06-09T11:56:34.053Z] E0609 14:56:34.051982    8732 watch.go:116] watchAllDir unable to walk dir `c:\Users\user\.gemini\antigravity-ide\scratch\mesma-website\dataconnect`: GetFileAttributesEx c:\Users\user\.gemini\antigravity-ide\scratch\mesma-website\dataconnect: The system cannot find the file specified.
 {"metadata":{"emulator":{"name":"dataconnect"},"message":"E0609 14:56:34.051982    8732 watch.go:116] watchAllDir unable to walk dir `c:\\Users\\user\\.gemini\\antigravity-ide\\scratch\\mesma-website\\dataconnect`: GetFileAttributesEx c:\\Users\\user\\.gemini\\antigravity-ide\\scratch\\mesma-website\\dataconnect: The system cannot find the file specified.\n"}}
[debug] [2026-06-09T11:56:34.054Z] E0609 14:56:34.053910    8732 watch.go:40] Failed to load config from "c:\\Users\\user\\.gemini\\antigravity-ide\\scratch\\mesma-website\\dataconnect": could not find dataconnect.yaml in `c:\Users\user\.gemini\antigravity-ide\scratch\mesma-website\dataconnect`
 {"metadata":{"emulator":{"name":"dataconnect"},"message":"E0609 14:56:34.053910    8732 watch.go:40] Failed to load config from \"c:\\\\Users\\\\user\\\\.gemini\\\\antigravity-ide\\\\scratch\\\\mesma-website\\\\dataconnect\": could not find dataconnect.yaml in `c:\\Users\\user\\.gemini\\antigravity-ide\\scratch\\mesma-website\\dataconnect`\n"}}
[debug] [2026-06-09T11:56:44.050Z] E0609 14:56:44.050262    8732 watch.go:40] Failed to load config from "c:\\Users\\user\\.gemini\\antigravity-ide\\scratch\\mesma-website\\dataconnect": could not find dataconnect.yaml in `c:\Users\user\.gemini\antigravity-ide\scratch\mesma-website\dataconnect`
 {"metadata":{"emulator":{"name":"dataconnect"},"message":"E0609 14:56:44.050262    8732 watch.go:40] Failed to load config from \"c:\\\\Users\\\\user\\\\.gemini\\\\antigravity-ide\\\\scratch\\\\mesma-website\\\\dataconnect\": could not find dataconnect.yaml in `c:\\Users\\user\\.gemini\\antigravity-ide\\scratch\\mesma-website\\dataconnect`\n"}}
[debug] [2026-06-09T11:56:54.051Z] E0609 14:56:54.050931    8732 watch.go:40] Failed to load config from "c:\\Users\\user\\.gemini\\antigravity-ide\\scratch\\mesma-website\\dataconnect": could not find dataconnect.yaml in `c:\Users\user\.gemini\antigravity-ide\scratch\mesma-website\dataconnect`
 {"metadata":{"emulator":{"name":"dataconnect"},"message":"E0609 14:56:54.050931    8732 watch.go:40] Failed to load config from \"c:\\\\Users\\\\user\\\\.gemini\\\\antigravity-ide\\\\scratch\\\\mesma-website\\\\dataconnect\": could not find dataconnect.yaml in `c:\\Users\\user\\.gemini\\antigravity-ide\\scratch\\mesma-website\\dataconnect`\n"}}
[debug] [2026-06-09T11:57:04.049Z] E0609 14:57:04.049690    8732 watch.go:40] Failed to load config from "c:\\Users\\user\\.gemini\\antigravity-ide\\scratch\\mesma-website\\dataconnect": could not find dataconnect.yaml in `c:\Users\user\.gemini\antigravity-ide\scratch\mesma-website\dataconnect`
 {"metadata":{"emulator":{"name":"dataconnect"},"message":"E0609 14:57:04.049690    8732 watch.go:40] Failed to load config from \"c:\\\\Users\\\\user\\\\.gemini\\\\antigravity-ide\\\\scratch\\\\mesma-website\\\\dataconnect\": could not find dataconnect.yaml in `c:\\Users\\user\\.gemini\\antigravity-ide\\scratch\\mesma-website\\dataconnect`\n"}}
[debug] [2026-06-09T11:57:14.050Z] E0609 14:57:14.050234    8732 watch.go:40] Failed to load config from "c:\\Users\\user\\.gemini\\antigravity-ide\\scratch\\mesma-website\\dataconnect": could not find dataconnect.yaml in `c:\Users\user\.gemini\antigravity-ide\scratch\mesma-website\dataconnect`
 {"metadata":{"emulator":{"name":"dataconnect"},"message":"E0609 14:57:14.050234    8732 watch.go:40] Failed to load config from \"c:\\\\Users\\\\user\\\\.gemini\\\\antigravity-ide\\\\scratch\\\\mesma-website\\\\dataconnect\": could not find dataconnect.yaml in `c:\\Users\\user\\.gemini\\antigravity-ide\\scratch\\mesma-website\\dataconnect`\n"}}
[debug] [2026-06-09T11:57:24.050Z] E0609 14:57:24.049854    8732 watch.go:40] Failed to load config from "c:\\Users\\user\\.gemini\\antigravity-ide\\scratch\\mesma-website\\dataconnect": could not find dataconnect.yaml in `c:\Users\user\.gemini\antigravity-ide\scratch\mesma-website\dataconnect`
 {"metadata":{"emulator":{"name":"dataconnect"},"message":"E0609 14:57:24.049854    8732 watch.go:40] Failed to load config from \"c:\\\\Users\\\\user\\\\.gemini\\\\antigravity-ide\\\\scratch\\\\mesma-website\\\\dataconnect\": could not find dataconnect.yaml in `c:\\Users\\user\\.gemini\\antigravity-ide\\scratch\\mesma-website\\dataconnect`\n"}}
[debug] [2026-06-09T11:57:34.049Z] E0609 14:57:34.049579    8732 watch.go:116] watchAllDir unable to walk dir `c:\Users\user\.gemini\antigravity-ide\scratch\mesma-website\dataconnect`: GetFileAttributesEx c:\Users\user\.gemini\antigravity-ide\scratch\mesma-website\dataconnect: The system cannot find the file specified.
 {"metadata":{"emulator":{"name":"dataconnect"},"message":"E0609 14:57:34.049579    8732 watch.go:116] watchAllDir unable to walk dir `c:\\Users\\user\\.gemini\\antigravity-ide\\scratch\\mesma-website\\dataconnect`: GetFileAttributesEx c:\\Users\\user\\.gemini\\antigravity-ide\\scratch\\mesma-website\\dataconnect: The system cannot find the file specified.\n"}}
[debug] [2026-06-09T11:57:34.051Z] E0609 14:57:34.049579    8732 watch.go:40] Failed to load config from "c:\\Users\\user\\.gemini\\antigravity-ide\\scratch\\mesma-website\\dataconnect": could not find dataconnect.yaml in `c:\Users\user\.gemini\antigravity-ide\scratch\mesma-website\dataconnect`
 {"metadata":{"emulator":{"name":"dataconnect"},"message":"E0609 14:57:34.049579    8732 watch.go:40] Failed to load config from \"c:\\\\Users\\\\user\\\\.gemini\\\\antigravity-ide\\\\scratch\\\\mesma-website\\\\dataconnect\": could not find dataconnect.yaml in `c:\\Users\\user\\.gemini\\antigravity-ide\\scratch\\mesma-website\\dataconnect`\n"}}
[debug] [2026-06-09T11:57:44.050Z] E0609 14:57:44.049999    8732 watch.go:40] Failed to load config from "c:\\Users\\user\\.gemini\\antigravity-ide\\scratch\\mesma-website\\dataconnect": could not find dataconnect.yaml in `c:\Users\user\.gemini\antigravity-ide\scratch\mesma-website\dataconnect`
 {"metadata":{"emulator":{"name":"dataconnect"},"message":"E0609 14:57:44.049999    8732 watch.go:40] Failed to load config from \"c:\\\\Users\\\\user\\\\.gemini\\\\antigravity-ide\\\\scratch\\\\mesma-website\\\\dataconnect\": could not find dataconnect.yaml in `c:\\Users\\user\\.gemini\\antigravity-ide\\scratch\\mesma-website\\dataconnect`\n"}}
[debug] [2026-06-09T11:57:54.050Z] E0609 14:57:54.050512    8732 watch.go:40] Failed to load config from "c:\\Users\\user\\.gemini\\antigravity-ide\\scratch\\mesma-website\\dataconnect": could not find dataconnect.yaml in `c:\Users\user\.gemini\antigravity-ide\scratch\mesma-website\dataconnect`
 {"metadata":{"emulator":{"name":"dataconnect"},"message":"E0609 14:57:54.050512    8732 watch.go:40] Failed to load config from \"c:\\\\Users\\\\user\\\\.gemini\\\\antigravity-ide\\\\scratch\\\\mesma-website\\\\dataconnect\": could not find dataconnect.yaml in `c:\\Users\\user\\.gemini\\antigravity-ide\\scratch\\mesma-website\\dataconnect`\n"}}
[debug] [2026-06-09T11:58:04.049Z] E0609 14:58:04.049636    8732 watch.go:40] Failed to load config from "c:\\Users\\user\\.gemini\\antigravity-ide\\scratch\\mesma-website\\dataconnect": could not find dataconnect.yaml in `c:\Users\user\.gemini\antigravity-ide\scratch\mesma-website\dataconnect`
 {"metadata":{"emulator":{"name":"dataconnect"},"message":"E0609 14:58:04.049636    8732 watch.go:40] Failed to load config from \"c:\\\\Users\\\\user\\\\.gemini\\\\antigravity-ide\\\\scratch\\\\mesma-website\\\\dataconnect\": could not find dataconnect.yaml in `c:\\Users\\user\\.gemini\\antigravity-ide\\scratch\\mesma-website\\dataconnect`\n"}}
[debug] [2026-06-09T11:58:14.049Z] E0609 14:58:14.049434    8732 watch.go:40] Failed to load config from "c:\\Users\\user\\.gemini\\antigravity-ide\\scratch\\mesma-website\\dataconnect": could not find dataconnect.yaml in `c:\Users\user\.gemini\antigravity-ide\scratch\mesma-website\dataconnect`
 {"metadata":{"emulator":{"name":"dataconnect"},"message":"E0609 14:58:14.049434    8732 watch.go:40] Failed to load config from \"c:\\\\Users\\\\user\\\\.gemini\\\\antigravity-ide\\\\scratch\\\\mesma-website\\\\dataconnect\": could not find dataconnect.yaml in `c:\\Users\\user\\.gemini\\antigravity-ide\\scratch\\mesma-website\\dataconnect`\n"}}
[debug] [2026-06-09T11:58:24.049Z] E0609 14:58:24.049623    8732 watch.go:40] Failed to load config from "c:\\Users\\user\\.gemini\\antigravity-ide\\scratch\\mesma-website\\dataconnect": could not find dataconnect.yaml in `c:\Users\user\.gemini\antigravity-ide\scratch\mesma-website\dataconnect`
 {"metadata":{"emulator":{"name":"dataconnect"},"message":"E0609 14:58:24.049623    8732 watch.go:40] Failed to load config from \"c:\\\\Users\\\\user\\\\.gemini\\\\antigravity-ide\\\\scratch\\\\mesma-website\\\\dataconnect\": could not find dataconnect.yaml in `c:\\Users\\user\\.gemini\\antigravity-ide\\scratch\\mesma-website\\dataconnect`\n"}}
[debug] [2026-06-09T11:58:34.049Z] E0609 14:58:34.049963    8732 watch.go:116] watchAllDir unable to walk dir `c:\Users\user\.gemini\antigravity-ide\scratch\mesma-website\dataconnect`: GetFileAttributesEx c:\Users\user\.gemini\antigravity-ide\scratch\mesma-website\dataconnect: The system cannot find the file specified.
 {"metadata":{"emulator":{"name":"dataconnect"},"message":"E0609 14:58:34.049963    8732 watch.go:116] watchAllDir unable to walk dir `c:\\Users\\user\\.gemini\\antigravity-ide\\scratch\\mesma-website\\dataconnect`: GetFileAttributesEx c:\\Users\\user\\.gemini\\antigravity-ide\\scratch\\mesma-website\\dataconnect: The system cannot find the file specified.\n"}}
[debug] [2026-06-09T11:58:34.050Z] E0609 14:58:34.050331    8732 watch.go:40] Failed to load config from "c:\\Users\\user\\.gemini\\antigravity-ide\\scratch\\mesma-website\\dataconnect": could not find dataconnect.yaml in `c:\Users\user\.gemini\antigravity-ide\scratch\mesma-website\dataconnect`
 {"metadata":{"emulator":{"name":"dataconnect"},"message":"E0609 14:58:34.050331    8732 watch.go:40] Failed to load config from \"c:\\\\Users\\\\user\\\\.gemini\\\\antigravity-ide\\\\scratch\\\\mesma-website\\\\dataconnect\": could not find dataconnect.yaml in `c:\\Users\\user\\.gemini\\antigravity-ide\\scratch\\mesma-website\\dataconnect`\n"}}
[debug] [2026-06-09T11:58:44.050Z] E0609 14:58:44.050611    8732 watch.go:40] Failed to load config from "c:\\Users\\user\\.gemini\\antigravity-ide\\scratch\\mesma-website\\dataconnect": could not find dataconnect.yaml in `c:\Users\user\.gemini\antigravity-ide\scratch\mesma-website\dataconnect`
 {"metadata":{"emulator":{"name":"dataconnect"},"message":"E0609 14:58:44.050611    8732 watch.go:40] Failed to load config from \"c:\\\\Users\\\\user\\\\.gemini\\\\antigravity-ide\\\\scratch\\\\mesma-website\\\\dataconnect\": could not find dataconnect.yaml in `c:\\Users\\user\\.gemini\\antigravity-ide\\scratch\\mesma-website\\dataconnect`\n"}}
[debug] [2026-06-09T11:58:54.050Z] E0609 14:58:54.049622    8732 watch.go:40] Failed to load config from "c:\\Users\\user\\.gemini\\antigravity-ide\\scratch\\mesma-website\\dataconnect": could not find dataconnect.yaml in `c:\Users\user\.gemini\antigravity-ide\scratch\mesma-website\dataconnect`
 {"metadata":{"emulator":{"name":"dataconnect"},"message":"E0609 14:58:54.049622    8732 watch.go:40] Failed to load config from \"c:\\\\Users\\\\user\\\\.gemini\\\\antigravity-ide\\\\scratch\\\\mesma-website\\\\dataconnect\": could not find dataconnect.yaml in `c:\\Users\\user\\.gemini\\antigravity-ide\\scratch\\mesma-website\\dataconnect`\n"}}
[debug] [2026-06-09T11:59:04.049Z] E0609 14:59:04.049390    8732 watch.go:40] Failed to load config from "c:\\Users\\user\\.gemini\\antigravity-ide\\scratch\\mesma-website\\dataconnect": could not find dataconnect.yaml in `c:\Users\user\.gemini\antigravity-ide\scratch\mesma-website\dataconnect`
 {"metadata":{"emulator":{"name":"dataconnect"},"message":"E0609 14:59:04.049390    8732 watch.go:40] Failed to load config from \"c:\\\\Users\\\\user\\\\.gemini\\\\antigravity-ide\\\\scratch\\\\mesma-website\\\\dataconnect\": could not find dataconnect.yaml in `c:\\Users\\user\\.gemini\\antigravity-ide\\scratch\\mesma-website\\dataconnect`\n"}}
[debug] [2026-06-09T11:59:14.050Z] E0609 14:59:14.050206    8732 watch.go:40] Failed to load config from "c:\\Users\\user\\.gemini\\antigravity-ide\\scratch\\mesma-website\\dataconnect": could not find dataconnect.yaml in `c:\Users\user\.gemini\antigravity-ide\scratch\mesma-website\dataconnect`
 {"metadata":{"emulator":{"name":"dataconnect"},"message":"E0609 14:59:14.050206    8732 watch.go:40] Failed to load config from \"c:\\\\Users\\\\user\\\\.gemini\\\\antigravity-ide\\\\scratch\\\\mesma-website\\\\dataconnect\": could not find dataconnect.yaml in `c:\\Users\\user\\.gemini\\antigravity-ide\\scratch\\mesma-website\\dataconnect`\n"}}
[debug] [2026-06-09T11:59:24.050Z] E0609 14:59:24.049877    8732 watch.go:40] Failed to load config from "c:\\Users\\user\\.gemini\\antigravity-ide\\scratch\\mesma-website\\dataconnect": could not find dataconnect.yaml in `c:\Users\user\.gemini\antigravity-ide\scratch\mesma-website\dataconnect`
 {"metadata":{"emulator":{"name":"dataconnect"},"message":"E0609 14:59:24.049877    8732 watch.go:40] Failed to load config from \"c:\\\\Users\\\\user\\\\.gemini\\\\antigravity-ide\\\\scratch\\\\mesma-website\\\\dataconnect\": could not find dataconnect.yaml in `c:\\Users\\user\\.gemini\\antigravity-ide\\scratch\\mesma-website\\dataconnect`\n"}}
[debug] [2026-06-09T11:59:34.049Z] E0609 14:59:34.049405    8732 watch.go:116] watchAllDir unable to walk dir `c:\Users\user\.gemini\antigravity-ide\scratch\mesma-website\dataconnect`: GetFileAttributesEx c:\Users\user\.gemini\antigravity-ide\scratch\mesma-website\dataconnect: The system cannot find the file specified.
 {"metadata":{"emulator":{"name":"dataconnect"},"message":"E0609 14:59:34.049405    8732 watch.go:116] watchAllDir unable to walk dir `c:\\Users\\user\\.gemini\\antigravity-ide\\scratch\\mesma-website\\dataconnect`: GetFileAttributesEx c:\\Users\\user\\.gemini\\antigravity-ide\\scratch\\mesma-website\\dataconnect: The system cannot find the file specified.\n"}}
[debug] [2026-06-09T11:59:34.050Z] E0609 14:59:34.049797    8732 watch.go:40] Failed to load config from "c:\\Users\\user\\.gemini\\antigravity-ide\\scratch\\mesma-website\\dataconnect": could not find dataconnect.yaml in `c:\Users\user\.gemini\antigravity-ide\scratch\mesma-website\dataconnect`
 {"metadata":{"emulator":{"name":"dataconnect"},"message":"E0609 14:59:34.049797    8732 watch.go:40] Failed to load config from \"c:\\\\Users\\\\user\\\\.gemini\\\\antigravity-ide\\\\scratch\\\\mesma-website\\\\dataconnect\": could not find dataconnect.yaml in `c:\\Users\\user\\.gemini\\antigravity-ide\\scratch\\mesma-website\\dataconnect`\n"}}
[debug] [2026-06-09T11:59:44.049Z] E0609 14:59:44.049506    8732 watch.go:40] Failed to load config from "c:\\Users\\user\\.gemini\\antigravity-ide\\scratch\\mesma-website\\dataconnect": could not find dataconnect.yaml in `c:\Users\user\.gemini\antigravity-ide\scratch\mesma-website\dataconnect`
 {"metadata":{"emulator":{"name":"dataconnect"},"message":"E0609 14:59:44.049506    8732 watch.go:40] Failed to load config from \"c:\\\\Users\\\\user\\\\.gemini\\\\antigravity-ide\\\\scratch\\\\mesma-website\\\\dataconnect\": could not find dataconnect.yaml in `c:\\Users\\user\\.gemini\\antigravity-ide\\scratch\\mesma-website\\dataconnect`\n"}}
[debug] [2026-06-09T11:59:54.049Z] E0609 14:59:54.049823    8732 watch.go:40] Failed to load config from "c:\\Users\\user\\.gemini\\antigravity-ide\\scratch\\mesma-website\\dataconnect": could not find dataconnect.yaml in `c:\Users\user\.gemini\antigravity-ide\scratch\mesma-website\dataconnect`
 {"metadata":{"emulator":{"name":"dataconnect"},"message":"E0609 14:59:54.049823    8732 watch.go:40] Failed to load config from \"c:\\\\Users\\\\user\\\\.gemini\\\\antigravity-ide\\\\scratch\\\\mesma-website\\\\dataconnect\": could not find dataconnect.yaml in `c:\\Users\\user\\.gemini\\antigravity-ide\\scratch\\mesma-website\\dataconnect`\n"}}
[debug] [2026-06-09T12:00:04.053Z] E0609 15:00:04.053102    8732 watch.go:40] Failed to load config from "c:\\Users\\user\\.gemini\\antigravity-ide\\scratch\\mesma-website\\dataconnect": could not find dataconnect.yaml in `c:\Users\user\.gemini\antigravity-ide\scratch\mesma-website\dataconnect`
 {"metadata":{"emulator":{"name":"dataconnect"},"message":"E0609 15:00:04.053102    8732 watch.go:40] Failed to load config from \"c:\\\\Users\\\\user\\\\.gemini\\\\antigravity-ide\\\\scratch\\\\mesma-website\\\\dataconnect\": could not find dataconnect.yaml in `c:\\Users\\user\\.gemini\\antigravity-ide\\scratch\\mesma-website\\dataconnect`\n"}}
[debug] [2026-06-09T12:00:14.049Z] E0609 15:00:14.049535    8732 watch.go:40] Failed to load config from "c:\\Users\\user\\.gemini\\antigravity-ide\\scratch\\mesma-website\\dataconnect": could not find dataconnect.yaml in `c:\Users\user\.gemini\antigravity-ide\scratch\mesma-website\dataconnect`
 {"metadata":{"emulator":{"name":"dataconnect"},"message":"E0609 15:00:14.049535    8732 watch.go:40] Failed to load config from \"c:\\\\Users\\\\user\\\\.gemini\\\\antigravity-ide\\\\scratch\\\\mesma-website\\\\dataconnect\": could not find dataconnect.yaml in `c:\\Users\\user\\.gemini\\antigravity-ide\\scratch\\mesma-website\\dataconnect`\n"}}
[debug] [2026-06-09T12:00:24.049Z] E0609 15:00:24.049526    8732 watch.go:40] Failed to load config from "c:\\Users\\user\\.gemini\\antigravity-ide\\scratch\\mesma-website\\dataconnect": could not find dataconnect.yaml in `c:\Users\user\.gemini\antigravity-ide\scratch\mesma-website\dataconnect`
 {"metadata":{"emulator":{"name":"dataconnect"},"message":"E0609 15:00:24.049526    8732 watch.go:40] Failed to load config from \"c:\\\\Users\\\\user\\\\.gemini\\\\antigravity-ide\\\\scratch\\\\mesma-website\\\\dataconnect\": could not find dataconnect.yaml in `c:\\Users\\user\\.gemini\\antigravity-ide\\scratch\\mesma-website\\dataconnect`\n"}}
[debug] [2026-06-09T12:00:34.050Z] E0609 15:00:34.049857    8732 watch.go:116] watchAllDir unable to walk dir `c:\Users\user\.gemini\antigravity-ide\scratch\mesma-website\dataconnect`: GetFileAttributesEx c:\Users\user\.gemini\antigravity-ide\scratch\mesma-website\dataconnect: The system cannot find the file specified.
 {"metadata":{"emulator":{"name":"dataconnect"},"message":"E0609 15:00:34.049857    8732 watch.go:116] watchAllDir unable to walk dir `c:\\Users\\user\\.gemini\\antigravity-ide\\scratch\\mesma-website\\dataconnect`: GetFileAttributesEx c:\\Users\\user\\.gemini\\antigravity-ide\\scratch\\mesma-website\\dataconnect: The system cannot find the file specified.\n"}}
[debug] [2026-06-09T12:00:34.051Z] E0609 15:00:34.050385    8732 watch.go:40] Failed to load config from "c:\\Users\\user\\.gemini\\antigravity-ide\\scratch\\mesma-website\\dataconnect": could not find dataconnect.yaml in `c:\Users\user\.gemini\antigravity-ide\scratch\mesma-website\dataconnect`
 {"metadata":{"emulator":{"name":"dataconnect"},"message":"E0609 15:00:34.050385    8732 watch.go:40] Failed to load config from \"c:\\\\Users\\\\user\\\\.gemini\\\\antigravity-ide\\\\scratch\\\\mesma-website\\\\dataconnect\": could not find dataconnect.yaml in `c:\\Users\\user\\.gemini\\antigravity-ide\\scratch\\mesma-website\\dataconnect`\n"}}
[debug] [2026-06-09T12:00:44.049Z] E0609 15:00:44.049816    8732 watch.go:40] Failed to load config from "c:\\Users\\user\\.gemini\\antigravity-ide\\scratch\\mesma-website\\dataconnect": could not find dataconnect.yaml in `c:\Users\user\.gemini\antigravity-ide\scratch\mesma-website\dataconnect`
 {"metadata":{"emulator":{"name":"dataconnect"},"message":"E0609 15:00:44.049816    8732 watch.go:40] Failed to load config from \"c:\\\\Users\\\\user\\\\.gemini\\\\antigravity-ide\\\\scratch\\\\mesma-website\\\\dataconnect\": could not find dataconnect.yaml in `c:\\Users\\user\\.gemini\\antigravity-ide\\scratch\\mesma-website\\dataconnect`\n"}}
[debug] [2026-06-09T12:00:54.050Z] E0609 15:00:54.050464    8732 watch.go:40] Failed to load config from "c:\\Users\\user\\.gemini\\antigravity-ide\\scratch\\mesma-website\\dataconnect": could not find dataconnect.yaml in `c:\Users\user\.gemini\antigravity-ide\scratch\mesma-website\dataconnect`
 {"metadata":{"emulator":{"name":"dataconnect"},"message":"E0609 15:00:54.050464    8732 watch.go:40] Failed to load config from \"c:\\\\Users\\\\user\\\\.gemini\\\\antigravity-ide\\\\scratch\\\\mesma-website\\\\dataconnect\": could not find dataconnect.yaml in `c:\\Users\\user\\.gemini\\antigravity-ide\\scratch\\mesma-website\\dataconnect`\n"}}
[debug] [2026-06-09T12:01:04.050Z] E0609 15:01:04.050395    8732 watch.go:40] Failed to load config from "c:\\Users\\user\\.gemini\\antigravity-ide\\scratch\\mesma-website\\dataconnect": could not find dataconnect.yaml in `c:\Users\user\.gemini\antigravity-ide\scratch\mesma-website\dataconnect`
 {"metadata":{"emulator":{"name":"dataconnect"},"message":"E0609 15:01:04.050395    8732 watch.go:40] Failed to load config from \"c:\\\\Users\\\\user\\\\.gemini\\\\antigravity-ide\\\\scratch\\\\mesma-website\\\\dataconnect\": could not find dataconnect.yaml in `c:\\Users\\user\\.gemini\\antigravity-ide\\scratch\\mesma-website\\dataconnect`\n"}}
[debug] [2026-06-09T12:01:14.050Z] E0609 15:01:14.049923    8732 watch.go:40] Failed to load config from "c:\\Users\\user\\.gemini\\antigravity-ide\\scratch\\mesma-website\\dataconnect": could not find dataconnect.yaml in `c:\Users\user\.gemini\antigravity-ide\scratch\mesma-website\dataconnect`
 {"metadata":{"emulator":{"name":"dataconnect"},"message":"E0609 15:01:14.049923    8732 watch.go:40] Failed to load config from \"c:\\\\Users\\\\user\\\\.gemini\\\\antigravity-ide\\\\scratch\\\\mesma-website\\\\dataconnect\": could not find dataconnect.yaml in `c:\\Users\\user\\.gemini\\antigravity-ide\\scratch\\mesma-website\\dataconnect`\n"}}
[debug] [2026-06-09T12:01:24.050Z] E0609 15:01:24.049965    8732 watch.go:40] Failed to load config from "c:\\Users\\user\\.gemini\\antigravity-ide\\scratch\\mesma-website\\dataconnect": could not find dataconnect.yaml in `c:\Users\user\.gemini\antigravity-ide\scratch\mesma-website\dataconnect`
 {"metadata":{"emulator":{"name":"dataconnect"},"message":"E0609 15:01:24.049965    8732 watch.go:40] Failed to load config from \"c:\\\\Users\\\\user\\\\.gemini\\\\antigravity-ide\\\\scratch\\\\mesma-website\\\\dataconnect\": could not find dataconnect.yaml in `c:\\Users\\user\\.gemini\\antigravity-ide\\scratch\\mesma-website\\dataconnect`\n"}}
[debug] [2026-06-09T12:01:34.050Z] E0609 15:01:34.049914    8732 watch.go:116] watchAllDir unable to walk dir `c:\Users\user\.gemini\antigravity-ide\scratch\mesma-website\dataconnect`: GetFileAttributesEx c:\Users\user\.gemini\antigravity-ide\scratch\mesma-website\dataconnect: The system cannot find the file specified.
 {"metadata":{"emulator":{"name":"dataconnect"},"message":"E0609 15:01:34.049914    8732 watch.go:116] watchAllDir unable to walk dir `c:\\Users\\user\\.gemini\\antigravity-ide\\scratch\\mesma-website\\dataconnect`: GetFileAttributesEx c:\\Users\\user\\.gemini\\antigravity-ide\\scratch\\mesma-website\\dataconnect: The system cannot find the file specified.\n"}}
[debug] [2026-06-09T12:01:34.051Z] E0609 15:01:34.049914    8732 watch.go:40] Failed to load config from "c:\\Users\\user\\.gemini\\antigravity-ide\\scratch\\mesma-website\\dataconnect": could not find dataconnect.yaml in `c:\Users\user\.gemini\antigravity-ide\scratch\mesma-website\dataconnect`
 {"metadata":{"emulator":{"name":"dataconnect"},"message":"E0609 15:01:34.049914    8732 watch.go:40] Failed to load config from \"c:\\\\Users\\\\user\\\\.gemini\\\\antigravity-ide\\\\scratch\\\\mesma-website\\\\dataconnect\": could not find dataconnect.yaml in `c:\\Users\\user\\.gemini\\antigravity-ide\\scratch\\mesma-website\\dataconnect`\n"}}
[debug] [2026-06-09T12:01:44.050Z] E0609 15:01:44.050337    8732 watch.go:40] Failed to load config from "c:\\Users\\user\\.gemini\\antigravity-ide\\scratch\\mesma-website\\dataconnect": could not find dataconnect.yaml in `c:\Users\user\.gemini\antigravity-ide\scratch\mesma-website\dataconnect`
 {"metadata":{"emulator":{"name":"dataconnect"},"message":"E0609 15:01:44.050337    8732 watch.go:40] Failed to load config from \"c:\\\\Users\\\\user\\\\.gemini\\\\antigravity-ide\\\\scratch\\\\mesma-website\\\\dataconnect\": could not find dataconnect.yaml in `c:\\Users\\user\\.gemini\\antigravity-ide\\scratch\\mesma-website\\dataconnect`\n"}}
[debug] [2026-06-09T12:01:54.050Z] E0609 15:01:54.050381    8732 watch.go:40] Failed to load config from "c:\\Users\\user\\.gemini\\antigravity-ide\\scratch\\mesma-website\\dataconnect": could not find dataconnect.yaml in `c:\Users\user\.gemini\antigravity-ide\scratch\mesma-website\dataconnect`
 {"metadata":{"emulator":{"name":"dataconnect"},"message":"E0609 15:01:54.050381    8732 watch.go:40] Failed to load config from \"c:\\\\Users\\\\user\\\\.gemini\\\\antigravity-ide\\\\scratch\\\\mesma-website\\\\dataconnect\": could not find dataconnect.yaml in `c:\\Users\\user\\.gemini\\antigravity-ide\\scratch\\mesma-website\\dataconnect`\n"}}
[debug] [2026-06-09T12:02:04.050Z] E0609 15:02:04.050383    8732 watch.go:40] Failed to load config from "c:\\Users\\user\\.gemini\\antigravity-ide\\scratch\\mesma-website\\dataconnect": could not find dataconnect.yaml in `c:\Users\user\.gemini\antigravity-ide\scratch\mesma-website\dataconnect`
 {"metadata":{"emulator":{"name":"dataconnect"},"message":"E0609 15:02:04.050383    8732 watch.go:40] Failed to load config from \"c:\\\\Users\\\\user\\\\.gemini\\\\antigravity-ide\\\\scratch\\\\mesma-website\\\\dataconnect\": could not find dataconnect.yaml in `c:\\Users\\user\\.gemini\\antigravity-ide\\scratch\\mesma-website\\dataconnect`\n"}}
[debug] [2026-06-09T12:02:14.051Z] E0609 15:02:14.051692    8732 watch.go:40] Failed to load config from "c:\\Users\\user\\.gemini\\antigravity-ide\\scratch\\mesma-website\\dataconnect": could not find dataconnect.yaml in `c:\Users\user\.gemini\antigravity-ide\scratch\mesma-website\dataconnect`
 {"metadata":{"emulator":{"name":"dataconnect"},"message":"E0609 15:02:14.051692    8732 watch.go:40] Failed to load config from \"c:\\\\Users\\\\user\\\\.gemini\\\\antigravity-ide\\\\scratch\\\\mesma-website\\\\dataconnect\": could not find dataconnect.yaml in `c:\\Users\\user\\.gemini\\antigravity-ide\\scratch\\mesma-website\\dataconnect`\n"}}
[debug] [2026-06-09T12:02:24.049Z] E0609 15:02:24.049937    8732 watch.go:40] Failed to load config from "c:\\Users\\user\\.gemini\\antigravity-ide\\scratch\\mesma-website\\dataconnect": could not find dataconnect.yaml in `c:\Users\user\.gemini\antigravity-ide\scratch\mesma-website\dataconnect`
 {"metadata":{"emulator":{"name":"dataconnect"},"message":"E0609 15:02:24.049937    8732 watch.go:40] Failed to load config from \"c:\\\\Users\\\\user\\\\.gemini\\\\antigravity-ide\\\\scratch\\\\mesma-website\\\\dataconnect\": could not find dataconnect.yaml in `c:\\Users\\user\\.gemini\\antigravity-ide\\scratch\\mesma-website\\dataconnect`\n"}}
[debug] [2026-06-09T12:02:34.050Z] E0609 15:02:34.050002    8732 watch.go:116] watchAllDir unable to walk dir `c:\Users\user\.gemini\antigravity-ide\scratch\mesma-website\dataconnect`: GetFileAttributesEx c:\Users\user\.gemini\antigravity-ide\scratch\mesma-website\dataconnect: The system cannot find the file specified.
 {"metadata":{"emulator":{"name":"dataconnect"},"message":"E0609 15:02:34.050002    8732 watch.go:116] watchAllDir unable to walk dir `c:\\Users\\user\\.gemini\\antigravity-ide\\scratch\\mesma-website\\dataconnect`: GetFileAttributesEx c:\\Users\\user\\.gemini\\antigravity-ide\\scratch\\mesma-website\\dataconnect: The system cannot find the file specified.\n"}}
[debug] [2026-06-09T12:02:34.052Z] E0609 15:02:34.050808    8732 watch.go:40] Failed to load config from "c:\\Users\\user\\.gemini\\antigravity-ide\\scratch\\mesma-website\\dataconnect": could not find dataconnect.yaml in `c:\Users\user\.gemini\antigravity-ide\scratch\mesma-website\dataconnect`
 {"metadata":{"emulator":{"name":"dataconnect"},"message":"E0609 15:02:34.050808    8732 watch.go:40] Failed to load config from \"c:\\\\Users\\\\user\\\\.gemini\\\\antigravity-ide\\\\scratch\\\\mesma-website\\\\dataconnect\": could not find dataconnect.yaml in `c:\\Users\\user\\.gemini\\antigravity-ide\\scratch\\mesma-website\\dataconnect`\n"}}
[debug] [2026-06-09T12:02:44.049Z] E0609 15:02:44.050089    8732 watch.go:40] Failed to load config from "c:\\Users\\user\\.gemini\\antigravity-ide\\scratch\\mesma-website\\dataconnect": could not find dataconnect.yaml in `c:\Users\user\.gemini\antigravity-ide\scratch\mesma-website\dataconnect`
 {"metadata":{"emulator":{"name":"dataconnect"},"message":"E0609 15:02:44.050089    8732 watch.go:40] Failed to load config from \"c:\\\\Users\\\\user\\\\.gemini\\\\antigravity-ide\\\\scratch\\\\mesma-website\\\\dataconnect\": could not find dataconnect.yaml in `c:\\Users\\user\\.gemini\\antigravity-ide\\scratch\\mesma-website\\dataconnect`\n"}}
[debug] [2026-06-09T12:02:54.049Z] E0609 15:02:54.049805    8732 watch.go:40] Failed to load config from "c:\\Users\\user\\.gemini\\antigravity-ide\\scratch\\mesma-website\\dataconnect": could not find dataconnect.yaml in `c:\Users\user\.gemini\antigravity-ide\scratch\mesma-website\dataconnect`
 {"metadata":{"emulator":{"name":"dataconnect"},"message":"E0609 15:02:54.049805    8732 watch.go:40] Failed to load config from \"c:\\\\Users\\\\user\\\\.gemini\\\\antigravity-ide\\\\scratch\\\\mesma-website\\\\dataconnect\": could not find dataconnect.yaml in `c:\\Users\\user\\.gemini\\antigravity-ide\\scratch\\mesma-website\\dataconnect`\n"}}
[debug] [2026-06-09T12:03:04.051Z] E0609 15:03:04.049922    8732 watch.go:40] Failed to load config from "c:\\Users\\user\\.gemini\\antigravity-ide\\scratch\\mesma-website\\dataconnect": could not find dataconnect.yaml in `c:\Users\user\.gemini\antigravity-ide\scratch\mesma-website\dataconnect`
 {"metadata":{"emulator":{"name":"dataconnect"},"message":"E0609 15:03:04.049922    8732 watch.go:40] Failed to load config from \"c:\\\\Users\\\\user\\\\.gemini\\\\antigravity-ide\\\\scratch\\\\mesma-website\\\\dataconnect\": could not find dataconnect.yaml in `c:\\Users\\user\\.gemini\\antigravity-ide\\scratch\\mesma-website\\dataconnect`\n"}}
[debug] [2026-06-09T12:03:14.049Z] E0609 15:03:14.049879    8732 watch.go:40] Failed to load config from "c:\\Users\\user\\.gemini\\antigravity-ide\\scratch\\mesma-website\\dataconnect": could not find dataconnect.yaml in `c:\Users\user\.gemini\antigravity-ide\scratch\mesma-website\dataconnect`
 {"metadata":{"emulator":{"name":"dataconnect"},"message":"E0609 15:03:14.049879    8732 watch.go:40] Failed to load config from \"c:\\\\Users\\\\user\\\\.gemini\\\\antigravity-ide\\\\scratch\\\\mesma-website\\\\dataconnect\": could not find dataconnect.yaml in `c:\\Users\\user\\.gemini\\antigravity-ide\\scratch\\mesma-website\\dataconnect`\n"}}
[debug] [2026-06-09T12:03:24.049Z] E0609 15:03:24.049512    8732 watch.go:40] Failed to load config from "c:\\Users\\user\\.gemini\\antigravity-ide\\scratch\\mesma-website\\dataconnect": could not find dataconnect.yaml in `c:\Users\user\.gemini\antigravity-ide\scratch\mesma-website\dataconnect`
 {"metadata":{"emulator":{"name":"dataconnect"},"message":"E0609 15:03:24.049512    8732 watch.go:40] Failed to load config from \"c:\\\\Users\\\\user\\\\.gemini\\\\antigravity-ide\\\\scratch\\\\mesma-website\\\\dataconnect\": could not find dataconnect.yaml in `c:\\Users\\user\\.gemini\\antigravity-ide\\scratch\\mesma-website\\dataconnect`\n"}}
[debug] [2026-06-09T12:03:34.049Z] E0609 15:03:34.050047    8732 watch.go:116] watchAllDir unable to walk dir `c:\Users\user\.gemini\antigravity-ide\scratch\mesma-website\dataconnect`: GetFileAttributesEx c:\Users\user\.gemini\antigravity-ide\scratch\mesma-website\dataconnect: The system cannot find the file specified.
 {"metadata":{"emulator":{"name":"dataconnect"},"message":"E0609 15:03:34.050047    8732 watch.go:116] watchAllDir unable to walk dir `c:\\Users\\user\\.gemini\\antigravity-ide\\scratch\\mesma-website\\dataconnect`: GetFileAttributesEx c:\\Users\\user\\.gemini\\antigravity-ide\\scratch\\mesma-website\\dataconnect: The system cannot find the file specified.\n"}}
[debug] [2026-06-09T12:03:34.050Z] E0609 15:03:34.050047    8732 watch.go:40] Failed to load config from "c:\\Users\\user\\.gemini\\antigravity-ide\\scratch\\mesma-website\\dataconnect": could not find dataconnect.yaml in `c:\Users\user\.gemini\antigravity-ide\scratch\mesma-website\dataconnect`
 {"metadata":{"emulator":{"name":"dataconnect"},"message":"E0609 15:03:34.050047    8732 watch.go:40] Failed to load config from \"c:\\\\Users\\\\user\\\\.gemini\\\\antigravity-ide\\\\scratch\\\\mesma-website\\\\dataconnect\": could not find dataconnect.yaml in `c:\\Users\\user\\.gemini\\antigravity-ide\\scratch\\mesma-website\\dataconnect`\n"}}
[debug] [2026-06-09T12:03:44.049Z] E0609 15:03:44.049700    8732 watch.go:40] Failed to load config from "c:\\Users\\user\\.gemini\\antigravity-ide\\scratch\\mesma-website\\dataconnect": could not find dataconnect.yaml in `c:\Users\user\.gemini\antigravity-ide\scratch\mesma-website\dataconnect`
 {"metadata":{"emulator":{"name":"dataconnect"},"message":"E0609 15:03:44.049700    8732 watch.go:40] Failed to load config from \"c:\\\\Users\\\\user\\\\.gemini\\\\antigravity-ide\\\\scratch\\\\mesma-website\\\\dataconnect\": could not find dataconnect.yaml in `c:\\Users\\user\\.gemini\\antigravity-ide\\scratch\\mesma-website\\dataconnect`\n"}}
[debug] [2026-06-09T12:03:54.049Z] E0609 15:03:54.049765    8732 watch.go:40] Failed to load config from "c:\\Users\\user\\.gemini\\antigravity-ide\\scratch\\mesma-website\\dataconnect": could not find dataconnect.yaml in `c:\Users\user\.gemini\antigravity-ide\scratch\mesma-website\dataconnect`
 {"metadata":{"emulator":{"name":"dataconnect"},"message":"E0609 15:03:54.049765    8732 watch.go:40] Failed to load config from \"c:\\\\Users\\\\user\\\\.gemini\\\\antigravity-ide\\\\scratch\\\\mesma-website\\\\dataconnect\": could not find dataconnect.yaml in `c:\\Users\\user\\.gemini\\antigravity-ide\\scratch\\mesma-website\\dataconnect`\n"}}
[debug] [2026-06-09T12:04:04.049Z] E0609 15:04:04.049607    8732 watch.go:40] Failed to load config from "c:\\Users\\user\\.gemini\\antigravity-ide\\scratch\\mesma-website\\dataconnect": could not find dataconnect.yaml in `c:\Users\user\.gemini\antigravity-ide\scratch\mesma-website\dataconnect`
 {"metadata":{"emulator":{"name":"dataconnect"},"message":"E0609 15:04:04.049607    8732 watch.go:40] Failed to load config from \"c:\\\\Users\\\\user\\\\.gemini\\\\antigravity-ide\\\\scratch\\\\mesma-website\\\\dataconnect\": could not find dataconnect.yaml in `c:\\Users\\user\\.gemini\\antigravity-ide\\scratch\\mesma-website\\dataconnect`\n"}}
[debug] [2026-06-09T12:04:14.050Z] E0609 15:04:14.049861    8732 watch.go:40] Failed to load config from "c:\\Users\\user\\.gemini\\antigravity-ide\\scratch\\mesma-website\\dataconnect": could not find dataconnect.yaml in `c:\Users\user\.gemini\antigravity-ide\scratch\mesma-website\dataconnect`
 {"metadata":{"emulator":{"name":"dataconnect"},"message":"E0609 15:04:14.049861    8732 watch.go:40] Failed to load config from \"c:\\\\Users\\\\user\\\\.gemini\\\\antigravity-ide\\\\scratch\\\\mesma-website\\\\dataconnect\": could not find dataconnect.yaml in `c:\\Users\\user\\.gemini\\antigravity-ide\\scratch\\mesma-website\\dataconnect`\n"}}
[debug] [2026-06-09T12:04:24.051Z] E0609 15:04:24.050972    8732 watch.go:40] Failed to load config from "c:\\Users\\user\\.gemini\\antigravity-ide\\scratch\\mesma-website\\dataconnect": could not find dataconnect.yaml in `c:\Users\user\.gemini\antigravity-ide\scratch\mesma-website\dataconnect`
 {"metadata":{"emulator":{"name":"dataconnect"},"message":"E0609 15:04:24.050972    8732 watch.go:40] Failed to load config from \"c:\\\\Users\\\\user\\\\.gemini\\\\antigravity-ide\\\\scratch\\\\mesma-website\\\\dataconnect\": could not find dataconnect.yaml in `c:\\Users\\user\\.gemini\\antigravity-ide\\scratch\\mesma-website\\dataconnect`\n"}}
[debug] [2026-06-09T12:04:34.049Z] E0609 15:04:34.049552    8732 watch.go:116] watchAllDir unable to walk dir `c:\Users\user\.gemini\antigravity-ide\scratch\mesma-website\dataconnect`: GetFileAttributesEx c:\Users\user\.gemini\antigravity-ide\scratch\mesma-website\dataconnect: The system cannot find the file specified.
E0609 15:04:34.049552    8732 watch.go:40] Failed to load config from "c:\\Users\\user\\.gemini\\antigravity-ide\\scratch\\mesma-website\\dataconnect": could not find dataconnect.yaml in `c:\Users\user\.gemini\antigravity-ide\scratch\mesma-website\dataconnect`
 {"metadata":{"emulator":{"name":"dataconnect"},"message":"E0609 15:04:34.049552    8732 watch.go:116] watchAllDir unable to walk dir `c:\\Users\\user\\.gemini\\antigravity-ide\\scratch\\mesma-website\\dataconnect`: GetFileAttributesEx c:\\Users\\user\\.gemini\\antigravity-ide\\scratch\\mesma-website\\dataconnect: The system cannot find the file specified.\nE0609 15:04:34.049552    8732 watch.go:40] Failed to load config from \"c:\\\\Users\\\\user\\\\.gemini\\\\antigravity-ide\\\\scratch\\\\mesma-website\\\\dataconnect\": could not find dataconnect.yaml in `c:\\Users\\user\\.gemini\\antigravity-ide\\scratch\\mesma-website\\dataconnect`\n"}}
[debug] [2026-06-09T12:04:44.050Z] E0609 15:04:44.050376    8732 watch.go:40] Failed to load config from "c:\\Users\\user\\.gemini\\antigravity-ide\\scratch\\mesma-website\\dataconnect": could not find dataconnect.yaml in `c:\Users\user\.gemini\antigravity-ide\scratch\mesma-website\dataconnect`
 {"metadata":{"emulator":{"name":"dataconnect"},"message":"E0609 15:04:44.050376    8732 watch.go:40] Failed to load config from \"c:\\\\Users\\\\user\\\\.gemini\\\\antigravity-ide\\\\scratch\\\\mesma-website\\\\dataconnect\": could not find dataconnect.yaml in `c:\\Users\\user\\.gemini\\antigravity-ide\\scratch\\mesma-website\\dataconnect`\n"}}
[debug] [2026-06-09T12:04:54.049Z] E0609 15:04:54.050094    8732 watch.go:40] Failed to load config from "c:\\Users\\user\\.gemini\\antigravity-ide\\scratch\\mesma-website\\dataconnect": could not find dataconnect.yaml in `c:\Users\user\.gemini\antigravity-ide\scratch\mesma-website\dataconnect`
 {"metadata":{"emulator":{"name":"dataconnect"},"message":"E0609 15:04:54.050094    8732 watch.go:40] Failed to load config from \"c:\\\\Users\\\\user\\\\.gemini\\\\antigravity-ide\\\\scratch\\\\mesma-website\\\\dataconnect\": could not find dataconnect.yaml in `c:\\Users\\user\\.gemini\\antigravity-ide\\scratch\\mesma-website\\dataconnect`\n"}}
[debug] [2026-06-09T12:05:04.050Z] E0609 15:05:04.050333    8732 watch.go:40] Failed to load config from "c:\\Users\\user\\.gemini\\antigravity-ide\\scratch\\mesma-website\\dataconnect": could not find dataconnect.yaml in `c:\Users\user\.gemini\antigravity-ide\scratch\mesma-website\dataconnect`
 {"metadata":{"emulator":{"name":"dataconnect"},"message":"E0609 15:05:04.050333    8732 watch.go:40] Failed to load config from \"c:\\\\Users\\\\user\\\\.gemini\\\\antigravity-ide\\\\scratch\\\\mesma-website\\\\dataconnect\": could not find dataconnect.yaml in `c:\\Users\\user\\.gemini\\antigravity-ide\\scratch\\mesma-website\\dataconnect`\n"}}
[debug] [2026-06-09T12:05:14.049Z] E0609 15:05:14.049790    8732 watch.go:40] Failed to load config from "c:\\Users\\user\\.gemini\\antigravity-ide\\scratch\\mesma-website\\dataconnect": could not find dataconnect.yaml in `c:\Users\user\.gemini\antigravity-ide\scratch\mesma-website\dataconnect`
 {"metadata":{"emulator":{"name":"dataconnect"},"message":"E0609 15:05:14.049790    8732 watch.go:40] Failed to load config from \"c:\\\\Users\\\\user\\\\.gemini\\\\antigravity-ide\\\\scratch\\\\mesma-website\\\\dataconnect\": could not find dataconnect.yaml in `c:\\Users\\user\\.gemini\\antigravity-ide\\scratch\\mesma-website\\dataconnect`\n"}}
[debug] [2026-06-09T12:05:24.050Z] E0609 15:05:24.050293    8732 watch.go:40] Failed to load config from "c:\\Users\\user\\.gemini\\antigravity-ide\\scratch\\mesma-website\\dataconnect": could not find dataconnect.yaml in `c:\Users\user\.gemini\antigravity-ide\scratch\mesma-website\dataconnect`
 {"metadata":{"emulator":{"name":"dataconnect"},"message":"E0609 15:05:24.050293    8732 watch.go:40] Failed to load config from \"c:\\\\Users\\\\user\\\\.gemini\\\\antigravity-ide\\\\scratch\\\\mesma-website\\\\dataconnect\": could not find dataconnect.yaml in `c:\\Users\\user\\.gemini\\antigravity-ide\\scratch\\mesma-website\\dataconnect`\n"}}
[debug] [2026-06-09T12:05:34.049Z] E0609 15:05:34.049581    8732 watch.go:116] watchAllDir unable to walk dir `c:\Users\user\.gemini\antigravity-ide\scratch\mesma-website\dataconnect`: GetFileAttributesEx c:\Users\user\.gemini\antigravity-ide\scratch\mesma-website\dataconnect: The system cannot find the file specified.
 {"metadata":{"emulator":{"name":"dataconnect"},"message":"E0609 15:05:34.049581    8732 watch.go:116] watchAllDir unable to walk dir `c:\\Users\\user\\.gemini\\antigravity-ide\\scratch\\mesma-website\\dataconnect`: GetFileAttributesEx c:\\Users\\user\\.gemini\\antigravity-ide\\scratch\\mesma-website\\dataconnect: The system cannot find the file specified.\n"}}
[debug] [2026-06-09T12:05:34.049Z] E0609 15:05:34.050027    8732 watch.go:40] Failed to load config from "c:\\Users\\user\\.gemini\\antigravity-ide\\scratch\\mesma-website\\dataconnect": could not find dataconnect.yaml in `c:\Users\user\.gemini\antigravity-ide\scratch\mesma-website\dataconnect`
 {"metadata":{"emulator":{"name":"dataconnect"},"message":"E0609 15:05:34.050027    8732 watch.go:40] Failed to load config from \"c:\\\\Users\\\\user\\\\.gemini\\\\antigravity-ide\\\\scratch\\\\mesma-website\\\\dataconnect\": could not find dataconnect.yaml in `c:\\Users\\user\\.gemini\\antigravity-ide\\scratch\\mesma-website\\dataconnect`\n"}}
[debug] [2026-06-09T12:05:44.049Z] E0609 15:05:44.050059    8732 watch.go:40] Failed to load config from "c:\\Users\\user\\.gemini\\antigravity-ide\\scratch\\mesma-website\\dataconnect": could not find dataconnect.yaml in `c:\Users\user\.gemini\antigravity-ide\scratch\mesma-website\dataconnect`
 {"metadata":{"emulator":{"name":"dataconnect"},"message":"E0609 15:05:44.050059    8732 watch.go:40] Failed to load config from \"c:\\\\Users\\\\user\\\\.gemini\\\\antigravity-ide\\\\scratch\\\\mesma-website\\\\dataconnect\": could not find dataconnect.yaml in `c:\\Users\\user\\.gemini\\antigravity-ide\\scratch\\mesma-website\\dataconnect`\n"}}
[debug] [2026-06-09T12:05:54.050Z] E0609 15:05:54.049884    8732 watch.go:40] Failed to load config from "c:\\Users\\user\\.gemini\\antigravity-ide\\scratch\\mesma-website\\dataconnect": could not find dataconnect.yaml in `c:\Users\user\.gemini\antigravity-ide\scratch\mesma-website\dataconnect`
 {"metadata":{"emulator":{"name":"dataconnect"},"message":"E0609 15:05:54.049884    8732 watch.go:40] Failed to load config from \"c:\\\\Users\\\\user\\\\.gemini\\\\antigravity-ide\\\\scratch\\\\mesma-website\\\\dataconnect\": could not find dataconnect.yaml in `c:\\Users\\user\\.gemini\\antigravity-ide\\scratch\\mesma-website\\dataconnect`\n"}}
[debug] [2026-06-09T12:06:04.050Z] E0609 15:06:04.049924    8732 watch.go:40] Failed to load config from "c:\\Users\\user\\.gemini\\antigravity-ide\\scratch\\mesma-website\\dataconnect": could not find dataconnect.yaml in `c:\Users\user\.gemini\antigravity-ide\scratch\mesma-website\dataconnect`
 {"metadata":{"emulator":{"name":"dataconnect"},"message":"E0609 15:06:04.049924    8732 watch.go:40] Failed to load config from \"c:\\\\Users\\\\user\\\\.gemini\\\\antigravity-ide\\\\scratch\\\\mesma-website\\\\dataconnect\": could not find dataconnect.yaml in `c:\\Users\\user\\.gemini\\antigravity-ide\\scratch\\mesma-website\\dataconnect`\n"}}
[debug] [2026-06-09T12:06:14.051Z] E0609 15:06:14.050795    8732 watch.go:40] Failed to load config from "c:\\Users\\user\\.gemini\\antigravity-ide\\scratch\\mesma-website\\dataconnect": could not find dataconnect.yaml in `c:\Users\user\.gemini\antigravity-ide\scratch\mesma-website\dataconnect`
 {"metadata":{"emulator":{"name":"dataconnect"},"message":"E0609 15:06:14.050795    8732 watch.go:40] Failed to load config from \"c:\\\\Users\\\\user\\\\.gemini\\\\antigravity-ide\\\\scratch\\\\mesma-website\\\\dataconnect\": could not find dataconnect.yaml in `c:\\Users\\user\\.gemini\\antigravity-ide\\scratch\\mesma-website\\dataconnect`\n"}}
[debug] [2026-06-09T12:06:24.050Z] E0609 15:06:24.049971    8732 watch.go:40] Failed to load config from "c:\\Users\\user\\.gemini\\antigravity-ide\\scratch\\mesma-website\\dataconnect": could not find dataconnect.yaml in `c:\Users\user\.gemini\antigravity-ide\scratch\mesma-website\dataconnect`
 {"metadata":{"emulator":{"name":"dataconnect"},"message":"E0609 15:06:24.049971    8732 watch.go:40] Failed to load config from \"c:\\\\Users\\\\user\\\\.gemini\\\\antigravity-ide\\\\scratch\\\\mesma-website\\\\dataconnect\": could not find dataconnect.yaml in `c:\\Users\\user\\.gemini\\antigravity-ide\\scratch\\mesma-website\\dataconnect`\n"}}
[debug] [2026-06-09T12:06:34.050Z] E0609 15:06:34.049966    8732 watch.go:116] watchAllDir unable to walk dir `c:\Users\user\.gemini\antigravity-ide\scratch\mesma-website\dataconnect`: GetFileAttributesEx c:\Users\user\.gemini\antigravity-ide\scratch\mesma-website\dataconnect: The system cannot find the file specified.
 {"metadata":{"emulator":{"name":"dataconnect"},"message":"E0609 15:06:34.049966    8732 watch.go:116] watchAllDir unable to walk dir `c:\\Users\\user\\.gemini\\antigravity-ide\\scratch\\mesma-website\\dataconnect`: GetFileAttributesEx c:\\Users\\user\\.gemini\\antigravity-ide\\scratch\\mesma-website\\dataconnect: The system cannot find the file specified.\n"}}
[debug] [2026-06-09T12:06:34.051Z] E0609 15:06:34.050347    8732 watch.go:40] Failed to load config from "c:\\Users\\user\\.gemini\\antigravity-ide\\scratch\\mesma-website\\dataconnect": could not find dataconnect.yaml in `c:\Users\user\.gemini\antigravity-ide\scratch\mesma-website\dataconnect`
 {"metadata":{"emulator":{"name":"dataconnect"},"message":"E0609 15:06:34.050347    8732 watch.go:40] Failed to load config from \"c:\\\\Users\\\\user\\\\.gemini\\\\antigravity-ide\\\\scratch\\\\mesma-website\\\\dataconnect\": could not find dataconnect.yaml in `c:\\Users\\user\\.gemini\\antigravity-ide\\scratch\\mesma-website\\dataconnect`\n"}}
[debug] [2026-06-09T12:06:44.050Z] E0609 15:06:44.050185    8732 watch.go:40] Failed to load config from "c:\\Users\\user\\.gemini\\antigravity-ide\\scratch\\mesma-website\\dataconnect": could not find dataconnect.yaml in `c:\Users\user\.gemini\antigravity-ide\scratch\mesma-website\dataconnect`
 {"metadata":{"emulator":{"name":"dataconnect"},"message":"E0609 15:06:44.050185    8732 watch.go:40] Failed to load config from \"c:\\\\Users\\\\user\\\\.gemini\\\\antigravity-ide\\\\scratch\\\\mesma-website\\\\dataconnect\": could not find dataconnect.yaml in `c:\\Users\\user\\.gemini\\antigravity-ide\\scratch\\mesma-website\\dataconnect`\n"}}
[debug] [2026-06-09T12:06:54.050Z] E0609 15:06:54.050062    8732 watch.go:40] Failed to load config from "c:\\Users\\user\\.gemini\\antigravity-ide\\scratch\\mesma-website\\dataconnect": could not find dataconnect.yaml in `c:\Users\user\.gemini\antigravity-ide\scratch\mesma-website\dataconnect`
 {"metadata":{"emulator":{"name":"dataconnect"},"message":"E0609 15:06:54.050062    8732 watch.go:40] Failed to load config from \"c:\\\\Users\\\\user\\\\.gemini\\\\antigravity-ide\\\\scratch\\\\mesma-website\\\\dataconnect\": could not find dataconnect.yaml in `c:\\Users\\user\\.gemini\\antigravity-ide\\scratch\\mesma-website\\dataconnect`\n"}}
[debug] [2026-06-09T12:07:04.050Z] E0609 15:07:04.049821    8732 watch.go:40] Failed to load config from "c:\\Users\\user\\.gemini\\antigravity-ide\\scratch\\mesma-website\\dataconnect": could not find dataconnect.yaml in `c:\Users\user\.gemini\antigravity-ide\scratch\mesma-website\dataconnect`
 {"metadata":{"emulator":{"name":"dataconnect"},"message":"E0609 15:07:04.049821    8732 watch.go:40] Failed to load config from \"c:\\\\Users\\\\user\\\\.gemini\\\\antigravity-ide\\\\scratch\\\\mesma-website\\\\dataconnect\": could not find dataconnect.yaml in `c:\\Users\\user\\.gemini\\antigravity-ide\\scratch\\mesma-website\\dataconnect`\n"}}
[debug] [2026-06-09T12:07:14.050Z] E0609 15:07:14.050001    8732 watch.go:40] Failed to load config from "c:\\Users\\user\\.gemini\\antigravity-ide\\scratch\\mesma-website\\dataconnect": could not find dataconnect.yaml in `c:\Users\user\.gemini\antigravity-ide\scratch\mesma-website\dataconnect`
 {"metadata":{"emulator":{"name":"dataconnect"},"message":"E0609 15:07:14.050001    8732 watch.go:40] Failed to load config from \"c:\\\\Users\\\\user\\\\.gemini\\\\antigravity-ide\\\\scratch\\\\mesma-website\\\\dataconnect\": could not find dataconnect.yaml in `c:\\Users\\user\\.gemini\\antigravity-ide\\scratch\\mesma-website\\dataconnect`\n"}}
[debug] [2026-06-09T12:07:24.050Z] E0609 15:07:24.049942    8732 watch.go:40] Failed to load config from "c:\\Users\\user\\.gemini\\antigravity-ide\\scratch\\mesma-website\\dataconnect": could not find dataconnect.yaml in `c:\Users\user\.gemini\antigravity-ide\scratch\mesma-website\dataconnect`
 {"metadata":{"emulator":{"name":"dataconnect"},"message":"E0609 15:07:24.049942    8732 watch.go:40] Failed to load config from \"c:\\\\Users\\\\user\\\\.gemini\\\\antigravity-ide\\\\scratch\\\\mesma-website\\\\dataconnect\": could not find dataconnect.yaml in `c:\\Users\\user\\.gemini\\antigravity-ide\\scratch\\mesma-website\\dataconnect`\n"}}
[debug] [2026-06-09T12:07:34.050Z] E0609 15:07:34.049928    8732 watch.go:116] watchAllDir unable to walk dir `c:\Users\user\.gemini\antigravity-ide\scratch\mesma-website\dataconnect`: GetFileAttributesEx c:\Users\user\.gemini\antigravity-ide\scratch\mesma-website\dataconnect: The system cannot find the file specified.
 {"metadata":{"emulator":{"name":"dataconnect"},"message":"E0609 15:07:34.049928    8732 watch.go:116] watchAllDir unable to walk dir `c:\\Users\\user\\.gemini\\antigravity-ide\\scratch\\mesma-website\\dataconnect`: GetFileAttributesEx c:\\Users\\user\\.gemini\\antigravity-ide\\scratch\\mesma-website\\dataconnect: The system cannot find the file specified.\n"}}
[debug] [2026-06-09T12:07:34.051Z] E0609 15:07:34.049928    8732 watch.go:40] Failed to load config from "c:\\Users\\user\\.gemini\\antigravity-ide\\scratch\\mesma-website\\dataconnect": could not find dataconnect.yaml in `c:\Users\user\.gemini\antigravity-ide\scratch\mesma-website\dataconnect`
 {"metadata":{"emulator":{"name":"dataconnect"},"message":"E0609 15:07:34.049928    8732 watch.go:40] Failed to load config from \"c:\\\\Users\\\\user\\\\.gemini\\\\antigravity-ide\\\\scratch\\\\mesma-website\\\\dataconnect\": could not find dataconnect.yaml in `c:\\Users\\user\\.gemini\\antigravity-ide\\scratch\\mesma-website\\dataconnect`\n"}}
[debug] [2026-06-09T12:07:44.051Z] E0609 15:07:44.050969    8732 watch.go:40] Failed to load config from "c:\\Users\\user\\.gemini\\antigravity-ide\\scratch\\mesma-website\\dataconnect": could not find dataconnect.yaml in `c:\Users\user\.gemini\antigravity-ide\scratch\mesma-website\dataconnect`
 {"metadata":{"emulator":{"name":"dataconnect"},"message":"E0609 15:07:44.050969    8732 watch.go:40] Failed to load config from \"c:\\\\Users\\\\user\\\\.gemini\\\\antigravity-ide\\\\scratch\\\\mesma-website\\\\dataconnect\": could not find dataconnect.yaml in `c:\\Users\\user\\.gemini\\antigravity-ide\\scratch\\mesma-website\\dataconnect`\n"}}
[debug] [2026-06-09T12:07:54.050Z] E0609 15:07:54.049964    8732 watch.go:40] Failed to load config from "c:\\Users\\user\\.gemini\\antigravity-ide\\scratch\\mesma-website\\dataconnect": could not find dataconnect.yaml in `c:\Users\user\.gemini\antigravity-ide\scratch\mesma-website\dataconnect`
 {"metadata":{"emulator":{"name":"dataconnect"},"message":"E0609 15:07:54.049964    8732 watch.go:40] Failed to load config from \"c:\\\\Users\\\\user\\\\.gemini\\\\antigravity-ide\\\\scratch\\\\mesma-website\\\\dataconnect\": could not find dataconnect.yaml in `c:\\Users\\user\\.gemini\\antigravity-ide\\scratch\\mesma-website\\dataconnect`\n"}}
[debug] [2026-06-09T12:08:04.050Z] E0609 15:08:04.049889    8732 watch.go:40] Failed to load config from "c:\\Users\\user\\.gemini\\antigravity-ide\\scratch\\mesma-website\\dataconnect": could not find dataconnect.yaml in `c:\Users\user\.gemini\antigravity-ide\scratch\mesma-website\dataconnect`
 {"metadata":{"emulator":{"name":"dataconnect"},"message":"E0609 15:08:04.049889    8732 watch.go:40] Failed to load config from \"c:\\\\Users\\\\user\\\\.gemini\\\\antigravity-ide\\\\scratch\\\\mesma-website\\\\dataconnect\": could not find dataconnect.yaml in `c:\\Users\\user\\.gemini\\antigravity-ide\\scratch\\mesma-website\\dataconnect`\n"}}
[debug] [2026-06-09T12:08:14.050Z] E0609 15:08:14.050012    8732 watch.go:40] Failed to load config from "c:\\Users\\user\\.gemini\\antigravity-ide\\scratch\\mesma-website\\dataconnect": could not find dataconnect.yaml in `c:\Users\user\.gemini\antigravity-ide\scratch\mesma-website\dataconnect`
 {"metadata":{"emulator":{"name":"dataconnect"},"message":"E0609 15:08:14.050012    8732 watch.go:40] Failed to load config from \"c:\\\\Users\\\\user\\\\.gemini\\\\antigravity-ide\\\\scratch\\\\mesma-website\\\\dataconnect\": could not find dataconnect.yaml in `c:\\Users\\user\\.gemini\\antigravity-ide\\scratch\\mesma-website\\dataconnect`\n"}}
[debug] [2026-06-09T12:08:24.051Z] E0609 15:08:24.050207    8732 watch.go:40] Failed to load config from "c:\\Users\\user\\.gemini\\antigravity-ide\\scratch\\mesma-website\\dataconnect": could not find dataconnect.yaml in `c:\Users\user\.gemini\antigravity-ide\scratch\mesma-website\dataconnect`
 {"metadata":{"emulator":{"name":"dataconnect"},"message":"E0609 15:08:24.050207    8732 watch.go:40] Failed to load config from \"c:\\\\Users\\\\user\\\\.gemini\\\\antigravity-ide\\\\scratch\\\\mesma-website\\\\dataconnect\": could not find dataconnect.yaml in `c:\\Users\\user\\.gemini\\antigravity-ide\\scratch\\mesma-website\\dataconnect`\n"}}
[debug] [2026-06-09T12:08:34.049Z] E0609 15:08:34.049670    8732 watch.go:116] watchAllDir unable to walk dir `c:\Users\user\.gemini\antigravity-ide\scratch\mesma-website\dataconnect`: GetFileAttributesEx c:\Users\user\.gemini\antigravity-ide\scratch\mesma-website\dataconnect: The system cannot find the file specified.
E0609 15:08:34.049670    8732 watch.go:40] Failed to load config from "c:\\Users\\user\\.gemini\\antigravity-ide\\scratch\\mesma-website\\dataconnect": could not find dataconnect.yaml in `c:\Users\user\.gemini\antigravity-ide\scratch\mesma-website\dataconnect`
 {"metadata":{"emulator":{"name":"dataconnect"},"message":"E0609 15:08:34.049670    8732 watch.go:116] watchAllDir unable to walk dir `c:\\Users\\user\\.gemini\\antigravity-ide\\scratch\\mesma-website\\dataconnect`: GetFileAttributesEx c:\\Users\\user\\.gemini\\antigravity-ide\\scratch\\mesma-website\\dataconnect: The system cannot find the file specified.\nE0609 15:08:34.049670    8732 watch.go:40] Failed to load config from \"c:\\\\Users\\\\user\\\\.gemini\\\\antigravity-ide\\\\scratch\\\\mesma-website\\\\dataconnect\": could not find dataconnect.yaml in `c:\\Users\\user\\.gemini\\antigravity-ide\\scratch\\mesma-website\\dataconnect`\n"}}
[debug] [2026-06-09T12:08:44.051Z] E0609 15:08:44.051167    8732 watch.go:40] Failed to load config from "c:\\Users\\user\\.gemini\\antigravity-ide\\scratch\\mesma-website\\dataconnect": could not find dataconnect.yaml in `c:\Users\user\.gemini\antigravity-ide\scratch\mesma-website\dataconnect`
 {"metadata":{"emulator":{"name":"dataconnect"},"message":"E0609 15:08:44.051167    8732 watch.go:40] Failed to load config from \"c:\\\\Users\\\\user\\\\.gemini\\\\antigravity-ide\\\\scratch\\\\mesma-website\\\\dataconnect\": could not find dataconnect.yaml in `c:\\Users\\user\\.gemini\\antigravity-ide\\scratch\\mesma-website\\dataconnect`\n"}}
[debug] [2026-06-09T12:08:54.050Z] E0609 15:08:54.050244    8732 watch.go:40] Failed to load config from "c:\\Users\\user\\.gemini\\antigravity-ide\\scratch\\mesma-website\\dataconnect": could not find dataconnect.yaml in `c:\Users\user\.gemini\antigravity-ide\scratch\mesma-website\dataconnect`
 {"metadata":{"emulator":{"name":"dataconnect"},"message":"E0609 15:08:54.050244    8732 watch.go:40] Failed to load config from \"c:\\\\Users\\\\user\\\\.gemini\\\\antigravity-ide\\\\scratch\\\\mesma-website\\\\dataconnect\": could not find dataconnect.yaml in `c:\\Users\\user\\.gemini\\antigravity-ide\\scratch\\mesma-website\\dataconnect`\n"}}
[debug] [2026-06-09T12:09:04.050Z] E0609 15:09:04.049814    8732 watch.go:40] Failed to load config from "c:\\Users\\user\\.gemini\\antigravity-ide\\scratch\\mesma-website\\dataconnect": could not find dataconnect.yaml in `c:\Users\user\.gemini\antigravity-ide\scratch\mesma-website\dataconnect`
 {"metadata":{"emulator":{"name":"dataconnect"},"message":"E0609 15:09:04.049814    8732 watch.go:40] Failed to load config from \"c:\\\\Users\\\\user\\\\.gemini\\\\antigravity-ide\\\\scratch\\\\mesma-website\\\\dataconnect\": could not find dataconnect.yaml in `c:\\Users\\user\\.gemini\\antigravity-ide\\scratch\\mesma-website\\dataconnect`\n"}}
[debug] [2026-06-09T12:09:14.050Z] E0609 15:09:14.050449    8732 watch.go:40] Failed to load config from "c:\\Users\\user\\.gemini\\antigravity-ide\\scratch\\mesma-website\\dataconnect": could not find dataconnect.yaml in `c:\Users\user\.gemini\antigravity-ide\scratch\mesma-website\dataconnect`
 {"metadata":{"emulator":{"name":"dataconnect"},"message":"E0609 15:09:14.050449    8732 watch.go:40] Failed to load config from \"c:\\\\Users\\\\user\\\\.gemini\\\\antigravity-ide\\\\scratch\\\\mesma-website\\\\dataconnect\": could not find dataconnect.yaml in `c:\\Users\\user\\.gemini\\antigravity-ide\\scratch\\mesma-website\\dataconnect`\n"}}
[debug] [2026-06-09T12:09:24.050Z] E0609 15:09:24.050155    8732 watch.go:40] Failed to load config from "c:\\Users\\user\\.gemini\\antigravity-ide\\scratch\\mesma-website\\dataconnect": could not find dataconnect.yaml in `c:\Users\user\.gemini\antigravity-ide\scratch\mesma-website\dataconnect`
 {"metadata":{"emulator":{"name":"dataconnect"},"message":"E0609 15:09:24.050155    8732 watch.go:40] Failed to load config from \"c:\\\\Users\\\\user\\\\.gemini\\\\antigravity-ide\\\\scratch\\\\mesma-website\\\\dataconnect\": could not find dataconnect.yaml in `c:\\Users\\user\\.gemini\\antigravity-ide\\scratch\\mesma-website\\dataconnect`\n"}}
[debug] [2026-06-09T12:09:34.050Z] E0609 15:09:34.049859    8732 watch.go:116] watchAllDir unable to walk dir `c:\Users\user\.gemini\antigravity-ide\scratch\mesma-website\dataconnect`: GetFileAttributesEx c:\Users\user\.gemini\antigravity-ide\scratch\mesma-website\dataconnect: The system cannot find the file specified.
 {"metadata":{"emulator":{"name":"dataconnect"},"message":"E0609 15:09:34.049859    8732 watch.go:116] watchAllDir unable to walk dir `c:\\Users\\user\\.gemini\\antigravity-ide\\scratch\\mesma-website\\dataconnect`: GetFileAttributesEx c:\\Users\\user\\.gemini\\antigravity-ide\\scratch\\mesma-website\\dataconnect: The system cannot find the file specified.\n"}}
[debug] [2026-06-09T12:09:34.051Z] E0609 15:09:34.050304    8732 watch.go:40] Failed to load config from "c:\\Users\\user\\.gemini\\antigravity-ide\\scratch\\mesma-website\\dataconnect": could not find dataconnect.yaml in `c:\Users\user\.gemini\antigravity-ide\scratch\mesma-website\dataconnect`
 {"metadata":{"emulator":{"name":"dataconnect"},"message":"E0609 15:09:34.050304    8732 watch.go:40] Failed to load config from \"c:\\\\Users\\\\user\\\\.gemini\\\\antigravity-ide\\\\scratch\\\\mesma-website\\\\dataconnect\": could not find dataconnect.yaml in `c:\\Users\\user\\.gemini\\antigravity-ide\\scratch\\mesma-website\\dataconnect`\n"}}
[debug] [2026-06-09T12:09:44.051Z] E0609 15:09:44.050961    8732 watch.go:40] Failed to load config from "c:\\Users\\user\\.gemini\\antigravity-ide\\scratch\\mesma-website\\dataconnect": could not find dataconnect.yaml in `c:\Users\user\.gemini\antigravity-ide\scratch\mesma-website\dataconnect`
 {"metadata":{"emulator":{"name":"dataconnect"},"message":"E0609 15:09:44.050961    8732 watch.go:40] Failed to load config from \"c:\\\\Users\\\\user\\\\.gemini\\\\antigravity-ide\\\\scratch\\\\mesma-website\\\\dataconnect\": could not find dataconnect.yaml in `c:\\Users\\user\\.gemini\\antigravity-ide\\scratch\\mesma-website\\dataconnect`\n"}}
[debug] [2026-06-09T12:09:54.050Z] E0609 15:09:54.050094    8732 watch.go:40] Failed to load config from "c:\\Users\\user\\.gemini\\antigravity-ide\\scratch\\mesma-website\\dataconnect": could not find dataconnect.yaml in `c:\Users\user\.gemini\antigravity-ide\scratch\mesma-website\dataconnect`
 {"metadata":{"emulator":{"name":"dataconnect"},"message":"E0609 15:09:54.050094    8732 watch.go:40] Failed to load config from \"c:\\\\Users\\\\user\\\\.gemini\\\\antigravity-ide\\\\scratch\\\\mesma-website\\\\dataconnect\": could not find dataconnect.yaml in `c:\\Users\\user\\.gemini\\antigravity-ide\\scratch\\mesma-website\\dataconnect`\n"}}
[debug] [2026-06-09T12:10:04.050Z] E0609 15:10:04.050122    8732 watch.go:40] Failed to load config from "c:\\Users\\user\\.gemini\\antigravity-ide\\scratch\\mesma-website\\dataconnect": could not find dataconnect.yaml in `c:\Users\user\.gemini\antigravity-ide\scratch\mesma-website\dataconnect`
 {"metadata":{"emulator":{"name":"dataconnect"},"message":"E0609 15:10:04.050122    8732 watch.go:40] Failed to load config from \"c:\\\\Users\\\\user\\\\.gemini\\\\antigravity-ide\\\\scratch\\\\mesma-website\\\\dataconnect\": could not find dataconnect.yaml in `c:\\Users\\user\\.gemini\\antigravity-ide\\scratch\\mesma-website\\dataconnect`\n"}}
[debug] [2026-06-09T12:10:14.051Z] E0609 15:10:14.050925    8732 watch.go:40] Failed to load config from "c:\\Users\\user\\.gemini\\antigravity-ide\\scratch\\mesma-website\\dataconnect": could not find dataconnect.yaml in `c:\Users\user\.gemini\antigravity-ide\scratch\mesma-website\dataconnect`
 {"metadata":{"emulator":{"name":"dataconnect"},"message":"E0609 15:10:14.050925    8732 watch.go:40] Failed to load config from \"c:\\\\Users\\\\user\\\\.gemini\\\\antigravity-ide\\\\scratch\\\\mesma-website\\\\dataconnect\": could not find dataconnect.yaml in `c:\\Users\\user\\.gemini\\antigravity-ide\\scratch\\mesma-website\\dataconnect`\n"}}
[debug] [2026-06-09T12:10:24.050Z] E0609 15:10:24.050055    8732 watch.go:40] Failed to load config from "c:\\Users\\user\\.gemini\\antigravity-ide\\scratch\\mesma-website\\dataconnect": could not find dataconnect.yaml in `c:\Users\user\.gemini\antigravity-ide\scratch\mesma-website\dataconnect`
 {"metadata":{"emulator":{"name":"dataconnect"},"message":"E0609 15:10:24.050055    8732 watch.go:40] Failed to load config from \"c:\\\\Users\\\\user\\\\.gemini\\\\antigravity-ide\\\\scratch\\\\mesma-website\\\\dataconnect\": could not find dataconnect.yaml in `c:\\Users\\user\\.gemini\\antigravity-ide\\scratch\\mesma-website\\dataconnect`\n"}}
[debug] [2026-06-09T12:10:34.050Z] E0609 15:10:34.049769    8732 watch.go:116] watchAllDir unable to walk dir `c:\Users\user\.gemini\antigravity-ide\scratch\mesma-website\dataconnect`: GetFileAttributesEx c:\Users\user\.gemini\antigravity-ide\scratch\mesma-website\dataconnect: The system cannot find the file specified.
 {"metadata":{"emulator":{"name":"dataconnect"},"message":"E0609 15:10:34.049769    8732 watch.go:116] watchAllDir unable to walk dir `c:\\Users\\user\\.gemini\\antigravity-ide\\scratch\\mesma-website\\dataconnect`: GetFileAttributesEx c:\\Users\\user\\.gemini\\antigravity-ide\\scratch\\mesma-website\\dataconnect: The system cannot find the file specified.\n"}}
[debug] [2026-06-09T12:10:34.051Z] E0609 15:10:34.050238    8732 watch.go:40] Failed to load config from "c:\\Users\\user\\.gemini\\antigravity-ide\\scratch\\mesma-website\\dataconnect": could not find dataconnect.yaml in `c:\Users\user\.gemini\antigravity-ide\scratch\mesma-website\dataconnect`
 {"metadata":{"emulator":{"name":"dataconnect"},"message":"E0609 15:10:34.050238    8732 watch.go:40] Failed to load config from \"c:\\\\Users\\\\user\\\\.gemini\\\\antigravity-ide\\\\scratch\\\\mesma-website\\\\dataconnect\": could not find dataconnect.yaml in `c:\\Users\\user\\.gemini\\antigravity-ide\\scratch\\mesma-website\\dataconnect`\n"}}
[debug] [2026-06-09T12:10:44.053Z] E0609 15:10:44.052844    8732 watch.go:40] Failed to load config from "c:\\Users\\user\\.gemini\\antigravity-ide\\scratch\\mesma-website\\dataconnect": could not find dataconnect.yaml in `c:\Users\user\.gemini\antigravity-ide\scratch\mesma-website\dataconnect`
 {"metadata":{"emulator":{"name":"dataconnect"},"message":"E0609 15:10:44.052844    8732 watch.go:40] Failed to load config from \"c:\\\\Users\\\\user\\\\.gemini\\\\antigravity-ide\\\\scratch\\\\mesma-website\\\\dataconnect\": could not find dataconnect.yaml in `c:\\Users\\user\\.gemini\\antigravity-ide\\scratch\\mesma-website\\dataconnect`\n"}}
[debug] [2026-06-09T12:10:54.050Z] E0609 15:10:54.049611    8732 watch.go:40] Failed to load config from "c:\\Users\\user\\.gemini\\antigravity-ide\\scratch\\mesma-website\\dataconnect": could not find dataconnect.yaml in `c:\Users\user\.gemini\antigravity-ide\scratch\mesma-website\dataconnect`
 {"metadata":{"emulator":{"name":"dataconnect"},"message":"E0609 15:10:54.049611    8732 watch.go:40] Failed to load config from \"c:\\\\Users\\\\user\\\\.gemini\\\\antigravity-ide\\\\scratch\\\\mesma-website\\\\dataconnect\": could not find dataconnect.yaml in `c:\\Users\\user\\.gemini\\antigravity-ide\\scratch\\mesma-website\\dataconnect`\n"}}
[debug] [2026-06-09T12:11:04.048Z] E0609 15:11:04.049657    8732 watch.go:40] Failed to load config from "c:\\Users\\user\\.gemini\\antigravity-ide\\scratch\\mesma-website\\dataconnect": could not find dataconnect.yaml in `c:\Users\user\.gemini\antigravity-ide\scratch\mesma-website\dataconnect`
 {"metadata":{"emulator":{"name":"dataconnect"},"message":"E0609 15:11:04.049657    8732 watch.go:40] Failed to load config from \"c:\\\\Users\\\\user\\\\.gemini\\\\antigravity-ide\\\\scratch\\\\mesma-website\\\\dataconnect\": could not find dataconnect.yaml in `c:\\Users\\user\\.gemini\\antigravity-ide\\scratch\\mesma-website\\dataconnect`\n"}}
[debug] [2026-06-09T12:11:14.049Z] E0609 15:11:14.050278    8732 watch.go:40] Failed to load config from "c:\\Users\\user\\.gemini\\antigravity-ide\\scratch\\mesma-website\\dataconnect": could not find dataconnect.yaml in `c:\Users\user\.gemini\antigravity-ide\scratch\mesma-website\dataconnect`
 {"metadata":{"emulator":{"name":"dataconnect"},"message":"E0609 15:11:14.050278    8732 watch.go:40] Failed to load config from \"c:\\\\Users\\\\user\\\\.gemini\\\\antigravity-ide\\\\scratch\\\\mesma-website\\\\dataconnect\": could not find dataconnect.yaml in `c:\\Users\\user\\.gemini\\antigravity-ide\\scratch\\mesma-website\\dataconnect`\n"}}
[debug] [2026-06-09T12:11:24.049Z] E0609 15:11:24.050175    8732 watch.go:40] Failed to load config from "c:\\Users\\user\\.gemini\\antigravity-ide\\scratch\\mesma-website\\dataconnect": could not find dataconnect.yaml in `c:\Users\user\.gemini\antigravity-ide\scratch\mesma-website\dataconnect`
 {"metadata":{"emulator":{"name":"dataconnect"},"message":"E0609 15:11:24.050175    8732 watch.go:40] Failed to load config from \"c:\\\\Users\\\\user\\\\.gemini\\\\antigravity-ide\\\\scratch\\\\mesma-website\\\\dataconnect\": could not find dataconnect.yaml in `c:\\Users\\user\\.gemini\\antigravity-ide\\scratch\\mesma-website\\dataconnect`\n"}}
[debug] [2026-06-09T12:11:34.048Z] E0609 15:11:34.049602    8732 watch.go:116] watchAllDir unable to walk dir `c:\Users\user\.gemini\antigravity-ide\scratch\mesma-website\dataconnect`: GetFileAttributesEx c:\Users\user\.gemini\antigravity-ide\scratch\mesma-website\dataconnect: The system cannot find the file specified.
 {"metadata":{"emulator":{"name":"dataconnect"},"message":"E0609 15:11:34.049602    8732 watch.go:116] watchAllDir unable to walk dir `c:\\Users\\user\\.gemini\\antigravity-ide\\scratch\\mesma-website\\dataconnect`: GetFileAttributesEx c:\\Users\\user\\.gemini\\antigravity-ide\\scratch\\mesma-website\\dataconnect: The system cannot find the file specified.\n"}}
[debug] [2026-06-09T12:11:34.049Z] E0609 15:11:34.050188    8732 watch.go:40] Failed to load config from "c:\\Users\\user\\.gemini\\antigravity-ide\\scratch\\mesma-website\\dataconnect": could not find dataconnect.yaml in `c:\Users\user\.gemini\antigravity-ide\scratch\mesma-website\dataconnect`
 {"metadata":{"emulator":{"name":"dataconnect"},"message":"E0609 15:11:34.050188    8732 watch.go:40] Failed to load config from \"c:\\\\Users\\\\user\\\\.gemini\\\\antigravity-ide\\\\scratch\\\\mesma-website\\\\dataconnect\": could not find dataconnect.yaml in `c:\\Users\\user\\.gemini\\antigravity-ide\\scratch\\mesma-website\\dataconnect`\n"}}
[debug] [2026-06-09T12:11:44.049Z] E0609 15:11:44.050267    8732 watch.go:40] Failed to load config from "c:\\Users\\user\\.gemini\\antigravity-ide\\scratch\\mesma-website\\dataconnect": could not find dataconnect.yaml in `c:\Users\user\.gemini\antigravity-ide\scratch\mesma-website\dataconnect`
 {"metadata":{"emulator":{"name":"dataconnect"},"message":"E0609 15:11:44.050267    8732 watch.go:40] Failed to load config from \"c:\\\\Users\\\\user\\\\.gemini\\\\antigravity-ide\\\\scratch\\\\mesma-website\\\\dataconnect\": could not find dataconnect.yaml in `c:\\Users\\user\\.gemini\\antigravity-ide\\scratch\\mesma-website\\dataconnect`\n"}}
[debug] [2026-06-09T12:11:54.049Z] E0609 15:11:54.050149    8732 watch.go:40] Failed to load config from "c:\\Users\\user\\.gemini\\antigravity-ide\\scratch\\mesma-website\\dataconnect": could not find dataconnect.yaml in `c:\Users\user\.gemini\antigravity-ide\scratch\mesma-website\dataconnect`
 {"metadata":{"emulator":{"name":"dataconnect"},"message":"E0609 15:11:54.050149    8732 watch.go:40] Failed to load config from \"c:\\\\Users\\\\user\\\\.gemini\\\\antigravity-ide\\\\scratch\\\\mesma-website\\\\dataconnect\": could not find dataconnect.yaml in `c:\\Users\\user\\.gemini\\antigravity-ide\\scratch\\mesma-website\\dataconnect`\n"}}
[debug] [2026-06-09T12:12:04.048Z] E0609 15:12:04.050376    8732 watch.go:40] Failed to load config from "c:\\Users\\user\\.gemini\\antigravity-ide\\scratch\\mesma-website\\dataconnect": could not find dataconnect.yaml in `c:\Users\user\.gemini\antigravity-ide\scratch\mesma-website\dataconnect`
 {"metadata":{"emulator":{"name":"dataconnect"},"message":"E0609 15:12:04.050376    8732 watch.go:40] Failed to load config from \"c:\\\\Users\\\\user\\\\.gemini\\\\antigravity-ide\\\\scratch\\\\mesma-website\\\\dataconnect\": could not find dataconnect.yaml in `c:\\Users\\user\\.gemini\\antigravity-ide\\scratch\\mesma-website\\dataconnect`\n"}}
[debug] [2026-06-09T12:12:14.048Z] E0609 15:12:14.049943    8732 watch.go:40] Failed to load config from "c:\\Users\\user\\.gemini\\antigravity-ide\\scratch\\mesma-website\\dataconnect": could not find dataconnect.yaml in `c:\Users\user\.gemini\antigravity-ide\scratch\mesma-website\dataconnect`
 {"metadata":{"emulator":{"name":"dataconnect"},"message":"E0609 15:12:14.049943    8732 watch.go:40] Failed to load config from \"c:\\\\Users\\\\user\\\\.gemini\\\\antigravity-ide\\\\scratch\\\\mesma-website\\\\dataconnect\": could not find dataconnect.yaml in `c:\\Users\\user\\.gemini\\antigravity-ide\\scratch\\mesma-website\\dataconnect`\n"}}
[debug] [2026-06-09T12:12:24.048Z] E0609 15:12:24.049669    8732 watch.go:40] Failed to load config from "c:\\Users\\user\\.gemini\\antigravity-ide\\scratch\\mesma-website\\dataconnect": could not find dataconnect.yaml in `c:\Users\user\.gemini\antigravity-ide\scratch\mesma-website\dataconnect`
 {"metadata":{"emulator":{"name":"dataconnect"},"message":"E0609 15:12:24.049669    8732 watch.go:40] Failed to load config from \"c:\\\\Users\\\\user\\\\.gemini\\\\antigravity-ide\\\\scratch\\\\mesma-website\\\\dataconnect\": could not find dataconnect.yaml in `c:\\Users\\user\\.gemini\\antigravity-ide\\scratch\\mesma-website\\dataconnect`\n"}}
[debug] [2026-06-09T12:12:34.048Z] E0609 15:12:34.049943    8732 watch.go:116] watchAllDir unable to walk dir `c:\Users\user\.gemini\antigravity-ide\scratch\mesma-website\dataconnect`: GetFileAttributesEx c:\Users\user\.gemini\antigravity-ide\scratch\mesma-website\dataconnect: The system cannot find the file specified.
 {"metadata":{"emulator":{"name":"dataconnect"},"message":"E0609 15:12:34.049943    8732 watch.go:116] watchAllDir unable to walk dir `c:\\Users\\user\\.gemini\\antigravity-ide\\scratch\\mesma-website\\dataconnect`: GetFileAttributesEx c:\\Users\\user\\.gemini\\antigravity-ide\\scratch\\mesma-website\\dataconnect: The system cannot find the file specified.\n"}}
[debug] [2026-06-09T12:12:34.049Z] E0609 15:12:34.050570    8732 watch.go:40] Failed to load config from "c:\\Users\\user\\.gemini\\antigravity-ide\\scratch\\mesma-website\\dataconnect": could not find dataconnect.yaml in `c:\Users\user\.gemini\antigravity-ide\scratch\mesma-website\dataconnect`
 {"metadata":{"emulator":{"name":"dataconnect"},"message":"E0609 15:12:34.050570    8732 watch.go:40] Failed to load config from \"c:\\\\Users\\\\user\\\\.gemini\\\\antigravity-ide\\\\scratch\\\\mesma-website\\\\dataconnect\": could not find dataconnect.yaml in `c:\\Users\\user\\.gemini\\antigravity-ide\\scratch\\mesma-website\\dataconnect`\n"}}
[debug] [2026-06-09T12:12:44.048Z] E0609 15:12:44.050353    8732 watch.go:40] Failed to load config from "c:\\Users\\user\\.gemini\\antigravity-ide\\scratch\\mesma-website\\dataconnect": could not find dataconnect.yaml in `c:\Users\user\.gemini\antigravity-ide\scratch\mesma-website\dataconnect`
 {"metadata":{"emulator":{"name":"dataconnect"},"message":"E0609 15:12:44.050353    8732 watch.go:40] Failed to load config from \"c:\\\\Users\\\\user\\\\.gemini\\\\antigravity-ide\\\\scratch\\\\mesma-website\\\\dataconnect\": could not find dataconnect.yaml in `c:\\Users\\user\\.gemini\\antigravity-ide\\scratch\\mesma-website\\dataconnect`\n"}}
[debug] [2026-06-09T12:12:54.053Z] E0609 15:12:54.053145    8732 watch.go:40] Failed to load config from "c:\\Users\\user\\.gemini\\antigravity-ide\\scratch\\mesma-website\\dataconnect": could not find dataconnect.yaml in `c:\Users\user\.gemini\antigravity-ide\scratch\mesma-website\dataconnect`
 {"metadata":{"emulator":{"name":"dataconnect"},"message":"E0609 15:12:54.053145    8732 watch.go:40] Failed to load config from \"c:\\\\Users\\\\user\\\\.gemini\\\\antigravity-ide\\\\scratch\\\\mesma-website\\\\dataconnect\": could not find dataconnect.yaml in `c:\\Users\\user\\.gemini\\antigravity-ide\\scratch\\mesma-website\\dataconnect`\n"}}
[debug] [2026-06-09T12:13:04.050Z] E0609 15:13:04.049969    8732 watch.go:40] Failed to load config from "c:\\Users\\user\\.gemini\\antigravity-ide\\scratch\\mesma-website\\dataconnect": could not find dataconnect.yaml in `c:\Users\user\.gemini\antigravity-ide\scratch\mesma-website\dataconnect`
 {"metadata":{"emulator":{"name":"dataconnect"},"message":"E0609 15:13:04.049969    8732 watch.go:40] Failed to load config from \"c:\\\\Users\\\\user\\\\.gemini\\\\antigravity-ide\\\\scratch\\\\mesma-website\\\\dataconnect\": could not find dataconnect.yaml in `c:\\Users\\user\\.gemini\\antigravity-ide\\scratch\\mesma-website\\dataconnect`\n"}}
[debug] [2026-06-09T12:13:14.050Z] E0609 15:13:14.050122    8732 watch.go:40] Failed to load config from "c:\\Users\\user\\.gemini\\antigravity-ide\\scratch\\mesma-website\\dataconnect": could not find dataconnect.yaml in `c:\Users\user\.gemini\antigravity-ide\scratch\mesma-website\dataconnect`
 {"metadata":{"emulator":{"name":"dataconnect"},"message":"E0609 15:13:14.050122    8732 watch.go:40] Failed to load config from \"c:\\\\Users\\\\user\\\\.gemini\\\\antigravity-ide\\\\scratch\\\\mesma-website\\\\dataconnect\": could not find dataconnect.yaml in `c:\\Users\\user\\.gemini\\antigravity-ide\\scratch\\mesma-website\\dataconnect`\n"}}
[debug] [2026-06-09T12:13:24.050Z] E0609 15:13:24.050127    8732 watch.go:40] Failed to load config from "c:\\Users\\user\\.gemini\\antigravity-ide\\scratch\\mesma-website\\dataconnect": could not find dataconnect.yaml in `c:\Users\user\.gemini\antigravity-ide\scratch\mesma-website\dataconnect`
 {"metadata":{"emulator":{"name":"dataconnect"},"message":"E0609 15:13:24.050127    8732 watch.go:40] Failed to load config from \"c:\\\\Users\\\\user\\\\.gemini\\\\antigravity-ide\\\\scratch\\\\mesma-website\\\\dataconnect\": could not find dataconnect.yaml in `c:\\Users\\user\\.gemini\\antigravity-ide\\scratch\\mesma-website\\dataconnect`\n"}}
[debug] [2026-06-09T12:13:34.050Z] E0609 15:13:34.049802    8732 watch.go:116] watchAllDir unable to walk dir `c:\Users\user\.gemini\antigravity-ide\scratch\mesma-website\dataconnect`: GetFileAttributesEx c:\Users\user\.gemini\antigravity-ide\scratch\mesma-website\dataconnect: The system cannot find the file specified.
 {"metadata":{"emulator":{"name":"dataconnect"},"message":"E0609 15:13:34.049802    8732 watch.go:116] watchAllDir unable to walk dir `c:\\Users\\user\\.gemini\\antigravity-ide\\scratch\\mesma-website\\dataconnect`: GetFileAttributesEx c:\\Users\\user\\.gemini\\antigravity-ide\\scratch\\mesma-website\\dataconnect: The system cannot find the file specified.\n"}}
[debug] [2026-06-09T12:13:34.051Z] E0609 15:13:34.050309    8732 watch.go:40] Failed to load config from "c:\\Users\\user\\.gemini\\antigravity-ide\\scratch\\mesma-website\\dataconnect": could not find dataconnect.yaml in `c:\Users\user\.gemini\antigravity-ide\scratch\mesma-website\dataconnect`
 {"metadata":{"emulator":{"name":"dataconnect"},"message":"E0609 15:13:34.050309    8732 watch.go:40] Failed to load config from \"c:\\\\Users\\\\user\\\\.gemini\\\\antigravity-ide\\\\scratch\\\\mesma-website\\\\dataconnect\": could not find dataconnect.yaml in `c:\\Users\\user\\.gemini\\antigravity-ide\\scratch\\mesma-website\\dataconnect`\n"}}
[debug] [2026-06-09T12:13:44.051Z] E0609 15:13:44.050346    8732 watch.go:40] Failed to load config from "c:\\Users\\user\\.gemini\\antigravity-ide\\scratch\\mesma-website\\dataconnect": could not find dataconnect.yaml in `c:\Users\user\.gemini\antigravity-ide\scratch\mesma-website\dataconnect`
 {"metadata":{"emulator":{"name":"dataconnect"},"message":"E0609 15:13:44.050346    8732 watch.go:40] Failed to load config from \"c:\\\\Users\\\\user\\\\.gemini\\\\antigravity-ide\\\\scratch\\\\mesma-website\\\\dataconnect\": could not find dataconnect.yaml in `c:\\Users\\user\\.gemini\\antigravity-ide\\scratch\\mesma-website\\dataconnect`\n"}}
[debug] [2026-06-09T12:13:54.051Z] E0609 15:13:54.050513    8732 watch.go:40] Failed to load config from "c:\\Users\\user\\.gemini\\antigravity-ide\\scratch\\mesma-website\\dataconnect": could not find dataconnect.yaml in `c:\Users\user\.gemini\antigravity-ide\scratch\mesma-website\dataconnect`
 {"metadata":{"emulator":{"name":"dataconnect"},"message":"E0609 15:13:54.050513    8732 watch.go:40] Failed to load config from \"c:\\\\Users\\\\user\\\\.gemini\\\\antigravity-ide\\\\scratch\\\\mesma-website\\\\dataconnect\": could not find dataconnect.yaml in `c:\\Users\\user\\.gemini\\antigravity-ide\\scratch\\mesma-website\\dataconnect`\n"}}
[debug] [2026-06-09T12:14:04.049Z] E0609 15:14:04.049826    8732 watch.go:40] Failed to load config from "c:\\Users\\user\\.gemini\\antigravity-ide\\scratch\\mesma-website\\dataconnect": could not find dataconnect.yaml in `c:\Users\user\.gemini\antigravity-ide\scratch\mesma-website\dataconnect`
 {"metadata":{"emulator":{"name":"dataconnect"},"message":"E0609 15:14:04.049826    8732 watch.go:40] Failed to load config from \"c:\\\\Users\\\\user\\\\.gemini\\\\antigravity-ide\\\\scratch\\\\mesma-website\\\\dataconnect\": could not find dataconnect.yaml in `c:\\Users\\user\\.gemini\\antigravity-ide\\scratch\\mesma-website\\dataconnect`\n"}}
[debug] [2026-06-09T12:14:14.049Z] E0609 15:14:14.049695    8732 watch.go:40] Failed to load config from "c:\\Users\\user\\.gemini\\antigravity-ide\\scratch\\mesma-website\\dataconnect": could not find dataconnect.yaml in `c:\Users\user\.gemini\antigravity-ide\scratch\mesma-website\dataconnect`
 {"metadata":{"emulator":{"name":"dataconnect"},"message":"E0609 15:14:14.049695    8732 watch.go:40] Failed to load config from \"c:\\\\Users\\\\user\\\\.gemini\\\\antigravity-ide\\\\scratch\\\\mesma-website\\\\dataconnect\": could not find dataconnect.yaml in `c:\\Users\\user\\.gemini\\antigravity-ide\\scratch\\mesma-website\\dataconnect`\n"}}
[debug] [2026-06-09T12:14:24.049Z] E0609 15:14:24.049735    8732 watch.go:40] Failed to load config from "c:\\Users\\user\\.gemini\\antigravity-ide\\scratch\\mesma-website\\dataconnect": could not find dataconnect.yaml in `c:\Users\user\.gemini\antigravity-ide\scratch\mesma-website\dataconnect`
 {"metadata":{"emulator":{"name":"dataconnect"},"message":"E0609 15:14:24.049735    8732 watch.go:40] Failed to load config from \"c:\\\\Users\\\\user\\\\.gemini\\\\antigravity-ide\\\\scratch\\\\mesma-website\\\\dataconnect\": could not find dataconnect.yaml in `c:\\Users\\user\\.gemini\\antigravity-ide\\scratch\\mesma-website\\dataconnect`\n"}}
[debug] [2026-06-09T12:14:34.050Z] E0609 15:14:34.050384    8732 watch.go:116] watchAllDir unable to walk dir `c:\Users\user\.gemini\antigravity-ide\scratch\mesma-website\dataconnect`: GetFileAttributesEx c:\Users\user\.gemini\antigravity-ide\scratch\mesma-website\dataconnect: The system cannot find the file specified.
 {"metadata":{"emulator":{"name":"dataconnect"},"message":"E0609 15:14:34.050384    8732 watch.go:116] watchAllDir unable to walk dir `c:\\Users\\user\\.gemini\\antigravity-ide\\scratch\\mesma-website\\dataconnect`: GetFileAttributesEx c:\\Users\\user\\.gemini\\antigravity-ide\\scratch\\mesma-website\\dataconnect: The system cannot find the file specified.\n"}}
[debug] [2026-06-09T12:14:34.051Z] E0609 15:14:34.050897    8732 watch.go:40] Failed to load config from "c:\\Users\\user\\.gemini\\antigravity-ide\\scratch\\mesma-website\\dataconnect": could not find dataconnect.yaml in `c:\Users\user\.gemini\antigravity-ide\scratch\mesma-website\dataconnect`
 {"metadata":{"emulator":{"name":"dataconnect"},"message":"E0609 15:14:34.050897    8732 watch.go:40] Failed to load config from \"c:\\\\Users\\\\user\\\\.gemini\\\\antigravity-ide\\\\scratch\\\\mesma-website\\\\dataconnect\": could not find dataconnect.yaml in `c:\\Users\\user\\.gemini\\antigravity-ide\\scratch\\mesma-website\\dataconnect`\n"}}
[debug] [2026-06-09T12:14:44.049Z] E0609 15:14:44.049869    8732 watch.go:40] Failed to load config from "c:\\Users\\user\\.gemini\\antigravity-ide\\scratch\\mesma-website\\dataconnect": could not find dataconnect.yaml in `c:\Users\user\.gemini\antigravity-ide\scratch\mesma-website\dataconnect`
 {"metadata":{"emulator":{"name":"dataconnect"},"message":"E0609 15:14:44.049869    8732 watch.go:40] Failed to load config from \"c:\\\\Users\\\\user\\\\.gemini\\\\antigravity-ide\\\\scratch\\\\mesma-website\\\\dataconnect\": could not find dataconnect.yaml in `c:\\Users\\user\\.gemini\\antigravity-ide\\scratch\\mesma-website\\dataconnect`\n"}}
[debug] [2026-06-09T12:14:54.050Z] E0609 15:14:54.050121    8732 watch.go:40] Failed to load config from "c:\\Users\\user\\.gemini\\antigravity-ide\\scratch\\mesma-website\\dataconnect": could not find dataconnect.yaml in `c:\Users\user\.gemini\antigravity-ide\scratch\mesma-website\dataconnect`
 {"metadata":{"emulator":{"name":"dataconnect"},"message":"E0609 15:14:54.050121    8732 watch.go:40] Failed to load config from \"c:\\\\Users\\\\user\\\\.gemini\\\\antigravity-ide\\\\scratch\\\\mesma-website\\\\dataconnect\": could not find dataconnect.yaml in `c:\\Users\\user\\.gemini\\antigravity-ide\\scratch\\mesma-website\\dataconnect`\n"}}
[debug] [2026-06-09T12:15:04.050Z] E0609 15:15:04.050580    8732 watch.go:40] Failed to load config from "c:\\Users\\user\\.gemini\\antigravity-ide\\scratch\\mesma-website\\dataconnect": could not find dataconnect.yaml in `c:\Users\user\.gemini\antigravity-ide\scratch\mesma-website\dataconnect`
 {"metadata":{"emulator":{"name":"dataconnect"},"message":"E0609 15:15:04.050580    8732 watch.go:40] Failed to load config from \"c:\\\\Users\\\\user\\\\.gemini\\\\antigravity-ide\\\\scratch\\\\mesma-website\\\\dataconnect\": could not find dataconnect.yaml in `c:\\Users\\user\\.gemini\\antigravity-ide\\scratch\\mesma-website\\dataconnect`\n"}}
[debug] [2026-06-09T12:15:14.049Z] E0609 15:15:14.049998    8732 watch.go:40] Failed to load config from "c:\\Users\\user\\.gemini\\antigravity-ide\\scratch\\mesma-website\\dataconnect": could not find dataconnect.yaml in `c:\Users\user\.gemini\antigravity-ide\scratch\mesma-website\dataconnect`
 {"metadata":{"emulator":{"name":"dataconnect"},"message":"E0609 15:15:14.049998    8732 watch.go:40] Failed to load config from \"c:\\\\Users\\\\user\\\\.gemini\\\\antigravity-ide\\\\scratch\\\\mesma-website\\\\dataconnect\": could not find dataconnect.yaml in `c:\\Users\\user\\.gemini\\antigravity-ide\\scratch\\mesma-website\\dataconnect`\n"}}
[debug] [2026-06-09T12:15:24.050Z] E0609 15:15:24.050600    8732 watch.go:40] Failed to load config from "c:\\Users\\user\\.gemini\\antigravity-ide\\scratch\\mesma-website\\dataconnect": could not find dataconnect.yaml in `c:\Users\user\.gemini\antigravity-ide\scratch\mesma-website\dataconnect`
 {"metadata":{"emulator":{"name":"dataconnect"},"message":"E0609 15:15:24.050600    8732 watch.go:40] Failed to load config from \"c:\\\\Users\\\\user\\\\.gemini\\\\antigravity-ide\\\\scratch\\\\mesma-website\\\\dataconnect\": could not find dataconnect.yaml in `c:\\Users\\user\\.gemini\\antigravity-ide\\scratch\\mesma-website\\dataconnect`\n"}}
[debug] [2026-06-09T12:15:34.049Z] E0609 15:15:34.049724    8732 watch.go:116] watchAllDir unable to walk dir `c:\Users\user\.gemini\antigravity-ide\scratch\mesma-website\dataconnect`: GetFileAttributesEx c:\Users\user\.gemini\antigravity-ide\scratch\mesma-website\dataconnect: The system cannot find the file specified.
 {"metadata":{"emulator":{"name":"dataconnect"},"message":"E0609 15:15:34.049724    8732 watch.go:116] watchAllDir unable to walk dir `c:\\Users\\user\\.gemini\\antigravity-ide\\scratch\\mesma-website\\dataconnect`: GetFileAttributesEx c:\\Users\\user\\.gemini\\antigravity-ide\\scratch\\mesma-website\\dataconnect: The system cannot find the file specified.\n"}}
[debug] [2026-06-09T12:15:34.051Z] E0609 15:15:34.049724    8732 watch.go:40] Failed to load config from "c:\\Users\\user\\.gemini\\antigravity-ide\\scratch\\mesma-website\\dataconnect": could not find dataconnect.yaml in `c:\Users\user\.gemini\antigravity-ide\scratch\mesma-website\dataconnect`
 {"metadata":{"emulator":{"name":"dataconnect"},"message":"E0609 15:15:34.049724    8732 watch.go:40] Failed to load config from \"c:\\\\Users\\\\user\\\\.gemini\\\\antigravity-ide\\\\scratch\\\\mesma-website\\\\dataconnect\": could not find dataconnect.yaml in `c:\\Users\\user\\.gemini\\antigravity-ide\\scratch\\mesma-website\\dataconnect`\n"}}
[debug] [2026-06-09T12:15:44.050Z] E0609 15:15:44.050331    8732 watch.go:40] Failed to load config from "c:\\Users\\user\\.gemini\\antigravity-ide\\scratch\\mesma-website\\dataconnect": could not find dataconnect.yaml in `c:\Users\user\.gemini\antigravity-ide\scratch\mesma-website\dataconnect`
 {"metadata":{"emulator":{"name":"dataconnect"},"message":"E0609 15:15:44.050331    8732 watch.go:40] Failed to load config from \"c:\\\\Users\\\\user\\\\.gemini\\\\antigravity-ide\\\\scratch\\\\mesma-website\\\\dataconnect\": could not find dataconnect.yaml in `c:\\Users\\user\\.gemini\\antigravity-ide\\scratch\\mesma-website\\dataconnect`\n"}}
[debug] [2026-06-09T12:15:54.051Z] E0609 15:15:54.051027    8732 watch.go:40] Failed to load config from "c:\\Users\\user\\.gemini\\antigravity-ide\\scratch\\mesma-website\\dataconnect": could not find dataconnect.yaml in `c:\Users\user\.gemini\antigravity-ide\scratch\mesma-website\dataconnect`
 {"metadata":{"emulator":{"name":"dataconnect"},"message":"E0609 15:15:54.051027    8732 watch.go:40] Failed to load config from \"c:\\\\Users\\\\user\\\\.gemini\\\\antigravity-ide\\\\scratch\\\\mesma-website\\\\dataconnect\": could not find dataconnect.yaml in `c:\\Users\\user\\.gemini\\antigravity-ide\\scratch\\mesma-website\\dataconnect`\n"}}
[debug] [2026-06-09T12:16:04.049Z] E0609 15:16:04.049953    8732 watch.go:40] Failed to load config from "c:\\Users\\user\\.gemini\\antigravity-ide\\scratch\\mesma-website\\dataconnect": could not find dataconnect.yaml in `c:\Users\user\.gemini\antigravity-ide\scratch\mesma-website\dataconnect`
 {"metadata":{"emulator":{"name":"dataconnect"},"message":"E0609 15:16:04.049953    8732 watch.go:40] Failed to load config from \"c:\\\\Users\\\\user\\\\.gemini\\\\antigravity-ide\\\\scratch\\\\mesma-website\\\\dataconnect\": could not find dataconnect.yaml in `c:\\Users\\user\\.gemini\\antigravity-ide\\scratch\\mesma-website\\dataconnect`\n"}}
[debug] [2026-06-09T12:16:14.050Z] E0609 15:16:14.050325    8732 watch.go:40] Failed to load config from "c:\\Users\\user\\.gemini\\antigravity-ide\\scratch\\mesma-website\\dataconnect": could not find dataconnect.yaml in `c:\Users\user\.gemini\antigravity-ide\scratch\mesma-website\dataconnect`
 {"metadata":{"emulator":{"name":"dataconnect"},"message":"E0609 15:16:14.050325    8732 watch.go:40] Failed to load config from \"c:\\\\Users\\\\user\\\\.gemini\\\\antigravity-ide\\\\scratch\\\\mesma-website\\\\dataconnect\": could not find dataconnect.yaml in `c:\\Users\\user\\.gemini\\antigravity-ide\\scratch\\mesma-website\\dataconnect`\n"}}
[debug] [2026-06-09T12:16:24.050Z] E0609 15:16:24.050412    8732 watch.go:40] Failed to load config from "c:\\Users\\user\\.gemini\\antigravity-ide\\scratch\\mesma-website\\dataconnect": could not find dataconnect.yaml in `c:\Users\user\.gemini\antigravity-ide\scratch\mesma-website\dataconnect`
 {"metadata":{"emulator":{"name":"dataconnect"},"message":"E0609 15:16:24.050412    8732 watch.go:40] Failed to load config from \"c:\\\\Users\\\\user\\\\.gemini\\\\antigravity-ide\\\\scratch\\\\mesma-website\\\\dataconnect\": could not find dataconnect.yaml in `c:\\Users\\user\\.gemini\\antigravity-ide\\scratch\\mesma-website\\dataconnect`\n"}}
[debug] [2026-06-09T12:16:34.050Z] E0609 15:16:34.050029    8732 watch.go:116] watchAllDir unable to walk dir `c:\Users\user\.gemini\antigravity-ide\scratch\mesma-website\dataconnect`: GetFileAttributesEx c:\Users\user\.gemini\antigravity-ide\scratch\mesma-website\dataconnect: The system cannot find the file specified.
 {"metadata":{"emulator":{"name":"dataconnect"},"message":"E0609 15:16:34.050029    8732 watch.go:116] watchAllDir unable to walk dir `c:\\Users\\user\\.gemini\\antigravity-ide\\scratch\\mesma-website\\dataconnect`: GetFileAttributesEx c:\\Users\\user\\.gemini\\antigravity-ide\\scratch\\mesma-website\\dataconnect: The system cannot find the file specified.\n"}}
[debug] [2026-06-09T12:16:34.051Z] E0609 15:16:34.050029    8732 watch.go:40] Failed to load config from "c:\\Users\\user\\.gemini\\antigravity-ide\\scratch\\mesma-website\\dataconnect": could not find dataconnect.yaml in `c:\Users\user\.gemini\antigravity-ide\scratch\mesma-website\dataconnect`
 {"metadata":{"emulator":{"name":"dataconnect"},"message":"E0609 15:16:34.050029    8732 watch.go:40] Failed to load config from \"c:\\\\Users\\\\user\\\\.gemini\\\\antigravity-ide\\\\scratch\\\\mesma-website\\\\dataconnect\": could not find dataconnect.yaml in `c:\\Users\\user\\.gemini\\antigravity-ide\\scratch\\mesma-website\\dataconnect`\n"}}
[debug] [2026-06-09T12:16:44.051Z] E0609 15:16:44.051117    8732 watch.go:40] Failed to load config from "c:\\Users\\user\\.gemini\\antigravity-ide\\scratch\\mesma-website\\dataconnect": could not find dataconnect.yaml in `c:\Users\user\.gemini\antigravity-ide\scratch\mesma-website\dataconnect`
 {"metadata":{"emulator":{"name":"dataconnect"},"message":"E0609 15:16:44.051117    8732 watch.go:40] Failed to load config from \"c:\\\\Users\\\\user\\\\.gemini\\\\antigravity-ide\\\\scratch\\\\mesma-website\\\\dataconnect\": could not find dataconnect.yaml in `c:\\Users\\user\\.gemini\\antigravity-ide\\scratch\\mesma-website\\dataconnect`\n"}}
[debug] [2026-06-09T12:16:54.050Z] E0609 15:16:54.050770    8732 watch.go:40] Failed to load config from "c:\\Users\\user\\.gemini\\antigravity-ide\\scratch\\mesma-website\\dataconnect": could not find dataconnect.yaml in `c:\Users\user\.gemini\antigravity-ide\scratch\mesma-website\dataconnect`
 {"metadata":{"emulator":{"name":"dataconnect"},"message":"E0609 15:16:54.050770    8732 watch.go:40] Failed to load config from \"c:\\\\Users\\\\user\\\\.gemini\\\\antigravity-ide\\\\scratch\\\\mesma-website\\\\dataconnect\": could not find dataconnect.yaml in `c:\\Users\\user\\.gemini\\antigravity-ide\\scratch\\mesma-website\\dataconnect`\n"}}
[debug] [2026-06-09T12:17:04.051Z] E0609 15:17:04.051240    8732 watch.go:40] Failed to load config from "c:\\Users\\user\\.gemini\\antigravity-ide\\scratch\\mesma-website\\dataconnect": could not find dataconnect.yaml in `c:\Users\user\.gemini\antigravity-ide\scratch\mesma-website\dataconnect`
 {"metadata":{"emulator":{"name":"dataconnect"},"message":"E0609 15:17:04.051240    8732 watch.go:40] Failed to load config from \"c:\\\\Users\\\\user\\\\.gemini\\\\antigravity-ide\\\\scratch\\\\mesma-website\\\\dataconnect\": could not find dataconnect.yaml in `c:\\Users\\user\\.gemini\\antigravity-ide\\scratch\\mesma-website\\dataconnect`\n"}}
[debug] [2026-06-09T12:17:14.051Z] E0609 15:17:14.050667    8732 watch.go:40] Failed to load config from "c:\\Users\\user\\.gemini\\antigravity-ide\\scratch\\mesma-website\\dataconnect": could not find dataconnect.yaml in `c:\Users\user\.gemini\antigravity-ide\scratch\mesma-website\dataconnect`
 {"metadata":{"emulator":{"name":"dataconnect"},"message":"E0609 15:17:14.050667    8732 watch.go:40] Failed to load config from \"c:\\\\Users\\\\user\\\\.gemini\\\\antigravity-ide\\\\scratch\\\\mesma-website\\\\dataconnect\": could not find dataconnect.yaml in `c:\\Users\\user\\.gemini\\antigravity-ide\\scratch\\mesma-website\\dataconnect`\n"}}
[debug] [2026-06-09T12:17:24.050Z] E0609 15:17:24.050429    8732 watch.go:40] Failed to load config from "c:\\Users\\user\\.gemini\\antigravity-ide\\scratch\\mesma-website\\dataconnect": could not find dataconnect.yaml in `c:\Users\user\.gemini\antigravity-ide\scratch\mesma-website\dataconnect`
 {"metadata":{"emulator":{"name":"dataconnect"},"message":"E0609 15:17:24.050429    8732 watch.go:40] Failed to load config from \"c:\\\\Users\\\\user\\\\.gemini\\\\antigravity-ide\\\\scratch\\\\mesma-website\\\\dataconnect\": could not find dataconnect.yaml in `c:\\Users\\user\\.gemini\\antigravity-ide\\scratch\\mesma-website\\dataconnect`\n"}}
[debug] [2026-06-09T12:17:34.049Z] E0609 15:17:34.049590    8732 watch.go:116] watchAllDir unable to walk dir `c:\Users\user\.gemini\antigravity-ide\scratch\mesma-website\dataconnect`: GetFileAttributesEx c:\Users\user\.gemini\antigravity-ide\scratch\mesma-website\dataconnect: The system cannot find the file specified.
 {"metadata":{"emulator":{"name":"dataconnect"},"message":"E0609 15:17:34.049590    8732 watch.go:116] watchAllDir unable to walk dir `c:\\Users\\user\\.gemini\\antigravity-ide\\scratch\\mesma-website\\dataconnect`: GetFileAttributesEx c:\\Users\\user\\.gemini\\antigravity-ide\\scratch\\mesma-website\\dataconnect: The system cannot find the file specified.\n"}}
[debug] [2026-06-09T12:17:34.050Z] E0609 15:17:34.050127    8732 watch.go:40] Failed to load config from "c:\\Users\\user\\.gemini\\antigravity-ide\\scratch\\mesma-website\\dataconnect": could not find dataconnect.yaml in `c:\Users\user\.gemini\antigravity-ide\scratch\mesma-website\dataconnect`
 {"metadata":{"emulator":{"name":"dataconnect"},"message":"E0609 15:17:34.050127    8732 watch.go:40] Failed to load config from \"c:\\\\Users\\\\user\\\\.gemini\\\\antigravity-ide\\\\scratch\\\\mesma-website\\\\dataconnect\": could not find dataconnect.yaml in `c:\\Users\\user\\.gemini\\antigravity-ide\\scratch\\mesma-website\\dataconnect`\n"}}
[debug] [2026-06-09T12:17:44.050Z] E0609 15:17:44.050537    8732 watch.go:40] Failed to load config from "c:\\Users\\user\\.gemini\\antigravity-ide\\scratch\\mesma-website\\dataconnect": could not find dataconnect.yaml in `c:\Users\user\.gemini\antigravity-ide\scratch\mesma-website\dataconnect`
 {"metadata":{"emulator":{"name":"dataconnect"},"message":"E0609 15:17:44.050537    8732 watch.go:40] Failed to load config from \"c:\\\\Users\\\\user\\\\.gemini\\\\antigravity-ide\\\\scratch\\\\mesma-website\\\\dataconnect\": could not find dataconnect.yaml in `c:\\Users\\user\\.gemini\\antigravity-ide\\scratch\\mesma-website\\dataconnect`\n"}}
[debug] [2026-06-09T12:17:54.050Z] E0609 15:17:54.050275    8732 watch.go:40] Failed to load config from "c:\\Users\\user\\.gemini\\antigravity-ide\\scratch\\mesma-website\\dataconnect": could not find dataconnect.yaml in `c:\Users\user\.gemini\antigravity-ide\scratch\mesma-website\dataconnect`
 {"metadata":{"emulator":{"name":"dataconnect"},"message":"E0609 15:17:54.050275    8732 watch.go:40] Failed to load config from \"c:\\\\Users\\\\user\\\\.gemini\\\\antigravity-ide\\\\scratch\\\\mesma-website\\\\dataconnect\": could not find dataconnect.yaml in `c:\\Users\\user\\.gemini\\antigravity-ide\\scratch\\mesma-website\\dataconnect`\n"}}
[debug] [2026-06-09T12:18:04.051Z] E0609 15:18:04.051044    8732 watch.go:40] Failed to load config from "c:\\Users\\user\\.gemini\\antigravity-ide\\scratch\\mesma-website\\dataconnect": could not find dataconnect.yaml in `c:\Users\user\.gemini\antigravity-ide\scratch\mesma-website\dataconnect`
 {"metadata":{"emulator":{"name":"dataconnect"},"message":"E0609 15:18:04.051044    8732 watch.go:40] Failed to load config from \"c:\\\\Users\\\\user\\\\.gemini\\\\antigravity-ide\\\\scratch\\\\mesma-website\\\\dataconnect\": could not find dataconnect.yaml in `c:\\Users\\user\\.gemini\\antigravity-ide\\scratch\\mesma-website\\dataconnect`\n"}}
[debug] [2026-06-09T12:18:14.051Z] E0609 15:18:14.050923    8732 watch.go:40] Failed to load config from "c:\\Users\\user\\.gemini\\antigravity-ide\\scratch\\mesma-website\\dataconnect": could not find dataconnect.yaml in `c:\Users\user\.gemini\antigravity-ide\scratch\mesma-website\dataconnect`
 {"metadata":{"emulator":{"name":"dataconnect"},"message":"E0609 15:18:14.050923    8732 watch.go:40] Failed to load config from \"c:\\\\Users\\\\user\\\\.gemini\\\\antigravity-ide\\\\scratch\\\\mesma-website\\\\dataconnect\": could not find dataconnect.yaml in `c:\\Users\\user\\.gemini\\antigravity-ide\\scratch\\mesma-website\\dataconnect`\n"}}
[debug] [2026-06-09T12:18:24.051Z] E0609 15:18:24.051118    8732 watch.go:40] Failed to load config from "c:\\Users\\user\\.gemini\\antigravity-ide\\scratch\\mesma-website\\dataconnect": could not find dataconnect.yaml in `c:\Users\user\.gemini\antigravity-ide\scratch\mesma-website\dataconnect`
 {"metadata":{"emulator":{"name":"dataconnect"},"message":"E0609 15:18:24.051118    8732 watch.go:40] Failed to load config from \"c:\\\\Users\\\\user\\\\.gemini\\\\antigravity-ide\\\\scratch\\\\mesma-website\\\\dataconnect\": could not find dataconnect.yaml in `c:\\Users\\user\\.gemini\\antigravity-ide\\scratch\\mesma-website\\dataconnect`\n"}}
[debug] [2026-06-09T12:18:34.050Z] E0609 15:18:34.050317    8732 watch.go:116] watchAllDir unable to walk dir `c:\Users\user\.gemini\antigravity-ide\scratch\mesma-website\dataconnect`: GetFileAttributesEx c:\Users\user\.gemini\antigravity-ide\scratch\mesma-website\dataconnect: The system cannot find the file specified.
 {"metadata":{"emulator":{"name":"dataconnect"},"message":"E0609 15:18:34.050317    8732 watch.go:116] watchAllDir unable to walk dir `c:\\Users\\user\\.gemini\\antigravity-ide\\scratch\\mesma-website\\dataconnect`: GetFileAttributesEx c:\\Users\\user\\.gemini\\antigravity-ide\\scratch\\mesma-website\\dataconnect: The system cannot find the file specified.\n"}}
[debug] [2026-06-09T12:18:34.051Z] E0609 15:18:34.051120    8732 watch.go:40] Failed to load config from "c:\\Users\\user\\.gemini\\antigravity-ide\\scratch\\mesma-website\\dataconnect": could not find dataconnect.yaml in `c:\Users\user\.gemini\antigravity-ide\scratch\mesma-website\dataconnect`
 {"metadata":{"emulator":{"name":"dataconnect"},"message":"E0609 15:18:34.051120    8732 watch.go:40] Failed to load config from \"c:\\\\Users\\\\user\\\\.gemini\\\\antigravity-ide\\\\scratch\\\\mesma-website\\\\dataconnect\": could not find dataconnect.yaml in `c:\\Users\\user\\.gemini\\antigravity-ide\\scratch\\mesma-website\\dataconnect`\n"}}
[debug] [2026-06-09T12:18:44.051Z] E0609 15:18:44.051048    8732 watch.go:40] Failed to load config from "c:\\Users\\user\\.gemini\\antigravity-ide\\scratch\\mesma-website\\dataconnect": could not find dataconnect.yaml in `c:\Users\user\.gemini\antigravity-ide\scratch\mesma-website\dataconnect`
 {"metadata":{"emulator":{"name":"dataconnect"},"message":"E0609 15:18:44.051048    8732 watch.go:40] Failed to load config from \"c:\\\\Users\\\\user\\\\.gemini\\\\antigravity-ide\\\\scratch\\\\mesma-website\\\\dataconnect\": could not find dataconnect.yaml in `c:\\Users\\user\\.gemini\\antigravity-ide\\scratch\\mesma-website\\dataconnect`\n"}}
[debug] [2026-06-09T12:18:54.050Z] E0609 15:18:54.050061    8732 watch.go:40] Failed to load config from "c:\\Users\\user\\.gemini\\antigravity-ide\\scratch\\mesma-website\\dataconnect": could not find dataconnect.yaml in `c:\Users\user\.gemini\antigravity-ide\scratch\mesma-website\dataconnect`
 {"metadata":{"emulator":{"name":"dataconnect"},"message":"E0609 15:18:54.050061    8732 watch.go:40] Failed to load config from \"c:\\\\Users\\\\user\\\\.gemini\\\\antigravity-ide\\\\scratch\\\\mesma-website\\\\dataconnect\": could not find dataconnect.yaml in `c:\\Users\\user\\.gemini\\antigravity-ide\\scratch\\mesma-website\\dataconnect`\n"}}
[debug] [2026-06-09T12:19:04.055Z] E0609 15:19:04.054772    8732 watch.go:40] Failed to load config from "c:\\Users\\user\\.gemini\\antigravity-ide\\scratch\\mesma-website\\dataconnect": could not find dataconnect.yaml in `c:\Users\user\.gemini\antigravity-ide\scratch\mesma-website\dataconnect`
 {"metadata":{"emulator":{"name":"dataconnect"},"message":"E0609 15:19:04.054772    8732 watch.go:40] Failed to load config from \"c:\\\\Users\\\\user\\\\.gemini\\\\antigravity-ide\\\\scratch\\\\mesma-website\\\\dataconnect\": could not find dataconnect.yaml in `c:\\Users\\user\\.gemini\\antigravity-ide\\scratch\\mesma-website\\dataconnect`\n"}}
[debug] [2026-06-09T12:19:14.051Z] E0609 15:19:14.051334    8732 watch.go:40] Failed to load config from "c:\\Users\\user\\.gemini\\antigravity-ide\\scratch\\mesma-website\\dataconnect": could not find dataconnect.yaml in `c:\Users\user\.gemini\antigravity-ide\scratch\mesma-website\dataconnect`
 {"metadata":{"emulator":{"name":"dataconnect"},"message":"E0609 15:19:14.051334    8732 watch.go:40] Failed to load config from \"c:\\\\Users\\\\user\\\\.gemini\\\\antigravity-ide\\\\scratch\\\\mesma-website\\\\dataconnect\": could not find dataconnect.yaml in `c:\\Users\\user\\.gemini\\antigravity-ide\\scratch\\mesma-website\\dataconnect`\n"}}
[debug] [2026-06-09T12:19:24.051Z] E0609 15:19:24.050882    8732 watch.go:40] Failed to load config from "c:\\Users\\user\\.gemini\\antigravity-ide\\scratch\\mesma-website\\dataconnect": could not find dataconnect.yaml in `c:\Users\user\.gemini\antigravity-ide\scratch\mesma-website\dataconnect`
 {"metadata":{"emulator":{"name":"dataconnect"},"message":"E0609 15:19:24.050882    8732 watch.go:40] Failed to load config from \"c:\\\\Users\\\\user\\\\.gemini\\\\antigravity-ide\\\\scratch\\\\mesma-website\\\\dataconnect\": could not find dataconnect.yaml in `c:\\Users\\user\\.gemini\\antigravity-ide\\scratch\\mesma-website\\dataconnect`\n"}}
[debug] [2026-06-09T12:19:34.050Z] E0609 15:19:34.050038    8732 watch.go:116] watchAllDir unable to walk dir `c:\Users\user\.gemini\antigravity-ide\scratch\mesma-website\dataconnect`: GetFileAttributesEx c:\Users\user\.gemini\antigravity-ide\scratch\mesma-website\dataconnect: The system cannot find the file specified.
 {"metadata":{"emulator":{"name":"dataconnect"},"message":"E0609 15:19:34.050038    8732 watch.go:116] watchAllDir unable to walk dir `c:\\Users\\user\\.gemini\\antigravity-ide\\scratch\\mesma-website\\dataconnect`: GetFileAttributesEx c:\\Users\\user\\.gemini\\antigravity-ide\\scratch\\mesma-website\\dataconnect: The system cannot find the file specified.\n"}}
[debug] [2026-06-09T12:19:34.052Z] E0609 15:19:34.050038    8732 watch.go:40] Failed to load config from "c:\\Users\\user\\.gemini\\antigravity-ide\\scratch\\mesma-website\\dataconnect": could not find dataconnect.yaml in `c:\Users\user\.gemini\antigravity-ide\scratch\mesma-website\dataconnect`
 {"metadata":{"emulator":{"name":"dataconnect"},"message":"E0609 15:19:34.050038    8732 watch.go:40] Failed to load config from \"c:\\\\Users\\\\user\\\\.gemini\\\\antigravity-ide\\\\scratch\\\\mesma-website\\\\dataconnect\": could not find dataconnect.yaml in `c:\\Users\\user\\.gemini\\antigravity-ide\\scratch\\mesma-website\\dataconnect`\n"}}
[debug] [2026-06-09T12:19:44.051Z] E0609 15:19:44.050710    8732 watch.go:40] Failed to load config from "c:\\Users\\user\\.gemini\\antigravity-ide\\scratch\\mesma-website\\dataconnect": could not find dataconnect.yaml in `c:\Users\user\.gemini\antigravity-ide\scratch\mesma-website\dataconnect`
 {"metadata":{"emulator":{"name":"dataconnect"},"message":"E0609 15:19:44.050710    8732 watch.go:40] Failed to load config from \"c:\\\\Users\\\\user\\\\.gemini\\\\antigravity-ide\\\\scratch\\\\mesma-website\\\\dataconnect\": could not find dataconnect.yaml in `c:\\Users\\user\\.gemini\\antigravity-ide\\scratch\\mesma-website\\dataconnect`\n"}}
[debug] [2026-06-09T12:19:54.051Z] E0609 15:19:54.050831    8732 watch.go:40] Failed to load config from "c:\\Users\\user\\.gemini\\antigravity-ide\\scratch\\mesma-website\\dataconnect": could not find dataconnect.yaml in `c:\Users\user\.gemini\antigravity-ide\scratch\mesma-website\dataconnect`
 {"metadata":{"emulator":{"name":"dataconnect"},"message":"E0609 15:19:54.050831    8732 watch.go:40] Failed to load config from \"c:\\\\Users\\\\user\\\\.gemini\\\\antigravity-ide\\\\scratch\\\\mesma-website\\\\dataconnect\": could not find dataconnect.yaml in `c:\\Users\\user\\.gemini\\antigravity-ide\\scratch\\mesma-website\\dataconnect`\n"}}
[debug] [2026-06-09T12:20:04.050Z] E0609 15:20:04.050147    8732 watch.go:40] Failed to load config from "c:\\Users\\user\\.gemini\\antigravity-ide\\scratch\\mesma-website\\dataconnect": could not find dataconnect.yaml in `c:\Users\user\.gemini\antigravity-ide\scratch\mesma-website\dataconnect`
 {"metadata":{"emulator":{"name":"dataconnect"},"message":"E0609 15:20:04.050147    8732 watch.go:40] Failed to load config from \"c:\\\\Users\\\\user\\\\.gemini\\\\antigravity-ide\\\\scratch\\\\mesma-website\\\\dataconnect\": could not find dataconnect.yaml in `c:\\Users\\user\\.gemini\\antigravity-ide\\scratch\\mesma-website\\dataconnect`\n"}}
[debug] [2026-06-09T12:20:14.050Z] E0609 15:20:14.050449    8732 watch.go:40] Failed to load config from "c:\\Users\\user\\.gemini\\antigravity-ide\\scratch\\mesma-website\\dataconnect": could not find dataconnect.yaml in `c:\Users\user\.gemini\antigravity-ide\scratch\mesma-website\dataconnect`
 {"metadata":{"emulator":{"name":"dataconnect"},"message":"E0609 15:20:14.050449    8732 watch.go:40] Failed to load config from \"c:\\\\Users\\\\user\\\\.gemini\\\\antigravity-ide\\\\scratch\\\\mesma-website\\\\dataconnect\": could not find dataconnect.yaml in `c:\\Users\\user\\.gemini\\antigravity-ide\\scratch\\mesma-website\\dataconnect`\n"}}
[debug] [2026-06-09T12:20:24.050Z] E0609 15:20:24.050832    8732 watch.go:40] Failed to load config from "c:\\Users\\user\\.gemini\\antigravity-ide\\scratch\\mesma-website\\dataconnect": could not find dataconnect.yaml in `c:\Users\user\.gemini\antigravity-ide\scratch\mesma-website\dataconnect`
 {"metadata":{"emulator":{"name":"dataconnect"},"message":"E0609 15:20:24.050832    8732 watch.go:40] Failed to load config from \"c:\\\\Users\\\\user\\\\.gemini\\\\antigravity-ide\\\\scratch\\\\mesma-website\\\\dataconnect\": could not find dataconnect.yaml in `c:\\Users\\user\\.gemini\\antigravity-ide\\scratch\\mesma-website\\dataconnect`\n"}}
[debug] [2026-06-09T12:20:34.050Z] E0609 15:20:34.050219    8732 watch.go:116] watchAllDir unable to walk dir `c:\Users\user\.gemini\antigravity-ide\scratch\mesma-website\dataconnect`: GetFileAttributesEx c:\Users\user\.gemini\antigravity-ide\scratch\mesma-website\dataconnect: The system cannot find the file specified.
 {"metadata":{"emulator":{"name":"dataconnect"},"message":"E0609 15:20:34.050219    8732 watch.go:116] watchAllDir unable to walk dir `c:\\Users\\user\\.gemini\\antigravity-ide\\scratch\\mesma-website\\dataconnect`: GetFileAttributesEx c:\\Users\\user\\.gemini\\antigravity-ide\\scratch\\mesma-website\\dataconnect: The system cannot find the file specified.\n"}}
[debug] [2026-06-09T12:20:34.051Z] E0609 15:20:34.050219    8732 watch.go:40] Failed to load config from "c:\\Users\\user\\.gemini\\antigravity-ide\\scratch\\mesma-website\\dataconnect": could not find dataconnect.yaml in `c:\Users\user\.gemini\antigravity-ide\scratch\mesma-website\dataconnect`
 {"metadata":{"emulator":{"name":"dataconnect"},"message":"E0609 15:20:34.050219    8732 watch.go:40] Failed to load config from \"c:\\\\Users\\\\user\\\\.gemini\\\\antigravity-ide\\\\scratch\\\\mesma-website\\\\dataconnect\": could not find dataconnect.yaml in `c:\\Users\\user\\.gemini\\antigravity-ide\\scratch\\mesma-website\\dataconnect`\n"}}
[debug] [2026-06-09T12:20:44.051Z] E0609 15:20:44.051761    8732 watch.go:40] Failed to load config from "c:\\Users\\user\\.gemini\\antigravity-ide\\scratch\\mesma-website\\dataconnect": could not find dataconnect.yaml in `c:\Users\user\.gemini\antigravity-ide\scratch\mesma-website\dataconnect`
 {"metadata":{"emulator":{"name":"dataconnect"},"message":"E0609 15:20:44.051761    8732 watch.go:40] Failed to load config from \"c:\\\\Users\\\\user\\\\.gemini\\\\antigravity-ide\\\\scratch\\\\mesma-website\\\\dataconnect\": could not find dataconnect.yaml in `c:\\Users\\user\\.gemini\\antigravity-ide\\scratch\\mesma-website\\dataconnect`\n"}}
[debug] [2026-06-09T12:20:54.050Z] E0609 15:20:54.051156    8732 watch.go:40] Failed to load config from "c:\\Users\\user\\.gemini\\antigravity-ide\\scratch\\mesma-website\\dataconnect": could not find dataconnect.yaml in `c:\Users\user\.gemini\antigravity-ide\scratch\mesma-website\dataconnect`
 {"metadata":{"emulator":{"name":"dataconnect"},"message":"E0609 15:20:54.051156    8732 watch.go:40] Failed to load config from \"c:\\\\Users\\\\user\\\\.gemini\\\\antigravity-ide\\\\scratch\\\\mesma-website\\\\dataconnect\": could not find dataconnect.yaml in `c:\\Users\\user\\.gemini\\antigravity-ide\\scratch\\mesma-website\\dataconnect`\n"}}
[debug] [2026-06-09T12:21:04.050Z] E0609 15:21:04.050963    8732 watch.go:40] Failed to load config from "c:\\Users\\user\\.gemini\\antigravity-ide\\scratch\\mesma-website\\dataconnect": could not find dataconnect.yaml in `c:\Users\user\.gemini\antigravity-ide\scratch\mesma-website\dataconnect`
 {"metadata":{"emulator":{"name":"dataconnect"},"message":"E0609 15:21:04.050963    8732 watch.go:40] Failed to load config from \"c:\\\\Users\\\\user\\\\.gemini\\\\antigravity-ide\\\\scratch\\\\mesma-website\\\\dataconnect\": could not find dataconnect.yaml in `c:\\Users\\user\\.gemini\\antigravity-ide\\scratch\\mesma-website\\dataconnect`\n"}}
[debug] [2026-06-09T12:21:14.051Z] E0609 15:21:14.051971    8732 watch.go:40] Failed to load config from "c:\\Users\\user\\.gemini\\antigravity-ide\\scratch\\mesma-website\\dataconnect": could not find dataconnect.yaml in `c:\Users\user\.gemini\antigravity-ide\scratch\mesma-website\dataconnect`
 {"metadata":{"emulator":{"name":"dataconnect"},"message":"E0609 15:21:14.051971    8732 watch.go:40] Failed to load config from \"c:\\\\Users\\\\user\\\\.gemini\\\\antigravity-ide\\\\scratch\\\\mesma-website\\\\dataconnect\": could not find dataconnect.yaml in `c:\\Users\\user\\.gemini\\antigravity-ide\\scratch\\mesma-website\\dataconnect`\n"}}
[debug] [2026-06-09T12:21:24.050Z] E0609 15:21:24.050735    8732 watch.go:40] Failed to load config from "c:\\Users\\user\\.gemini\\antigravity-ide\\scratch\\mesma-website\\dataconnect": could not find dataconnect.yaml in `c:\Users\user\.gemini\antigravity-ide\scratch\mesma-website\dataconnect`
 {"metadata":{"emulator":{"name":"dataconnect"},"message":"E0609 15:21:24.050735    8732 watch.go:40] Failed to load config from \"c:\\\\Users\\\\user\\\\.gemini\\\\antigravity-ide\\\\scratch\\\\mesma-website\\\\dataconnect\": could not find dataconnect.yaml in `c:\\Users\\user\\.gemini\\antigravity-ide\\scratch\\mesma-website\\dataconnect`\n"}}
[debug] [2026-06-09T12:21:34.049Z] E0609 15:21:34.049950    8732 watch.go:116] watchAllDir unable to walk dir `c:\Users\user\.gemini\antigravity-ide\scratch\mesma-website\dataconnect`: GetFileAttributesEx c:\Users\user\.gemini\antigravity-ide\scratch\mesma-website\dataconnect: The system cannot find the file specified.
 {"metadata":{"emulator":{"name":"dataconnect"},"message":"E0609 15:21:34.049950    8732 watch.go:116] watchAllDir unable to walk dir `c:\\Users\\user\\.gemini\\antigravity-ide\\scratch\\mesma-website\\dataconnect`: GetFileAttributesEx c:\\Users\\user\\.gemini\\antigravity-ide\\scratch\\mesma-website\\dataconnect: The system cannot find the file specified.\n"}}
[debug] [2026-06-09T12:21:34.052Z] E0609 15:21:34.051717    8732 watch.go:40] Failed to load config from "c:\\Users\\user\\.gemini\\antigravity-ide\\scratch\\mesma-website\\dataconnect": could not find dataconnect.yaml in `c:\Users\user\.gemini\antigravity-ide\scratch\mesma-website\dataconnect`
 {"metadata":{"emulator":{"name":"dataconnect"},"message":"E0609 15:21:34.051717    8732 watch.go:40] Failed to load config from \"c:\\\\Users\\\\user\\\\.gemini\\\\antigravity-ide\\\\scratch\\\\mesma-website\\\\dataconnect\": could not find dataconnect.yaml in `c:\\Users\\user\\.gemini\\antigravity-ide\\scratch\\mesma-website\\dataconnect`\n"}}
[debug] [2026-06-09T12:21:44.050Z] E0609 15:21:44.051505    8732 watch.go:40] Failed to load config from "c:\\Users\\user\\.gemini\\antigravity-ide\\scratch\\mesma-website\\dataconnect": could not find dataconnect.yaml in `c:\Users\user\.gemini\antigravity-ide\scratch\mesma-website\dataconnect`
 {"metadata":{"emulator":{"name":"dataconnect"},"message":"E0609 15:21:44.051505    8732 watch.go:40] Failed to load config from \"c:\\\\Users\\\\user\\\\.gemini\\\\antigravity-ide\\\\scratch\\\\mesma-website\\\\dataconnect\": could not find dataconnect.yaml in `c:\\Users\\user\\.gemini\\antigravity-ide\\scratch\\mesma-website\\dataconnect`\n"}}
[debug] [2026-06-09T12:21:54.050Z] E0609 15:21:54.051221    8732 watch.go:40] Failed to load config from "c:\\Users\\user\\.gemini\\antigravity-ide\\scratch\\mesma-website\\dataconnect": could not find dataconnect.yaml in `c:\Users\user\.gemini\antigravity-ide\scratch\mesma-website\dataconnect`
 {"metadata":{"emulator":{"name":"dataconnect"},"message":"E0609 15:21:54.051221    8732 watch.go:40] Failed to load config from \"c:\\\\Users\\\\user\\\\.gemini\\\\antigravity-ide\\\\scratch\\\\mesma-website\\\\dataconnect\": could not find dataconnect.yaml in `c:\\Users\\user\\.gemini\\antigravity-ide\\scratch\\mesma-website\\dataconnect`\n"}}
[debug] [2026-06-09T12:22:04.051Z] E0609 15:22:04.050375    8732 watch.go:40] Failed to load config from "c:\\Users\\user\\.gemini\\antigravity-ide\\scratch\\mesma-website\\dataconnect": could not find dataconnect.yaml in `c:\Users\user\.gemini\antigravity-ide\scratch\mesma-website\dataconnect`
 {"metadata":{"emulator":{"name":"dataconnect"},"message":"E0609 15:22:04.050375    8732 watch.go:40] Failed to load config from \"c:\\\\Users\\\\user\\\\.gemini\\\\antigravity-ide\\\\scratch\\\\mesma-website\\\\dataconnect\": could not find dataconnect.yaml in `c:\\Users\\user\\.gemini\\antigravity-ide\\scratch\\mesma-website\\dataconnect`\n"}}
[debug] [2026-06-09T12:22:14.051Z] E0609 15:22:14.050825    8732 watch.go:40] Failed to load config from "c:\\Users\\user\\.gemini\\antigravity-ide\\scratch\\mesma-website\\dataconnect": could not find dataconnect.yaml in `c:\Users\user\.gemini\antigravity-ide\scratch\mesma-website\dataconnect`
 {"metadata":{"emulator":{"name":"dataconnect"},"message":"E0609 15:22:14.050825    8732 watch.go:40] Failed to load config from \"c:\\\\Users\\\\user\\\\.gemini\\\\antigravity-ide\\\\scratch\\\\mesma-website\\\\dataconnect\": could not find dataconnect.yaml in `c:\\Users\\user\\.gemini\\antigravity-ide\\scratch\\mesma-website\\dataconnect`\n"}}
[debug] [2026-06-09T12:22:24.051Z] E0609 15:22:24.050523    8732 watch.go:40] Failed to load config from "c:\\Users\\user\\.gemini\\antigravity-ide\\scratch\\mesma-website\\dataconnect": could not find dataconnect.yaml in `c:\Users\user\.gemini\antigravity-ide\scratch\mesma-website\dataconnect`
 {"metadata":{"emulator":{"name":"dataconnect"},"message":"E0609 15:22:24.050523    8732 watch.go:40] Failed to load config from \"c:\\\\Users\\\\user\\\\.gemini\\\\antigravity-ide\\\\scratch\\\\mesma-website\\\\dataconnect\": could not find dataconnect.yaml in `c:\\Users\\user\\.gemini\\antigravity-ide\\scratch\\mesma-website\\dataconnect`\n"}}
[debug] [2026-06-09T12:22:34.051Z] E0609 15:22:34.050835    8732 watch.go:116] watchAllDir unable to walk dir `c:\Users\user\.gemini\antigravity-ide\scratch\mesma-website\dataconnect`: GetFileAttributesEx c:\Users\user\.gemini\antigravity-ide\scratch\mesma-website\dataconnect: The system cannot find the file specified.
 {"metadata":{"emulator":{"name":"dataconnect"},"message":"E0609 15:22:34.050835    8732 watch.go:116] watchAllDir unable to walk dir `c:\\Users\\user\\.gemini\\antigravity-ide\\scratch\\mesma-website\\dataconnect`: GetFileAttributesEx c:\\Users\\user\\.gemini\\antigravity-ide\\scratch\\mesma-website\\dataconnect: The system cannot find the file specified.\n"}}
[debug] [2026-06-09T12:22:34.052Z] E0609 15:22:34.050835    8732 watch.go:40] Failed to load config from "c:\\Users\\user\\.gemini\\antigravity-ide\\scratch\\mesma-website\\dataconnect": could not find dataconnect.yaml in `c:\Users\user\.gemini\antigravity-ide\scratch\mesma-website\dataconnect`
 {"metadata":{"emulator":{"name":"dataconnect"},"message":"E0609 15:22:34.050835    8732 watch.go:40] Failed to load config from \"c:\\\\Users\\\\user\\\\.gemini\\\\antigravity-ide\\\\scratch\\\\mesma-website\\\\dataconnect\": could not find dataconnect.yaml in `c:\\Users\\user\\.gemini\\antigravity-ide\\scratch\\mesma-website\\dataconnect`\n"}}
[debug] [2026-06-09T12:22:44.051Z] E0609 15:22:44.050962    8732 watch.go:40] Failed to load config from "c:\\Users\\user\\.gemini\\antigravity-ide\\scratch\\mesma-website\\dataconnect": could not find dataconnect.yaml in `c:\Users\user\.gemini\antigravity-ide\scratch\mesma-website\dataconnect`
 {"metadata":{"emulator":{"name":"dataconnect"},"message":"E0609 15:22:44.050962    8732 watch.go:40] Failed to load config from \"c:\\\\Users\\\\user\\\\.gemini\\\\antigravity-ide\\\\scratch\\\\mesma-website\\\\dataconnect\": could not find dataconnect.yaml in `c:\\Users\\user\\.gemini\\antigravity-ide\\scratch\\mesma-website\\dataconnect`\n"}}
[debug] [2026-06-09T12:22:54.051Z] E0609 15:22:54.051246    8732 watch.go:40] Failed to load config from "c:\\Users\\user\\.gemini\\antigravity-ide\\scratch\\mesma-website\\dataconnect": could not find dataconnect.yaml in `c:\Users\user\.gemini\antigravity-ide\scratch\mesma-website\dataconnect`
 {"metadata":{"emulator":{"name":"dataconnect"},"message":"E0609 15:22:54.051246    8732 watch.go:40] Failed to load config from \"c:\\\\Users\\\\user\\\\.gemini\\\\antigravity-ide\\\\scratch\\\\mesma-website\\\\dataconnect\": could not find dataconnect.yaml in `c:\\Users\\user\\.gemini\\antigravity-ide\\scratch\\mesma-website\\dataconnect`\n"}}
[debug] [2026-06-09T12:23:04.050Z] E0609 15:23:04.050887    8732 watch.go:40] Failed to load config from "c:\\Users\\user\\.gemini\\antigravity-ide\\scratch\\mesma-website\\dataconnect": could not find dataconnect.yaml in `c:\Users\user\.gemini\antigravity-ide\scratch\mesma-website\dataconnect`
 {"metadata":{"emulator":{"name":"dataconnect"},"message":"E0609 15:23:04.050887    8732 watch.go:40] Failed to load config from \"c:\\\\Users\\\\user\\\\.gemini\\\\antigravity-ide\\\\scratch\\\\mesma-website\\\\dataconnect\": could not find dataconnect.yaml in `c:\\Users\\user\\.gemini\\antigravity-ide\\scratch\\mesma-website\\dataconnect`\n"}}
[debug] [2026-06-09T12:23:14.050Z] E0609 15:23:14.050767    8732 watch.go:40] Failed to load config from "c:\\Users\\user\\.gemini\\antigravity-ide\\scratch\\mesma-website\\dataconnect": could not find dataconnect.yaml in `c:\Users\user\.gemini\antigravity-ide\scratch\mesma-website\dataconnect`
 {"metadata":{"emulator":{"name":"dataconnect"},"message":"E0609 15:23:14.050767    8732 watch.go:40] Failed to load config from \"c:\\\\Users\\\\user\\\\.gemini\\\\antigravity-ide\\\\scratch\\\\mesma-website\\\\dataconnect\": could not find dataconnect.yaml in `c:\\Users\\user\\.gemini\\antigravity-ide\\scratch\\mesma-website\\dataconnect`\n"}}
[debug] [2026-06-09T12:23:24.052Z] E0609 15:23:24.053110    8732 watch.go:40] Failed to load config from "c:\\Users\\user\\.gemini\\antigravity-ide\\scratch\\mesma-website\\dataconnect": could not find dataconnect.yaml in `c:\Users\user\.gemini\antigravity-ide\scratch\mesma-website\dataconnect`
 {"metadata":{"emulator":{"name":"dataconnect"},"message":"E0609 15:23:24.053110    8732 watch.go:40] Failed to load config from \"c:\\\\Users\\\\user\\\\.gemini\\\\antigravity-ide\\\\scratch\\\\mesma-website\\\\dataconnect\": could not find dataconnect.yaml in `c:\\Users\\user\\.gemini\\antigravity-ide\\scratch\\mesma-website\\dataconnect`\n"}}
[debug] [2026-06-09T12:23:34.049Z] E0609 15:23:34.050147    8732 watch.go:116] watchAllDir unable to walk dir `c:\Users\user\.gemini\antigravity-ide\scratch\mesma-website\dataconnect`: GetFileAttributesEx c:\Users\user\.gemini\antigravity-ide\scratch\mesma-website\dataconnect: The system cannot find the file specified.
 {"metadata":{"emulator":{"name":"dataconnect"},"message":"E0609 15:23:34.050147    8732 watch.go:116] watchAllDir unable to walk dir `c:\\Users\\user\\.gemini\\antigravity-ide\\scratch\\mesma-website\\dataconnect`: GetFileAttributesEx c:\\Users\\user\\.gemini\\antigravity-ide\\scratch\\mesma-website\\dataconnect: The system cannot find the file specified.\n"}}
[debug] [2026-06-09T12:23:34.051Z] E0609 15:23:34.050147    8732 watch.go:40] Failed to load config from "c:\\Users\\user\\.gemini\\antigravity-ide\\scratch\\mesma-website\\dataconnect": could not find dataconnect.yaml in `c:\Users\user\.gemini\antigravity-ide\scratch\mesma-website\dataconnect`
 {"metadata":{"emulator":{"name":"dataconnect"},"message":"E0609 15:23:34.050147    8732 watch.go:40] Failed to load config from \"c:\\\\Users\\\\user\\\\.gemini\\\\antigravity-ide\\\\scratch\\\\mesma-website\\\\dataconnect\": could not find dataconnect.yaml in `c:\\Users\\user\\.gemini\\antigravity-ide\\scratch\\mesma-website\\dataconnect`\n"}}
[debug] [2026-06-09T12:23:44.051Z] E0609 15:23:44.051884    8732 watch.go:40] Failed to load config from "c:\\Users\\user\\.gemini\\antigravity-ide\\scratch\\mesma-website\\dataconnect": could not find dataconnect.yaml in `c:\Users\user\.gemini\antigravity-ide\scratch\mesma-website\dataconnect`
 {"metadata":{"emulator":{"name":"dataconnect"},"message":"E0609 15:23:44.051884    8732 watch.go:40] Failed to load config from \"c:\\\\Users\\\\user\\\\.gemini\\\\antigravity-ide\\\\scratch\\\\mesma-website\\\\dataconnect\": could not find dataconnect.yaml in `c:\\Users\\user\\.gemini\\antigravity-ide\\scratch\\mesma-website\\dataconnect`\n"}}
[debug] [2026-06-09T12:23:54.050Z] E0609 15:23:54.050324    8732 watch.go:40] Failed to load config from "c:\\Users\\user\\.gemini\\antigravity-ide\\scratch\\mesma-website\\dataconnect": could not find dataconnect.yaml in `c:\Users\user\.gemini\antigravity-ide\scratch\mesma-website\dataconnect`
 {"metadata":{"emulator":{"name":"dataconnect"},"message":"E0609 15:23:54.050324    8732 watch.go:40] Failed to load config from \"c:\\\\Users\\\\user\\\\.gemini\\\\antigravity-ide\\\\scratch\\\\mesma-website\\\\dataconnect\": could not find dataconnect.yaml in `c:\\Users\\user\\.gemini\\antigravity-ide\\scratch\\mesma-website\\dataconnect`\n"}}
[debug] [2026-06-09T12:24:04.051Z] E0609 15:24:04.051322    8732 watch.go:40] Failed to load config from "c:\\Users\\user\\.gemini\\antigravity-ide\\scratch\\mesma-website\\dataconnect": could not find dataconnect.yaml in `c:\Users\user\.gemini\antigravity-ide\scratch\mesma-website\dataconnect`
 {"metadata":{"emulator":{"name":"dataconnect"},"message":"E0609 15:24:04.051322    8732 watch.go:40] Failed to load config from \"c:\\\\Users\\\\user\\\\.gemini\\\\antigravity-ide\\\\scratch\\\\mesma-website\\\\dataconnect\": could not find dataconnect.yaml in `c:\\Users\\user\\.gemini\\antigravity-ide\\scratch\\mesma-website\\dataconnect`\n"}}
[debug] [2026-06-09T12:24:14.051Z] E0609 15:24:14.051331    8732 watch.go:40] Failed to load config from "c:\\Users\\user\\.gemini\\antigravity-ide\\scratch\\mesma-website\\dataconnect": could not find dataconnect.yaml in `c:\Users\user\.gemini\antigravity-ide\scratch\mesma-website\dataconnect`
 {"metadata":{"emulator":{"name":"dataconnect"},"message":"E0609 15:24:14.051331    8732 watch.go:40] Failed to load config from \"c:\\\\Users\\\\user\\\\.gemini\\\\antigravity-ide\\\\scratch\\\\mesma-website\\\\dataconnect\": could not find dataconnect.yaml in `c:\\Users\\user\\.gemini\\antigravity-ide\\scratch\\mesma-website\\dataconnect`\n"}}
[debug] [2026-06-09T12:24:24.051Z] E0609 15:24:24.050924    8732 watch.go:40] Failed to load config from "c:\\Users\\user\\.gemini\\antigravity-ide\\scratch\\mesma-website\\dataconnect": could not find dataconnect.yaml in `c:\Users\user\.gemini\antigravity-ide\scratch\mesma-website\dataconnect`
 {"metadata":{"emulator":{"name":"dataconnect"},"message":"E0609 15:24:24.050924    8732 watch.go:40] Failed to load config from \"c:\\\\Users\\\\user\\\\.gemini\\\\antigravity-ide\\\\scratch\\\\mesma-website\\\\dataconnect\": could not find dataconnect.yaml in `c:\\Users\\user\\.gemini\\antigravity-ide\\scratch\\mesma-website\\dataconnect`\n"}}
[debug] [2026-06-09T12:24:34.050Z] E0609 15:24:34.050042    8732 watch.go:116] watchAllDir unable to walk dir `c:\Users\user\.gemini\antigravity-ide\scratch\mesma-website\dataconnect`: GetFileAttributesEx c:\Users\user\.gemini\antigravity-ide\scratch\mesma-website\dataconnect: The system cannot find the file specified.
 {"metadata":{"emulator":{"name":"dataconnect"},"message":"E0609 15:24:34.050042    8732 watch.go:116] watchAllDir unable to walk dir `c:\\Users\\user\\.gemini\\antigravity-ide\\scratch\\mesma-website\\dataconnect`: GetFileAttributesEx c:\\Users\\user\\.gemini\\antigravity-ide\\scratch\\mesma-website\\dataconnect: The system cannot find the file specified.\n"}}
[debug] [2026-06-09T12:24:34.051Z] E0609 15:24:34.050788    8732 watch.go:40] Failed to load config from "c:\\Users\\user\\.gemini\\antigravity-ide\\scratch\\mesma-website\\dataconnect": could not find dataconnect.yaml in `c:\Users\user\.gemini\antigravity-ide\scratch\mesma-website\dataconnect`
 {"metadata":{"emulator":{"name":"dataconnect"},"message":"E0609 15:24:34.050788    8732 watch.go:40] Failed to load config from \"c:\\\\Users\\\\user\\\\.gemini\\\\antigravity-ide\\\\scratch\\\\mesma-website\\\\dataconnect\": could not find dataconnect.yaml in `c:\\Users\\user\\.gemini\\antigravity-ide\\scratch\\mesma-website\\dataconnect`\n"}}
[debug] [2026-06-09T12:24:44.051Z] E0609 15:24:44.051017    8732 watch.go:40] Failed to load config from "c:\\Users\\user\\.gemini\\antigravity-ide\\scratch\\mesma-website\\dataconnect": could not find dataconnect.yaml in `c:\Users\user\.gemini\antigravity-ide\scratch\mesma-website\dataconnect`
 {"metadata":{"emulator":{"name":"dataconnect"},"message":"E0609 15:24:44.051017    8732 watch.go:40] Failed to load config from \"c:\\\\Users\\\\user\\\\.gemini\\\\antigravity-ide\\\\scratch\\\\mesma-website\\\\dataconnect\": could not find dataconnect.yaml in `c:\\Users\\user\\.gemini\\antigravity-ide\\scratch\\mesma-website\\dataconnect`\n"}}
[debug] [2026-06-09T12:24:54.050Z] E0609 15:24:54.050237    8732 watch.go:40] Failed to load config from "c:\\Users\\user\\.gemini\\antigravity-ide\\scratch\\mesma-website\\dataconnect": could not find dataconnect.yaml in `c:\Users\user\.gemini\antigravity-ide\scratch\mesma-website\dataconnect`
 {"metadata":{"emulator":{"name":"dataconnect"},"message":"E0609 15:24:54.050237    8732 watch.go:40] Failed to load config from \"c:\\\\Users\\\\user\\\\.gemini\\\\antigravity-ide\\\\scratch\\\\mesma-website\\\\dataconnect\": could not find dataconnect.yaml in `c:\\Users\\user\\.gemini\\antigravity-ide\\scratch\\mesma-website\\dataconnect`\n"}}
[debug] [2026-06-09T12:25:04.050Z] E0609 15:25:04.050910    8732 watch.go:40] Failed to load config from "c:\\Users\\user\\.gemini\\antigravity-ide\\scratch\\mesma-website\\dataconnect": could not find dataconnect.yaml in `c:\Users\user\.gemini\antigravity-ide\scratch\mesma-website\dataconnect`
 {"metadata":{"emulator":{"name":"dataconnect"},"message":"E0609 15:25:04.050910    8732 watch.go:40] Failed to load config from \"c:\\\\Users\\\\user\\\\.gemini\\\\antigravity-ide\\\\scratch\\\\mesma-website\\\\dataconnect\": could not find dataconnect.yaml in `c:\\Users\\user\\.gemini\\antigravity-ide\\scratch\\mesma-website\\dataconnect`\n"}}
[debug] [2026-06-09T12:25:14.051Z] E0609 15:25:14.051598    8732 watch.go:40] Failed to load config from "c:\\Users\\user\\.gemini\\antigravity-ide\\scratch\\mesma-website\\dataconnect": could not find dataconnect.yaml in `c:\Users\user\.gemini\antigravity-ide\scratch\mesma-website\dataconnect`
 {"metadata":{"emulator":{"name":"dataconnect"},"message":"E0609 15:25:14.051598    8732 watch.go:40] Failed to load config from \"c:\\\\Users\\\\user\\\\.gemini\\\\antigravity-ide\\\\scratch\\\\mesma-website\\\\dataconnect\": could not find dataconnect.yaml in `c:\\Users\\user\\.gemini\\antigravity-ide\\scratch\\mesma-website\\dataconnect`\n"}}
[debug] [2026-06-09T12:25:24.050Z] E0609 15:25:24.051183    8732 watch.go:40] Failed to load config from "c:\\Users\\user\\.gemini\\antigravity-ide\\scratch\\mesma-website\\dataconnect": could not find dataconnect.yaml in `c:\Users\user\.gemini\antigravity-ide\scratch\mesma-website\dataconnect`
 {"metadata":{"emulator":{"name":"dataconnect"},"message":"E0609 15:25:24.051183    8732 watch.go:40] Failed to load config from \"c:\\\\Users\\\\user\\\\.gemini\\\\antigravity-ide\\\\scratch\\\\mesma-website\\\\dataconnect\": could not find dataconnect.yaml in `c:\\Users\\user\\.gemini\\antigravity-ide\\scratch\\mesma-website\\dataconnect`\n"}}
[debug] [2026-06-09T12:25:34.049Z] E0609 15:25:34.050541    8732 watch.go:116] watchAllDir unable to walk dir `c:\Users\user\.gemini\antigravity-ide\scratch\mesma-website\dataconnect`: GetFileAttributesEx c:\Users\user\.gemini\antigravity-ide\scratch\mesma-website\dataconnect: The system cannot find the file specified.
E0609 15:25:34.050541    8732 watch.go:40] Failed to load config from "c:\\Users\\user\\.gemini\\antigravity-ide\\scratch\\mesma-website\\dataconnect": could not find dataconnect.yaml in `c:\Users\user\.gemini\antigravity-ide\scratch\mesma-website\dataconnect`
 {"metadata":{"emulator":{"name":"dataconnect"},"message":"E0609 15:25:34.050541    8732 watch.go:116] watchAllDir unable to walk dir `c:\\Users\\user\\.gemini\\antigravity-ide\\scratch\\mesma-website\\dataconnect`: GetFileAttributesEx c:\\Users\\user\\.gemini\\antigravity-ide\\scratch\\mesma-website\\dataconnect: The system cannot find the file specified.\nE0609 15:25:34.050541    8732 watch.go:40] Failed to load config from \"c:\\\\Users\\\\user\\\\.gemini\\\\antigravity-ide\\\\scratch\\\\mesma-website\\\\dataconnect\": could not find dataconnect.yaml in `c:\\Users\\user\\.gemini\\antigravity-ide\\scratch\\mesma-website\\dataconnect`\n"}}
[debug] [2026-06-09T12:25:44.050Z] E0609 15:25:44.050416    8732 watch.go:40] Failed to load config from "c:\\Users\\user\\.gemini\\antigravity-ide\\scratch\\mesma-website\\dataconnect": could not find dataconnect.yaml in `c:\Users\user\.gemini\antigravity-ide\scratch\mesma-website\dataconnect`
 {"metadata":{"emulator":{"name":"dataconnect"},"message":"E0609 15:25:44.050416    8732 watch.go:40] Failed to load config from \"c:\\\\Users\\\\user\\\\.gemini\\\\antigravity-ide\\\\scratch\\\\mesma-website\\\\dataconnect\": could not find dataconnect.yaml in `c:\\Users\\user\\.gemini\\antigravity-ide\\scratch\\mesma-website\\dataconnect`\n"}}
[debug] [2026-06-09T12:25:54.050Z] E0609 15:25:54.050912    8732 watch.go:40] Failed to load config from "c:\\Users\\user\\.gemini\\antigravity-ide\\scratch\\mesma-website\\dataconnect": could not find dataconnect.yaml in `c:\Users\user\.gemini\antigravity-ide\scratch\mesma-website\dataconnect`
 {"metadata":{"emulator":{"name":"dataconnect"},"message":"E0609 15:25:54.050912    8732 watch.go:40] Failed to load config from \"c:\\\\Users\\\\user\\\\.gemini\\\\antigravity-ide\\\\scratch\\\\mesma-website\\\\dataconnect\": could not find dataconnect.yaml in `c:\\Users\\user\\.gemini\\antigravity-ide\\scratch\\mesma-website\\dataconnect`\n"}}
[debug] [2026-06-09T12:26:04.050Z] E0609 15:26:04.051089    8732 watch.go:40] Failed to load config from "c:\\Users\\user\\.gemini\\antigravity-ide\\scratch\\mesma-website\\dataconnect": could not find dataconnect.yaml in `c:\Users\user\.gemini\antigravity-ide\scratch\mesma-website\dataconnect`
 {"metadata":{"emulator":{"name":"dataconnect"},"message":"E0609 15:26:04.051089    8732 watch.go:40] Failed to load config from \"c:\\\\Users\\\\user\\\\.gemini\\\\antigravity-ide\\\\scratch\\\\mesma-website\\\\dataconnect\": could not find dataconnect.yaml in `c:\\Users\\user\\.gemini\\antigravity-ide\\scratch\\mesma-website\\dataconnect`\n"}}
[debug] [2026-06-09T12:26:14.050Z] E0609 15:26:14.051692    8732 watch.go:40] Failed to load config from "c:\\Users\\user\\.gemini\\antigravity-ide\\scratch\\mesma-website\\dataconnect": could not find dataconnect.yaml in `c:\Users\user\.gemini\antigravity-ide\scratch\mesma-website\dataconnect`
 {"metadata":{"emulator":{"name":"dataconnect"},"message":"E0609 15:26:14.051692    8732 watch.go:40] Failed to load config from \"c:\\\\Users\\\\user\\\\.gemini\\\\antigravity-ide\\\\scratch\\\\mesma-website\\\\dataconnect\": could not find dataconnect.yaml in `c:\\Users\\user\\.gemini\\antigravity-ide\\scratch\\mesma-website\\dataconnect`\n"}}
[debug] [2026-06-09T12:26:24.050Z] E0609 15:26:24.051435    8732 watch.go:40] Failed to load config from "c:\\Users\\user\\.gemini\\antigravity-ide\\scratch\\mesma-website\\dataconnect": could not find dataconnect.yaml in `c:\Users\user\.gemini\antigravity-ide\scratch\mesma-website\dataconnect`
 {"metadata":{"emulator":{"name":"dataconnect"},"message":"E0609 15:26:24.051435    8732 watch.go:40] Failed to load config from \"c:\\\\Users\\\\user\\\\.gemini\\\\antigravity-ide\\\\scratch\\\\mesma-website\\\\dataconnect\": could not find dataconnect.yaml in `c:\\Users\\user\\.gemini\\antigravity-ide\\scratch\\mesma-website\\dataconnect`\n"}}
[debug] [2026-06-09T12:26:34.049Z] E0609 15:26:34.049989    8732 watch.go:116] watchAllDir unable to walk dir `c:\Users\user\.gemini\antigravity-ide\scratch\mesma-website\dataconnect`: GetFileAttributesEx c:\Users\user\.gemini\antigravity-ide\scratch\mesma-website\dataconnect: The system cannot find the file specified.
 {"metadata":{"emulator":{"name":"dataconnect"},"message":"E0609 15:26:34.049989    8732 watch.go:116] watchAllDir unable to walk dir `c:\\Users\\user\\.gemini\\antigravity-ide\\scratch\\mesma-website\\dataconnect`: GetFileAttributesEx c:\\Users\\user\\.gemini\\antigravity-ide\\scratch\\mesma-website\\dataconnect: The system cannot find the file specified.\n"}}
[debug] [2026-06-09T12:26:34.050Z] E0609 15:26:34.050730    8732 watch.go:40] Failed to load config from "c:\\Users\\user\\.gemini\\antigravity-ide\\scratch\\mesma-website\\dataconnect": could not find dataconnect.yaml in `c:\Users\user\.gemini\antigravity-ide\scratch\mesma-website\dataconnect`
 {"metadata":{"emulator":{"name":"dataconnect"},"message":"E0609 15:26:34.050730    8732 watch.go:40] Failed to load config from \"c:\\\\Users\\\\user\\\\.gemini\\\\antigravity-ide\\\\scratch\\\\mesma-website\\\\dataconnect\": could not find dataconnect.yaml in `c:\\Users\\user\\.gemini\\antigravity-ide\\scratch\\mesma-website\\dataconnect`\n"}}
[debug] [2026-06-09T12:26:44.052Z] E0609 15:26:44.051524    8732 watch.go:40] Failed to load config from "c:\\Users\\user\\.gemini\\antigravity-ide\\scratch\\mesma-website\\dataconnect": could not find dataconnect.yaml in `c:\Users\user\.gemini\antigravity-ide\scratch\mesma-website\dataconnect`
 {"metadata":{"emulator":{"name":"dataconnect"},"message":"E0609 15:26:44.051524    8732 watch.go:40] Failed to load config from \"c:\\\\Users\\\\user\\\\.gemini\\\\antigravity-ide\\\\scratch\\\\mesma-website\\\\dataconnect\": could not find dataconnect.yaml in `c:\\Users\\user\\.gemini\\antigravity-ide\\scratch\\mesma-website\\dataconnect`\n"}}
[debug] [2026-06-09T12:26:54.050Z] E0609 15:26:54.050941    8732 watch.go:40] Failed to load config from "c:\\Users\\user\\.gemini\\antigravity-ide\\scratch\\mesma-website\\dataconnect": could not find dataconnect.yaml in `c:\Users\user\.gemini\antigravity-ide\scratch\mesma-website\dataconnect`
 {"metadata":{"emulator":{"name":"dataconnect"},"message":"E0609 15:26:54.050941    8732 watch.go:40] Failed to load config from \"c:\\\\Users\\\\user\\\\.gemini\\\\antigravity-ide\\\\scratch\\\\mesma-website\\\\dataconnect\": could not find dataconnect.yaml in `c:\\Users\\user\\.gemini\\antigravity-ide\\scratch\\mesma-website\\dataconnect`\n"}}
[debug] [2026-06-09T12:27:04.050Z] E0609 15:27:04.050585    8732 watch.go:40] Failed to load config from "c:\\Users\\user\\.gemini\\antigravity-ide\\scratch\\mesma-website\\dataconnect": could not find dataconnect.yaml in `c:\Users\user\.gemini\antigravity-ide\scratch\mesma-website\dataconnect`
 {"metadata":{"emulator":{"name":"dataconnect"},"message":"E0609 15:27:04.050585    8732 watch.go:40] Failed to load config from \"c:\\\\Users\\\\user\\\\.gemini\\\\antigravity-ide\\\\scratch\\\\mesma-website\\\\dataconnect\": could not find dataconnect.yaml in `c:\\Users\\user\\.gemini\\antigravity-ide\\scratch\\mesma-website\\dataconnect`\n"}}
[debug] [2026-06-09T12:27:14.050Z] E0609 15:27:14.050817    8732 watch.go:40] Failed to load config from "c:\\Users\\user\\.gemini\\antigravity-ide\\scratch\\mesma-website\\dataconnect": could not find dataconnect.yaml in `c:\Users\user\.gemini\antigravity-ide\scratch\mesma-website\dataconnect`
 {"metadata":{"emulator":{"name":"dataconnect"},"message":"E0609 15:27:14.050817    8732 watch.go:40] Failed to load config from \"c:\\\\Users\\\\user\\\\.gemini\\\\antigravity-ide\\\\scratch\\\\mesma-website\\\\dataconnect\": could not find dataconnect.yaml in `c:\\Users\\user\\.gemini\\antigravity-ide\\scratch\\mesma-website\\dataconnect`\n"}}
[debug] [2026-06-09T12:27:24.050Z] E0609 15:27:24.050492    8732 watch.go:40] Failed to load config from "c:\\Users\\user\\.gemini\\antigravity-ide\\scratch\\mesma-website\\dataconnect": could not find dataconnect.yaml in `c:\Users\user\.gemini\antigravity-ide\scratch\mesma-website\dataconnect`
 {"metadata":{"emulator":{"name":"dataconnect"},"message":"E0609 15:27:24.050492    8732 watch.go:40] Failed to load config from \"c:\\\\Users\\\\user\\\\.gemini\\\\antigravity-ide\\\\scratch\\\\mesma-website\\\\dataconnect\": could not find dataconnect.yaml in `c:\\Users\\user\\.gemini\\antigravity-ide\\scratch\\mesma-website\\dataconnect`\n"}}
[debug] [2026-06-09T12:27:34.050Z] E0609 15:27:34.050532    8732 watch.go:116] watchAllDir unable to walk dir `c:\Users\user\.gemini\antigravity-ide\scratch\mesma-website\dataconnect`: GetFileAttributesEx c:\Users\user\.gemini\antigravity-ide\scratch\mesma-website\dataconnect: The system cannot find the file specified.
 {"metadata":{"emulator":{"name":"dataconnect"},"message":"E0609 15:27:34.050532    8732 watch.go:116] watchAllDir unable to walk dir `c:\\Users\\user\\.gemini\\antigravity-ide\\scratch\\mesma-website\\dataconnect`: GetFileAttributesEx c:\\Users\\user\\.gemini\\antigravity-ide\\scratch\\mesma-website\\dataconnect: The system cannot find the file specified.\n"}}
[debug] [2026-06-09T12:27:34.051Z] E0609 15:27:34.052588    8732 watch.go:40] Failed to load config from "c:\\Users\\user\\.gemini\\antigravity-ide\\scratch\\mesma-website\\dataconnect": could not find dataconnect.yaml in `c:\Users\user\.gemini\antigravity-ide\scratch\mesma-website\dataconnect`
 {"metadata":{"emulator":{"name":"dataconnect"},"message":"E0609 15:27:34.052588    8732 watch.go:40] Failed to load config from \"c:\\\\Users\\\\user\\\\.gemini\\\\antigravity-ide\\\\scratch\\\\mesma-website\\\\dataconnect\": could not find dataconnect.yaml in `c:\\Users\\user\\.gemini\\antigravity-ide\\scratch\\mesma-website\\dataconnect`\n"}}
[debug] [2026-06-09T12:27:44.050Z] E0609 15:27:44.050642    8732 watch.go:40] Failed to load config from "c:\\Users\\user\\.gemini\\antigravity-ide\\scratch\\mesma-website\\dataconnect": could not find dataconnect.yaml in `c:\Users\user\.gemini\antigravity-ide\scratch\mesma-website\dataconnect`
 {"metadata":{"emulator":{"name":"dataconnect"},"message":"E0609 15:27:44.050642    8732 watch.go:40] Failed to load config from \"c:\\\\Users\\\\user\\\\.gemini\\\\antigravity-ide\\\\scratch\\\\mesma-website\\\\dataconnect\": could not find dataconnect.yaml in `c:\\Users\\user\\.gemini\\antigravity-ide\\scratch\\mesma-website\\dataconnect`\n"}}
[debug] [2026-06-09T12:27:54.050Z] E0609 15:27:54.050920    8732 watch.go:40] Failed to load config from "c:\\Users\\user\\.gemini\\antigravity-ide\\scratch\\mesma-website\\dataconnect": could not find dataconnect.yaml in `c:\Users\user\.gemini\antigravity-ide\scratch\mesma-website\dataconnect`
 {"metadata":{"emulator":{"name":"dataconnect"},"message":"E0609 15:27:54.050920    8732 watch.go:40] Failed to load config from \"c:\\\\Users\\\\user\\\\.gemini\\\\antigravity-ide\\\\scratch\\\\mesma-website\\\\dataconnect\": could not find dataconnect.yaml in `c:\\Users\\user\\.gemini\\antigravity-ide\\scratch\\mesma-website\\dataconnect`\n"}}
[debug] [2026-06-09T12:28:04.050Z] E0609 15:28:04.050844    8732 watch.go:40] Failed to load config from "c:\\Users\\user\\.gemini\\antigravity-ide\\scratch\\mesma-website\\dataconnect": could not find dataconnect.yaml in `c:\Users\user\.gemini\antigravity-ide\scratch\mesma-website\dataconnect`
 {"metadata":{"emulator":{"name":"dataconnect"},"message":"E0609 15:28:04.050844    8732 watch.go:40] Failed to load config from \"c:\\\\Users\\\\user\\\\.gemini\\\\antigravity-ide\\\\scratch\\\\mesma-website\\\\dataconnect\": could not find dataconnect.yaml in `c:\\Users\\user\\.gemini\\antigravity-ide\\scratch\\mesma-website\\dataconnect`\n"}}
[debug] [2026-06-09T12:28:14.051Z] E0609 15:28:14.050933    8732 watch.go:40] Failed to load config from "c:\\Users\\user\\.gemini\\antigravity-ide\\scratch\\mesma-website\\dataconnect": could not find dataconnect.yaml in `c:\Users\user\.gemini\antigravity-ide\scratch\mesma-website\dataconnect`
 {"metadata":{"emulator":{"name":"dataconnect"},"message":"E0609 15:28:14.050933    8732 watch.go:40] Failed to load config from \"c:\\\\Users\\\\user\\\\.gemini\\\\antigravity-ide\\\\scratch\\\\mesma-website\\\\dataconnect\": could not find dataconnect.yaml in `c:\\Users\\user\\.gemini\\antigravity-ide\\scratch\\mesma-website\\dataconnect`\n"}}
[debug] [2026-06-09T12:28:24.052Z] E0609 15:28:24.052194    8732 watch.go:40] Failed to load config from "c:\\Users\\user\\.gemini\\antigravity-ide\\scratch\\mesma-website\\dataconnect": could not find dataconnect.yaml in `c:\Users\user\.gemini\antigravity-ide\scratch\mesma-website\dataconnect`
 {"metadata":{"emulator":{"name":"dataconnect"},"message":"E0609 15:28:24.052194    8732 watch.go:40] Failed to load config from \"c:\\\\Users\\\\user\\\\.gemini\\\\antigravity-ide\\\\scratch\\\\mesma-website\\\\dataconnect\": could not find dataconnect.yaml in `c:\\Users\\user\\.gemini\\antigravity-ide\\scratch\\mesma-website\\dataconnect`\n"}}
[debug] [2026-06-09T12:28:34.050Z] E0609 15:28:34.050359    8732 watch.go:116] watchAllDir unable to walk dir `c:\Users\user\.gemini\antigravity-ide\scratch\mesma-website\dataconnect`: GetFileAttributesEx c:\Users\user\.gemini\antigravity-ide\scratch\mesma-website\dataconnect: The system cannot find the file specified.
 {"metadata":{"emulator":{"name":"dataconnect"},"message":"E0609 15:28:34.050359    8732 watch.go:116] watchAllDir unable to walk dir `c:\\Users\\user\\.gemini\\antigravity-ide\\scratch\\mesma-website\\dataconnect`: GetFileAttributesEx c:\\Users\\user\\.gemini\\antigravity-ide\\scratch\\mesma-website\\dataconnect: The system cannot find the file specified.\n"}}
[debug] [2026-06-09T12:28:34.051Z] E0609 15:28:34.050359    8732 watch.go:40] Failed to load config from "c:\\Users\\user\\.gemini\\antigravity-ide\\scratch\\mesma-website\\dataconnect": could not find dataconnect.yaml in `c:\Users\user\.gemini\antigravity-ide\scratch\mesma-website\dataconnect`
 {"metadata":{"emulator":{"name":"dataconnect"},"message":"E0609 15:28:34.050359    8732 watch.go:40] Failed to load config from \"c:\\\\Users\\\\user\\\\.gemini\\\\antigravity-ide\\\\scratch\\\\mesma-website\\\\dataconnect\": could not find dataconnect.yaml in `c:\\Users\\user\\.gemini\\antigravity-ide\\scratch\\mesma-website\\dataconnect`\n"}}
[debug] [2026-06-09T12:28:44.050Z] E0609 15:28:44.050159    8732 watch.go:40] Failed to load config from "c:\\Users\\user\\.gemini\\antigravity-ide\\scratch\\mesma-website\\dataconnect": could not find dataconnect.yaml in `c:\Users\user\.gemini\antigravity-ide\scratch\mesma-website\dataconnect`
 {"metadata":{"emulator":{"name":"dataconnect"},"message":"E0609 15:28:44.050159    8732 watch.go:40] Failed to load config from \"c:\\\\Users\\\\user\\\\.gemini\\\\antigravity-ide\\\\scratch\\\\mesma-website\\\\dataconnect\": could not find dataconnect.yaml in `c:\\Users\\user\\.gemini\\antigravity-ide\\scratch\\mesma-website\\dataconnect`\n"}}
[debug] [2026-06-09T12:28:54.050Z] E0609 15:28:54.050138    8732 watch.go:40] Failed to load config from "c:\\Users\\user\\.gemini\\antigravity-ide\\scratch\\mesma-website\\dataconnect": could not find dataconnect.yaml in `c:\Users\user\.gemini\antigravity-ide\scratch\mesma-website\dataconnect`
 {"metadata":{"emulator":{"name":"dataconnect"},"message":"E0609 15:28:54.050138    8732 watch.go:40] Failed to load config from \"c:\\\\Users\\\\user\\\\.gemini\\\\antigravity-ide\\\\scratch\\\\mesma-website\\\\dataconnect\": could not find dataconnect.yaml in `c:\\Users\\user\\.gemini\\antigravity-ide\\scratch\\mesma-website\\dataconnect`\n"}}
[debug] [2026-06-09T12:29:04.050Z] E0609 15:29:04.049691    8732 watch.go:40] Failed to load config from "c:\\Users\\user\\.gemini\\antigravity-ide\\scratch\\mesma-website\\dataconnect": could not find dataconnect.yaml in `c:\Users\user\.gemini\antigravity-ide\scratch\mesma-website\dataconnect`
 {"metadata":{"emulator":{"name":"dataconnect"},"message":"E0609 15:29:04.049691    8732 watch.go:40] Failed to load config from \"c:\\\\Users\\\\user\\\\.gemini\\\\antigravity-ide\\\\scratch\\\\mesma-website\\\\dataconnect\": could not find dataconnect.yaml in `c:\\Users\\user\\.gemini\\antigravity-ide\\scratch\\mesma-website\\dataconnect`\n"}}
[debug] [2026-06-09T12:29:14.048Z] E0609 15:29:14.049601    8732 watch.go:40] Failed to load config from "c:\\Users\\user\\.gemini\\antigravity-ide\\scratch\\mesma-website\\dataconnect": could not find dataconnect.yaml in `c:\Users\user\.gemini\antigravity-ide\scratch\mesma-website\dataconnect`
 {"metadata":{"emulator":{"name":"dataconnect"},"message":"E0609 15:29:14.049601    8732 watch.go:40] Failed to load config from \"c:\\\\Users\\\\user\\\\.gemini\\\\antigravity-ide\\\\scratch\\\\mesma-website\\\\dataconnect\": could not find dataconnect.yaml in `c:\\Users\\user\\.gemini\\antigravity-ide\\scratch\\mesma-website\\dataconnect`\n"}}
[debug] [2026-06-09T12:29:24.048Z] E0609 15:29:24.050040    8732 watch.go:40] Failed to load config from "c:\\Users\\user\\.gemini\\antigravity-ide\\scratch\\mesma-website\\dataconnect": could not find dataconnect.yaml in `c:\Users\user\.gemini\antigravity-ide\scratch\mesma-website\dataconnect`
 {"metadata":{"emulator":{"name":"dataconnect"},"message":"E0609 15:29:24.050040    8732 watch.go:40] Failed to load config from \"c:\\\\Users\\\\user\\\\.gemini\\\\antigravity-ide\\\\scratch\\\\mesma-website\\\\dataconnect\": could not find dataconnect.yaml in `c:\\Users\\user\\.gemini\\antigravity-ide\\scratch\\mesma-website\\dataconnect`\n"}}
[debug] [2026-06-09T12:29:34.048Z] E0609 15:29:34.049654    8732 watch.go:116] watchAllDir unable to walk dir `c:\Users\user\.gemini\antigravity-ide\scratch\mesma-website\dataconnect`: GetFileAttributesEx c:\Users\user\.gemini\antigravity-ide\scratch\mesma-website\dataconnect: The system cannot find the file specified.
E0609 15:29:34.050010    8732 watch.go:40] Failed to load config from "c:\\Users\\user\\.gemini\\antigravity-ide\\scratch\\mesma-website\\dataconnect": could not find dataconnect.yaml in `c:\Users\user\.gemini\antigravity-ide\scratch\mesma-website\dataconnect`
 {"metadata":{"emulator":{"name":"dataconnect"},"message":"E0609 15:29:34.049654    8732 watch.go:116] watchAllDir unable to walk dir `c:\\Users\\user\\.gemini\\antigravity-ide\\scratch\\mesma-website\\dataconnect`: GetFileAttributesEx c:\\Users\\user\\.gemini\\antigravity-ide\\scratch\\mesma-website\\dataconnect: The system cannot find the file specified.\nE0609 15:29:34.050010    8732 watch.go:40] Failed to load config from \"c:\\\\Users\\\\user\\\\.gemini\\\\antigravity-ide\\\\scratch\\\\mesma-website\\\\dataconnect\": could not find dataconnect.yaml in `c:\\Users\\user\\.gemini\\antigravity-ide\\scratch\\mesma-website\\dataconnect`\n"}}
[debug] [2026-06-09T12:29:44.049Z] E0609 15:29:44.050446    8732 watch.go:40] Failed to load config from "c:\\Users\\user\\.gemini\\antigravity-ide\\scratch\\mesma-website\\dataconnect": could not find dataconnect.yaml in `c:\Users\user\.gemini\antigravity-ide\scratch\mesma-website\dataconnect`
 {"metadata":{"emulator":{"name":"dataconnect"},"message":"E0609 15:29:44.050446    8732 watch.go:40] Failed to load config from \"c:\\\\Users\\\\user\\\\.gemini\\\\antigravity-ide\\\\scratch\\\\mesma-website\\\\dataconnect\": could not find dataconnect.yaml in `c:\\Users\\user\\.gemini\\antigravity-ide\\scratch\\mesma-website\\dataconnect`\n"}}
[debug] [2026-06-09T12:29:54.048Z] E0609 15:29:54.050066    8732 watch.go:40] Failed to load config from "c:\\Users\\user\\.gemini\\antigravity-ide\\scratch\\mesma-website\\dataconnect": could not find dataconnect.yaml in `c:\Users\user\.gemini\antigravity-ide\scratch\mesma-website\dataconnect`
 {"metadata":{"emulator":{"name":"dataconnect"},"message":"E0609 15:29:54.050066    8732 watch.go:40] Failed to load config from \"c:\\\\Users\\\\user\\\\.gemini\\\\antigravity-ide\\\\scratch\\\\mesma-website\\\\dataconnect\": could not find dataconnect.yaml in `c:\\Users\\user\\.gemini\\antigravity-ide\\scratch\\mesma-website\\dataconnect`\n"}}
[debug] [2026-06-09T12:30:04.048Z] E0609 15:30:04.050035    8732 watch.go:40] Failed to load config from "c:\\Users\\user\\.gemini\\antigravity-ide\\scratch\\mesma-website\\dataconnect": could not find dataconnect.yaml in `c:\Users\user\.gemini\antigravity-ide\scratch\mesma-website\dataconnect`
 {"metadata":{"emulator":{"name":"dataconnect"},"message":"E0609 15:30:04.050035    8732 watch.go:40] Failed to load config from \"c:\\\\Users\\\\user\\\\.gemini\\\\antigravity-ide\\\\scratch\\\\mesma-website\\\\dataconnect\": could not find dataconnect.yaml in `c:\\Users\\user\\.gemini\\antigravity-ide\\scratch\\mesma-website\\dataconnect`\n"}}
[debug] [2026-06-09T12:30:14.050Z] E0609 15:30:14.049528    8732 watch.go:40] Failed to load config from "c:\\Users\\user\\.gemini\\antigravity-ide\\scratch\\mesma-website\\dataconnect": could not find dataconnect.yaml in `c:\Users\user\.gemini\antigravity-ide\scratch\mesma-website\dataconnect`
 {"metadata":{"emulator":{"name":"dataconnect"},"message":"E0609 15:30:14.049528    8732 watch.go:40] Failed to load config from \"c:\\\\Users\\\\user\\\\.gemini\\\\antigravity-ide\\\\scratch\\\\mesma-website\\\\dataconnect\": could not find dataconnect.yaml in `c:\\Users\\user\\.gemini\\antigravity-ide\\scratch\\mesma-website\\dataconnect`\n"}}
[debug] [2026-06-09T12:30:24.051Z] E0609 15:30:24.050661    8732 watch.go:40] Failed to load config from "c:\\Users\\user\\.gemini\\antigravity-ide\\scratch\\mesma-website\\dataconnect": could not find dataconnect.yaml in `c:\Users\user\.gemini\antigravity-ide\scratch\mesma-website\dataconnect`
 {"metadata":{"emulator":{"name":"dataconnect"},"message":"E0609 15:30:24.050661    8732 watch.go:40] Failed to load config from \"c:\\\\Users\\\\user\\\\.gemini\\\\antigravity-ide\\\\scratch\\\\mesma-website\\\\dataconnect\": could not find dataconnect.yaml in `c:\\Users\\user\\.gemini\\antigravity-ide\\scratch\\mesma-website\\dataconnect`\n"}}
[debug] [2026-06-09T12:30:34.049Z] E0609 15:30:34.049381    8732 watch.go:116] watchAllDir unable to walk dir `c:\Users\user\.gemini\antigravity-ide\scratch\mesma-website\dataconnect`: GetFileAttributesEx c:\Users\user\.gemini\antigravity-ide\scratch\mesma-website\dataconnect: The system cannot find the file specified.
 {"metadata":{"emulator":{"name":"dataconnect"},"message":"E0609 15:30:34.049381    8732 watch.go:116] watchAllDir unable to walk dir `c:\\Users\\user\\.gemini\\antigravity-ide\\scratch\\mesma-website\\dataconnect`: GetFileAttributesEx c:\\Users\\user\\.gemini\\antigravity-ide\\scratch\\mesma-website\\dataconnect: The system cannot find the file specified.\n"}}
[debug] [2026-06-09T12:30:34.049Z] E0609 15:30:34.049381    8732 watch.go:40] Failed to load config from "c:\\Users\\user\\.gemini\\antigravity-ide\\scratch\\mesma-website\\dataconnect": could not find dataconnect.yaml in `c:\Users\user\.gemini\antigravity-ide\scratch\mesma-website\dataconnect`
 {"metadata":{"emulator":{"name":"dataconnect"},"message":"E0609 15:30:34.049381    8732 watch.go:40] Failed to load config from \"c:\\\\Users\\\\user\\\\.gemini\\\\antigravity-ide\\\\scratch\\\\mesma-website\\\\dataconnect\": could not find dataconnect.yaml in `c:\\Users\\user\\.gemini\\antigravity-ide\\scratch\\mesma-website\\dataconnect`\n"}}
[debug] [2026-06-09T12:30:44.051Z] E0609 15:30:44.050637    8732 watch.go:40] Failed to load config from "c:\\Users\\user\\.gemini\\antigravity-ide\\scratch\\mesma-website\\dataconnect": could not find dataconnect.yaml in `c:\Users\user\.gemini\antigravity-ide\scratch\mesma-website\dataconnect`
 {"metadata":{"emulator":{"name":"dataconnect"},"message":"E0609 15:30:44.050637    8732 watch.go:40] Failed to load config from \"c:\\\\Users\\\\user\\\\.gemini\\\\antigravity-ide\\\\scratch\\\\mesma-website\\\\dataconnect\": could not find dataconnect.yaml in `c:\\Users\\user\\.gemini\\antigravity-ide\\scratch\\mesma-website\\dataconnect`\n"}}
[debug] [2026-06-09T12:30:54.050Z] E0609 15:30:54.049997    8732 watch.go:40] Failed to load config from "c:\\Users\\user\\.gemini\\antigravity-ide\\scratch\\mesma-website\\dataconnect": could not find dataconnect.yaml in `c:\Users\user\.gemini\antigravity-ide\scratch\mesma-website\dataconnect`
 {"metadata":{"emulator":{"name":"dataconnect"},"message":"E0609 15:30:54.049997    8732 watch.go:40] Failed to load config from \"c:\\\\Users\\\\user\\\\.gemini\\\\antigravity-ide\\\\scratch\\\\mesma-website\\\\dataconnect\": could not find dataconnect.yaml in `c:\\Users\\user\\.gemini\\antigravity-ide\\scratch\\mesma-website\\dataconnect`\n"}}
[debug] [2026-06-09T12:31:04.049Z] E0609 15:31:04.049470    8732 watch.go:40] Failed to load config from "c:\\Users\\user\\.gemini\\antigravity-ide\\scratch\\mesma-website\\dataconnect": could not find dataconnect.yaml in `c:\Users\user\.gemini\antigravity-ide\scratch\mesma-website\dataconnect`
 {"metadata":{"emulator":{"name":"dataconnect"},"message":"E0609 15:31:04.049470    8732 watch.go:40] Failed to load config from \"c:\\\\Users\\\\user\\\\.gemini\\\\antigravity-ide\\\\scratch\\\\mesma-website\\\\dataconnect\": could not find dataconnect.yaml in `c:\\Users\\user\\.gemini\\antigravity-ide\\scratch\\mesma-website\\dataconnect`\n"}}
[debug] [2026-06-09T12:31:14.050Z] E0609 15:31:14.049720    8732 watch.go:40] Failed to load config from "c:\\Users\\user\\.gemini\\antigravity-ide\\scratch\\mesma-website\\dataconnect": could not find dataconnect.yaml in `c:\Users\user\.gemini\antigravity-ide\scratch\mesma-website\dataconnect`
 {"metadata":{"emulator":{"name":"dataconnect"},"message":"E0609 15:31:14.049720    8732 watch.go:40] Failed to load config from \"c:\\\\Users\\\\user\\\\.gemini\\\\antigravity-ide\\\\scratch\\\\mesma-website\\\\dataconnect\": could not find dataconnect.yaml in `c:\\Users\\user\\.gemini\\antigravity-ide\\scratch\\mesma-website\\dataconnect`\n"}}
[debug] [2026-06-09T12:31:24.049Z] E0609 15:31:24.049450    8732 watch.go:40] Failed to load config from "c:\\Users\\user\\.gemini\\antigravity-ide\\scratch\\mesma-website\\dataconnect": could not find dataconnect.yaml in `c:\Users\user\.gemini\antigravity-ide\scratch\mesma-website\dataconnect`
 {"metadata":{"emulator":{"name":"dataconnect"},"message":"E0609 15:31:24.049450    8732 watch.go:40] Failed to load config from \"c:\\\\Users\\\\user\\\\.gemini\\\\antigravity-ide\\\\scratch\\\\mesma-website\\\\dataconnect\": could not find dataconnect.yaml in `c:\\Users\\user\\.gemini\\antigravity-ide\\scratch\\mesma-website\\dataconnect`\n"}}
[debug] [2026-06-09T12:31:34.050Z] E0609 15:31:34.050358    8732 watch.go:116] watchAllDir unable to walk dir `c:\Users\user\.gemini\antigravity-ide\scratch\mesma-website\dataconnect`: GetFileAttributesEx c:\Users\user\.gemini\antigravity-ide\scratch\mesma-website\dataconnect: The system cannot find the file specified.
E0609 15:31:34.050358    8732 watch.go:40] Failed to load config from "c:\\Users\\user\\.gemini\\antigravity-ide\\scratch\\mesma-website\\dataconnect": could not find dataconnect.yaml in `c:\Users\user\.gemini\antigravity-ide\scratch\mesma-website\dataconnect`
 {"metadata":{"emulator":{"name":"dataconnect"},"message":"E0609 15:31:34.050358    8732 watch.go:116] watchAllDir unable to walk dir `c:\\Users\\user\\.gemini\\antigravity-ide\\scratch\\mesma-website\\dataconnect`: GetFileAttributesEx c:\\Users\\user\\.gemini\\antigravity-ide\\scratch\\mesma-website\\dataconnect: The system cannot find the file specified.\nE0609 15:31:34.050358    8732 watch.go:40] Failed to load config from \"c:\\\\Users\\\\user\\\\.gemini\\\\antigravity-ide\\\\scratch\\\\mesma-website\\\\dataconnect\": could not find dataconnect.yaml in `c:\\Users\\user\\.gemini\\antigravity-ide\\scratch\\mesma-website\\dataconnect`\n"}}
[debug] [2026-06-09T12:31:44.049Z] E0609 15:31:44.049755    8732 watch.go:40] Failed to load config from "c:\\Users\\user\\.gemini\\antigravity-ide\\scratch\\mesma-website\\dataconnect": could not find dataconnect.yaml in `c:\Users\user\.gemini\antigravity-ide\scratch\mesma-website\dataconnect`
 {"metadata":{"emulator":{"name":"dataconnect"},"message":"E0609 15:31:44.049755    8732 watch.go:40] Failed to load config from \"c:\\\\Users\\\\user\\\\.gemini\\\\antigravity-ide\\\\scratch\\\\mesma-website\\\\dataconnect\": could not find dataconnect.yaml in `c:\\Users\\user\\.gemini\\antigravity-ide\\scratch\\mesma-website\\dataconnect`\n"}}
[debug] [2026-06-09T12:31:54.051Z] E0609 15:31:54.050705    8732 watch.go:40] Failed to load config from "c:\\Users\\user\\.gemini\\antigravity-ide\\scratch\\mesma-website\\dataconnect": could not find dataconnect.yaml in `c:\Users\user\.gemini\antigravity-ide\scratch\mesma-website\dataconnect`
 {"metadata":{"emulator":{"name":"dataconnect"},"message":"E0609 15:31:54.050705    8732 watch.go:40] Failed to load config from \"c:\\\\Users\\\\user\\\\.gemini\\\\antigravity-ide\\\\scratch\\\\mesma-website\\\\dataconnect\": could not find dataconnect.yaml in `c:\\Users\\user\\.gemini\\antigravity-ide\\scratch\\mesma-website\\dataconnect`\n"}}
[debug] [2026-06-09T12:32:04.050Z] E0609 15:32:04.049769    8732 watch.go:40] Failed to load config from "c:\\Users\\user\\.gemini\\antigravity-ide\\scratch\\mesma-website\\dataconnect": could not find dataconnect.yaml in `c:\Users\user\.gemini\antigravity-ide\scratch\mesma-website\dataconnect`
 {"metadata":{"emulator":{"name":"dataconnect"},"message":"E0609 15:32:04.049769    8732 watch.go:40] Failed to load config from \"c:\\\\Users\\\\user\\\\.gemini\\\\antigravity-ide\\\\scratch\\\\mesma-website\\\\dataconnect\": could not find dataconnect.yaml in `c:\\Users\\user\\.gemini\\antigravity-ide\\scratch\\mesma-website\\dataconnect`\n"}}
[debug] [2026-06-09T12:32:14.050Z] E0609 15:32:14.049684    8732 watch.go:40] Failed to load config from "c:\\Users\\user\\.gemini\\antigravity-ide\\scratch\\mesma-website\\dataconnect": could not find dataconnect.yaml in `c:\Users\user\.gemini\antigravity-ide\scratch\mesma-website\dataconnect`
 {"metadata":{"emulator":{"name":"dataconnect"},"message":"E0609 15:32:14.049684    8732 watch.go:40] Failed to load config from \"c:\\\\Users\\\\user\\\\.gemini\\\\antigravity-ide\\\\scratch\\\\mesma-website\\\\dataconnect\": could not find dataconnect.yaml in `c:\\Users\\user\\.gemini\\antigravity-ide\\scratch\\mesma-website\\dataconnect`\n"}}
[debug] [2026-06-09T12:32:24.050Z] E0609 15:32:24.050433    8732 watch.go:40] Failed to load config from "c:\\Users\\user\\.gemini\\antigravity-ide\\scratch\\mesma-website\\dataconnect": could not find dataconnect.yaml in `c:\Users\user\.gemini\antigravity-ide\scratch\mesma-website\dataconnect`
 {"metadata":{"emulator":{"name":"dataconnect"},"message":"E0609 15:32:24.050433    8732 watch.go:40] Failed to load config from \"c:\\\\Users\\\\user\\\\.gemini\\\\antigravity-ide\\\\scratch\\\\mesma-website\\\\dataconnect\": could not find dataconnect.yaml in `c:\\Users\\user\\.gemini\\antigravity-ide\\scratch\\mesma-website\\dataconnect`\n"}}
[debug] [2026-06-09T12:32:34.050Z] E0609 15:32:34.050494    8732 watch.go:116] watchAllDir unable to walk dir `c:\Users\user\.gemini\antigravity-ide\scratch\mesma-website\dataconnect`: GetFileAttributesEx c:\Users\user\.gemini\antigravity-ide\scratch\mesma-website\dataconnect: The system cannot find the file specified.
 {"metadata":{"emulator":{"name":"dataconnect"},"message":"E0609 15:32:34.050494    8732 watch.go:116] watchAllDir unable to walk dir `c:\\Users\\user\\.gemini\\antigravity-ide\\scratch\\mesma-website\\dataconnect`: GetFileAttributesEx c:\\Users\\user\\.gemini\\antigravity-ide\\scratch\\mesma-website\\dataconnect: The system cannot find the file specified.\n"}}
[debug] [2026-06-09T12:32:34.052Z] E0609 15:32:34.050494    8732 watch.go:40] Failed to load config from "c:\\Users\\user\\.gemini\\antigravity-ide\\scratch\\mesma-website\\dataconnect": could not find dataconnect.yaml in `c:\Users\user\.gemini\antigravity-ide\scratch\mesma-website\dataconnect`
 {"metadata":{"emulator":{"name":"dataconnect"},"message":"E0609 15:32:34.050494    8732 watch.go:40] Failed to load config from \"c:\\\\Users\\\\user\\\\.gemini\\\\antigravity-ide\\\\scratch\\\\mesma-website\\\\dataconnect\": could not find dataconnect.yaml in `c:\\Users\\user\\.gemini\\antigravity-ide\\scratch\\mesma-website\\dataconnect`\n"}}
[debug] [2026-06-09T12:32:44.050Z] E0609 15:32:44.050267    8732 watch.go:40] Failed to load config from "c:\\Users\\user\\.gemini\\antigravity-ide\\scratch\\mesma-website\\dataconnect": could not find dataconnect.yaml in `c:\Users\user\.gemini\antigravity-ide\scratch\mesma-website\dataconnect`
 {"metadata":{"emulator":{"name":"dataconnect"},"message":"E0609 15:32:44.050267    8732 watch.go:40] Failed to load config from \"c:\\\\Users\\\\user\\\\.gemini\\\\antigravity-ide\\\\scratch\\\\mesma-website\\\\dataconnect\": could not find dataconnect.yaml in `c:\\Users\\user\\.gemini\\antigravity-ide\\scratch\\mesma-website\\dataconnect`\n"}}
[debug] [2026-06-09T12:32:54.050Z] E0609 15:32:54.049990    8732 watch.go:40] Failed to load config from "c:\\Users\\user\\.gemini\\antigravity-ide\\scratch\\mesma-website\\dataconnect": could not find dataconnect.yaml in `c:\Users\user\.gemini\antigravity-ide\scratch\mesma-website\dataconnect`
 {"metadata":{"emulator":{"name":"dataconnect"},"message":"E0609 15:32:54.049990    8732 watch.go:40] Failed to load config from \"c:\\\\Users\\\\user\\\\.gemini\\\\antigravity-ide\\\\scratch\\\\mesma-website\\\\dataconnect\": could not find dataconnect.yaml in `c:\\Users\\user\\.gemini\\antigravity-ide\\scratch\\mesma-website\\dataconnect`\n"}}
[debug] [2026-06-09T12:33:04.050Z] E0609 15:33:04.050124    8732 watch.go:40] Failed to load config from "c:\\Users\\user\\.gemini\\antigravity-ide\\scratch\\mesma-website\\dataconnect": could not find dataconnect.yaml in `c:\Users\user\.gemini\antigravity-ide\scratch\mesma-website\dataconnect`
 {"metadata":{"emulator":{"name":"dataconnect"},"message":"E0609 15:33:04.050124    8732 watch.go:40] Failed to load config from \"c:\\\\Users\\\\user\\\\.gemini\\\\antigravity-ide\\\\scratch\\\\mesma-website\\\\dataconnect\": could not find dataconnect.yaml in `c:\\Users\\user\\.gemini\\antigravity-ide\\scratch\\mesma-website\\dataconnect`\n"}}
[debug] [2026-06-09T12:33:14.049Z] E0609 15:33:14.050537    8732 watch.go:40] Failed to load config from "c:\\Users\\user\\.gemini\\antigravity-ide\\scratch\\mesma-website\\dataconnect": could not find dataconnect.yaml in `c:\Users\user\.gemini\antigravity-ide\scratch\mesma-website\dataconnect`
 {"metadata":{"emulator":{"name":"dataconnect"},"message":"E0609 15:33:14.050537    8732 watch.go:40] Failed to load config from \"c:\\\\Users\\\\user\\\\.gemini\\\\antigravity-ide\\\\scratch\\\\mesma-website\\\\dataconnect\": could not find dataconnect.yaml in `c:\\Users\\user\\.gemini\\antigravity-ide\\scratch\\mesma-website\\dataconnect`\n"}}
[debug] [2026-06-09T12:33:24.048Z] E0609 15:33:24.049738    8732 watch.go:40] Failed to load config from "c:\\Users\\user\\.gemini\\antigravity-ide\\scratch\\mesma-website\\dataconnect": could not find dataconnect.yaml in `c:\Users\user\.gemini\antigravity-ide\scratch\mesma-website\dataconnect`
 {"metadata":{"emulator":{"name":"dataconnect"},"message":"E0609 15:33:24.049738    8732 watch.go:40] Failed to load config from \"c:\\\\Users\\\\user\\\\.gemini\\\\antigravity-ide\\\\scratch\\\\mesma-website\\\\dataconnect\": could not find dataconnect.yaml in `c:\\Users\\user\\.gemini\\antigravity-ide\\scratch\\mesma-website\\dataconnect`\n"}}
[debug] [2026-06-09T12:33:34.048Z] E0609 15:33:34.049752    8732 watch.go:116] watchAllDir unable to walk dir `c:\Users\user\.gemini\antigravity-ide\scratch\mesma-website\dataconnect`: GetFileAttributesEx c:\Users\user\.gemini\antigravity-ide\scratch\mesma-website\dataconnect: The system cannot find the file specified.
 {"metadata":{"emulator":{"name":"dataconnect"},"message":"E0609 15:33:34.049752    8732 watch.go:116] watchAllDir unable to walk dir `c:\\Users\\user\\.gemini\\antigravity-ide\\scratch\\mesma-website\\dataconnect`: GetFileAttributesEx c:\\Users\\user\\.gemini\\antigravity-ide\\scratch\\mesma-website\\dataconnect: The system cannot find the file specified.\n"}}
[debug] [2026-06-09T12:33:34.049Z] E0609 15:33:34.050473    8732 watch.go:40] Failed to load config from "c:\\Users\\user\\.gemini\\antigravity-ide\\scratch\\mesma-website\\dataconnect": could not find dataconnect.yaml in `c:\Users\user\.gemini\antigravity-ide\scratch\mesma-website\dataconnect`
 {"metadata":{"emulator":{"name":"dataconnect"},"message":"E0609 15:33:34.050473    8732 watch.go:40] Failed to load config from \"c:\\\\Users\\\\user\\\\.gemini\\\\antigravity-ide\\\\scratch\\\\mesma-website\\\\dataconnect\": could not find dataconnect.yaml in `c:\\Users\\user\\.gemini\\antigravity-ide\\scratch\\mesma-website\\dataconnect`\n"}}
[debug] [2026-06-09T12:33:44.048Z] E0609 15:33:44.049740    8732 watch.go:40] Failed to load config from "c:\\Users\\user\\.gemini\\antigravity-ide\\scratch\\mesma-website\\dataconnect": could not find dataconnect.yaml in `c:\Users\user\.gemini\antigravity-ide\scratch\mesma-website\dataconnect`
 {"metadata":{"emulator":{"name":"dataconnect"},"message":"E0609 15:33:44.049740    8732 watch.go:40] Failed to load config from \"c:\\\\Users\\\\user\\\\.gemini\\\\antigravity-ide\\\\scratch\\\\mesma-website\\\\dataconnect\": could not find dataconnect.yaml in `c:\\Users\\user\\.gemini\\antigravity-ide\\scratch\\mesma-website\\dataconnect`\n"}}
[debug] [2026-06-09T12:33:54.049Z] E0609 15:33:54.049882    8732 watch.go:40] Failed to load config from "c:\\Users\\user\\.gemini\\antigravity-ide\\scratch\\mesma-website\\dataconnect": could not find dataconnect.yaml in `c:\Users\user\.gemini\antigravity-ide\scratch\mesma-website\dataconnect`
 {"metadata":{"emulator":{"name":"dataconnect"},"message":"E0609 15:33:54.049882    8732 watch.go:40] Failed to load config from \"c:\\\\Users\\\\user\\\\.gemini\\\\antigravity-ide\\\\scratch\\\\mesma-website\\\\dataconnect\": could not find dataconnect.yaml in `c:\\Users\\user\\.gemini\\antigravity-ide\\scratch\\mesma-website\\dataconnect`\n"}}
[debug] [2026-06-09T12:34:04.048Z] E0609 15:34:04.049771    8732 watch.go:40] Failed to load config from "c:\\Users\\user\\.gemini\\antigravity-ide\\scratch\\mesma-website\\dataconnect": could not find dataconnect.yaml in `c:\Users\user\.gemini\antigravity-ide\scratch\mesma-website\dataconnect`
 {"metadata":{"emulator":{"name":"dataconnect"},"message":"E0609 15:34:04.049771    8732 watch.go:40] Failed to load config from \"c:\\\\Users\\\\user\\\\.gemini\\\\antigravity-ide\\\\scratch\\\\mesma-website\\\\dataconnect\": could not find dataconnect.yaml in `c:\\Users\\user\\.gemini\\antigravity-ide\\scratch\\mesma-website\\dataconnect`\n"}}
[debug] [2026-06-09T12:34:14.050Z] E0609 15:34:14.049765    8732 watch.go:40] Failed to load config from "c:\\Users\\user\\.gemini\\antigravity-ide\\scratch\\mesma-website\\dataconnect": could not find dataconnect.yaml in `c:\Users\user\.gemini\antigravity-ide\scratch\mesma-website\dataconnect`
 {"metadata":{"emulator":{"name":"dataconnect"},"message":"E0609 15:34:14.049765    8732 watch.go:40] Failed to load config from \"c:\\\\Users\\\\user\\\\.gemini\\\\antigravity-ide\\\\scratch\\\\mesma-website\\\\dataconnect\": could not find dataconnect.yaml in `c:\\Users\\user\\.gemini\\antigravity-ide\\scratch\\mesma-website\\dataconnect`\n"}}
[debug] [2026-06-09T12:34:24.050Z] E0609 15:34:24.049789    8732 watch.go:40] Failed to load config from "c:\\Users\\user\\.gemini\\antigravity-ide\\scratch\\mesma-website\\dataconnect": could not find dataconnect.yaml in `c:\Users\user\.gemini\antigravity-ide\scratch\mesma-website\dataconnect`
 {"metadata":{"emulator":{"name":"dataconnect"},"message":"E0609 15:34:24.049789    8732 watch.go:40] Failed to load config from \"c:\\\\Users\\\\user\\\\.gemini\\\\antigravity-ide\\\\scratch\\\\mesma-website\\\\dataconnect\": could not find dataconnect.yaml in `c:\\Users\\user\\.gemini\\antigravity-ide\\scratch\\mesma-website\\dataconnect`\n"}}
[debug] [2026-06-09T12:34:34.050Z] E0609 15:34:34.049871    8732 watch.go:116] watchAllDir unable to walk dir `c:\Users\user\.gemini\antigravity-ide\scratch\mesma-website\dataconnect`: GetFileAttributesEx c:\Users\user\.gemini\antigravity-ide\scratch\mesma-website\dataconnect: The system cannot find the file specified.
E0609 15:34:34.050205    8732 watch.go:40] Failed to load config from "c:\\Users\\user\\.gemini\\antigravity-ide\\scratch\\mesma-website\\dataconnect": could not find dataconnect.yaml in `c:\Users\user\.gemini\antigravity-ide\scratch\mesma-website\dataconnect`
 {"metadata":{"emulator":{"name":"dataconnect"},"message":"E0609 15:34:34.049871    8732 watch.go:116] watchAllDir unable to walk dir `c:\\Users\\user\\.gemini\\antigravity-ide\\scratch\\mesma-website\\dataconnect`: GetFileAttributesEx c:\\Users\\user\\.gemini\\antigravity-ide\\scratch\\mesma-website\\dataconnect: The system cannot find the file specified.\nE0609 15:34:34.050205    8732 watch.go:40] Failed to load config from \"c:\\\\Users\\\\user\\\\.gemini\\\\antigravity-ide\\\\scratch\\\\mesma-website\\\\dataconnect\": could not find dataconnect.yaml in `c:\\Users\\user\\.gemini\\antigravity-ide\\scratch\\mesma-website\\dataconnect`\n"}}
[debug] [2026-06-09T12:34:44.050Z] E0609 15:34:44.050122    8732 watch.go:40] Failed to load config from "c:\\Users\\user\\.gemini\\antigravity-ide\\scratch\\mesma-website\\dataconnect": could not find dataconnect.yaml in `c:\Users\user\.gemini\antigravity-ide\scratch\mesma-website\dataconnect`
 {"metadata":{"emulator":{"name":"dataconnect"},"message":"E0609 15:34:44.050122    8732 watch.go:40] Failed to load config from \"c:\\\\Users\\\\user\\\\.gemini\\\\antigravity-ide\\\\scratch\\\\mesma-website\\\\dataconnect\": could not find dataconnect.yaml in `c:\\Users\\user\\.gemini\\antigravity-ide\\scratch\\mesma-website\\dataconnect`\n"}}
[debug] [2026-06-09T12:34:54.050Z] E0609 15:34:54.049757    8732 watch.go:40] Failed to load config from "c:\\Users\\user\\.gemini\\antigravity-ide\\scratch\\mesma-website\\dataconnect": could not find dataconnect.yaml in `c:\Users\user\.gemini\antigravity-ide\scratch\mesma-website\dataconnect`
 {"metadata":{"emulator":{"name":"dataconnect"},"message":"E0609 15:34:54.049757    8732 watch.go:40] Failed to load config from \"c:\\\\Users\\\\user\\\\.gemini\\\\antigravity-ide\\\\scratch\\\\mesma-website\\\\dataconnect\": could not find dataconnect.yaml in `c:\\Users\\user\\.gemini\\antigravity-ide\\scratch\\mesma-website\\dataconnect`\n"}}
[debug] [2026-06-09T12:35:04.051Z] E0609 15:35:04.050491    8732 watch.go:40] Failed to load config from "c:\\Users\\user\\.gemini\\antigravity-ide\\scratch\\mesma-website\\dataconnect": could not find dataconnect.yaml in `c:\Users\user\.gemini\antigravity-ide\scratch\mesma-website\dataconnect`
 {"metadata":{"emulator":{"name":"dataconnect"},"message":"E0609 15:35:04.050491    8732 watch.go:40] Failed to load config from \"c:\\\\Users\\\\user\\\\.gemini\\\\antigravity-ide\\\\scratch\\\\mesma-website\\\\dataconnect\": could not find dataconnect.yaml in `c:\\Users\\user\\.gemini\\antigravity-ide\\scratch\\mesma-website\\dataconnect`\n"}}
[debug] [2026-06-09T12:35:14.049Z] E0609 15:35:14.050043    8732 watch.go:40] Failed to load config from "c:\\Users\\user\\.gemini\\antigravity-ide\\scratch\\mesma-website\\dataconnect": could not find dataconnect.yaml in `c:\Users\user\.gemini\antigravity-ide\scratch\mesma-website\dataconnect`
 {"metadata":{"emulator":{"name":"dataconnect"},"message":"E0609 15:35:14.050043    8732 watch.go:40] Failed to load config from \"c:\\\\Users\\\\user\\\\.gemini\\\\antigravity-ide\\\\scratch\\\\mesma-website\\\\dataconnect\": could not find dataconnect.yaml in `c:\\Users\\user\\.gemini\\antigravity-ide\\scratch\\mesma-website\\dataconnect`\n"}}
[debug] [2026-06-09T12:35:24.049Z] E0609 15:35:24.049995    8732 watch.go:40] Failed to load config from "c:\\Users\\user\\.gemini\\antigravity-ide\\scratch\\mesma-website\\dataconnect": could not find dataconnect.yaml in `c:\Users\user\.gemini\antigravity-ide\scratch\mesma-website\dataconnect`
 {"metadata":{"emulator":{"name":"dataconnect"},"message":"E0609 15:35:24.049995    8732 watch.go:40] Failed to load config from \"c:\\\\Users\\\\user\\\\.gemini\\\\antigravity-ide\\\\scratch\\\\mesma-website\\\\dataconnect\": could not find dataconnect.yaml in `c:\\Users\\user\\.gemini\\antigravity-ide\\scratch\\mesma-website\\dataconnect`\n"}}
[debug] [2026-06-09T12:35:34.051Z] E0609 15:35:34.051176    8732 watch.go:116] watchAllDir unable to walk dir `c:\Users\user\.gemini\antigravity-ide\scratch\mesma-website\dataconnect`: GetFileAttributesEx c:\Users\user\.gemini\antigravity-ide\scratch\mesma-website\dataconnect: The system cannot find the file specified.
 {"metadata":{"emulator":{"name":"dataconnect"},"message":"E0609 15:35:34.051176    8732 watch.go:116] watchAllDir unable to walk dir `c:\\Users\\user\\.gemini\\antigravity-ide\\scratch\\mesma-website\\dataconnect`: GetFileAttributesEx c:\\Users\\user\\.gemini\\antigravity-ide\\scratch\\mesma-website\\dataconnect: The system cannot find the file specified.\n"}}
[debug] [2026-06-09T12:35:34.051Z] E0609 15:35:34.051703    8732 watch.go:40] Failed to load config from "c:\\Users\\user\\.gemini\\antigravity-ide\\scratch\\mesma-website\\dataconnect": could not find dataconnect.yaml in `c:\Users\user\.gemini\antigravity-ide\scratch\mesma-website\dataconnect`
 {"metadata":{"emulator":{"name":"dataconnect"},"message":"E0609 15:35:34.051703    8732 watch.go:40] Failed to load config from \"c:\\\\Users\\\\user\\\\.gemini\\\\antigravity-ide\\\\scratch\\\\mesma-website\\\\dataconnect\": could not find dataconnect.yaml in `c:\\Users\\user\\.gemini\\antigravity-ide\\scratch\\mesma-website\\dataconnect`\n"}}
[debug] [2026-06-09T12:35:44.049Z] E0609 15:35:44.049308    8732 watch.go:40] Failed to load config from "c:\\Users\\user\\.gemini\\antigravity-ide\\scratch\\mesma-website\\dataconnect": could not find dataconnect.yaml in `c:\Users\user\.gemini\antigravity-ide\scratch\mesma-website\dataconnect`
 {"metadata":{"emulator":{"name":"dataconnect"},"message":"E0609 15:35:44.049308    8732 watch.go:40] Failed to load config from \"c:\\\\Users\\\\user\\\\.gemini\\\\antigravity-ide\\\\scratch\\\\mesma-website\\\\dataconnect\": could not find dataconnect.yaml in `c:\\Users\\user\\.gemini\\antigravity-ide\\scratch\\mesma-website\\dataconnect`\n"}}
[debug] [2026-06-09T12:35:54.049Z] E0609 15:35:54.049823    8732 watch.go:40] Failed to load config from "c:\\Users\\user\\.gemini\\antigravity-ide\\scratch\\mesma-website\\dataconnect": could not find dataconnect.yaml in `c:\Users\user\.gemini\antigravity-ide\scratch\mesma-website\dataconnect`
 {"metadata":{"emulator":{"name":"dataconnect"},"message":"E0609 15:35:54.049823    8732 watch.go:40] Failed to load config from \"c:\\\\Users\\\\user\\\\.gemini\\\\antigravity-ide\\\\scratch\\\\mesma-website\\\\dataconnect\": could not find dataconnect.yaml in `c:\\Users\\user\\.gemini\\antigravity-ide\\scratch\\mesma-website\\dataconnect`\n"}}
[debug] [2026-06-09T12:36:04.050Z] E0609 15:36:04.050241    8732 watch.go:40] Failed to load config from "c:\\Users\\user\\.gemini\\antigravity-ide\\scratch\\mesma-website\\dataconnect": could not find dataconnect.yaml in `c:\Users\user\.gemini\antigravity-ide\scratch\mesma-website\dataconnect`
 {"metadata":{"emulator":{"name":"dataconnect"},"message":"E0609 15:36:04.050241    8732 watch.go:40] Failed to load config from \"c:\\\\Users\\\\user\\\\.gemini\\\\antigravity-ide\\\\scratch\\\\mesma-website\\\\dataconnect\": could not find dataconnect.yaml in `c:\\Users\\user\\.gemini\\antigravity-ide\\scratch\\mesma-website\\dataconnect`\n"}}
[debug] [2026-06-09T12:36:14.050Z] E0609 15:36:14.050297    8732 watch.go:40] Failed to load config from "c:\\Users\\user\\.gemini\\antigravity-ide\\scratch\\mesma-website\\dataconnect": could not find dataconnect.yaml in `c:\Users\user\.gemini\antigravity-ide\scratch\mesma-website\dataconnect`
 {"metadata":{"emulator":{"name":"dataconnect"},"message":"E0609 15:36:14.050297    8732 watch.go:40] Failed to load config from \"c:\\\\Users\\\\user\\\\.gemini\\\\antigravity-ide\\\\scratch\\\\mesma-website\\\\dataconnect\": could not find dataconnect.yaml in `c:\\Users\\user\\.gemini\\antigravity-ide\\scratch\\mesma-website\\dataconnect`\n"}}
[debug] [2026-06-09T12:36:24.050Z] E0609 15:36:24.049934    8732 watch.go:40] Failed to load config from "c:\\Users\\user\\.gemini\\antigravity-ide\\scratch\\mesma-website\\dataconnect": could not find dataconnect.yaml in `c:\Users\user\.gemini\antigravity-ide\scratch\mesma-website\dataconnect`
 {"metadata":{"emulator":{"name":"dataconnect"},"message":"E0609 15:36:24.049934    8732 watch.go:40] Failed to load config from \"c:\\\\Users\\\\user\\\\.gemini\\\\antigravity-ide\\\\scratch\\\\mesma-website\\\\dataconnect\": could not find dataconnect.yaml in `c:\\Users\\user\\.gemini\\antigravity-ide\\scratch\\mesma-website\\dataconnect`\n"}}
[debug] [2026-06-09T12:36:34.050Z] E0609 15:36:34.049825    8732 watch.go:116] watchAllDir unable to walk dir `c:\Users\user\.gemini\antigravity-ide\scratch\mesma-website\dataconnect`: GetFileAttributesEx c:\Users\user\.gemini\antigravity-ide\scratch\mesma-website\dataconnect: The system cannot find the file specified.
 {"metadata":{"emulator":{"name":"dataconnect"},"message":"E0609 15:36:34.049825    8732 watch.go:116] watchAllDir unable to walk dir `c:\\Users\\user\\.gemini\\antigravity-ide\\scratch\\mesma-website\\dataconnect`: GetFileAttributesEx c:\\Users\\user\\.gemini\\antigravity-ide\\scratch\\mesma-website\\dataconnect: The system cannot find the file specified.\n"}}
[debug] [2026-06-09T12:36:34.052Z] E0609 15:36:34.049825    8732 watch.go:40] Failed to load config from "c:\\Users\\user\\.gemini\\antigravity-ide\\scratch\\mesma-website\\dataconnect": could not find dataconnect.yaml in `c:\Users\user\.gemini\antigravity-ide\scratch\mesma-website\dataconnect`
 {"metadata":{"emulator":{"name":"dataconnect"},"message":"E0609 15:36:34.049825    8732 watch.go:40] Failed to load config from \"c:\\\\Users\\\\user\\\\.gemini\\\\antigravity-ide\\\\scratch\\\\mesma-website\\\\dataconnect\": could not find dataconnect.yaml in `c:\\Users\\user\\.gemini\\antigravity-ide\\scratch\\mesma-website\\dataconnect`\n"}}
[debug] [2026-06-09T12:36:44.051Z] E0609 15:36:44.050726    8732 watch.go:40] Failed to load config from "c:\\Users\\user\\.gemini\\antigravity-ide\\scratch\\mesma-website\\dataconnect": could not find dataconnect.yaml in `c:\Users\user\.gemini\antigravity-ide\scratch\mesma-website\dataconnect`
 {"metadata":{"emulator":{"name":"dataconnect"},"message":"E0609 15:36:44.050726    8732 watch.go:40] Failed to load config from \"c:\\\\Users\\\\user\\\\.gemini\\\\antigravity-ide\\\\scratch\\\\mesma-website\\\\dataconnect\": could not find dataconnect.yaml in `c:\\Users\\user\\.gemini\\antigravity-ide\\scratch\\mesma-website\\dataconnect`\n"}}
[debug] [2026-06-09T12:36:54.051Z] E0609 15:36:54.050520    8732 watch.go:40] Failed to load config from "c:\\Users\\user\\.gemini\\antigravity-ide\\scratch\\mesma-website\\dataconnect": could not find dataconnect.yaml in `c:\Users\user\.gemini\antigravity-ide\scratch\mesma-website\dataconnect`
 {"metadata":{"emulator":{"name":"dataconnect"},"message":"E0609 15:36:54.050520    8732 watch.go:40] Failed to load config from \"c:\\\\Users\\\\user\\\\.gemini\\\\antigravity-ide\\\\scratch\\\\mesma-website\\\\dataconnect\": could not find dataconnect.yaml in `c:\\Users\\user\\.gemini\\antigravity-ide\\scratch\\mesma-website\\dataconnect`\n"}}
[debug] [2026-06-09T12:37:04.050Z] E0609 15:37:04.050047    8732 watch.go:40] Failed to load config from "c:\\Users\\user\\.gemini\\antigravity-ide\\scratch\\mesma-website\\dataconnect": could not find dataconnect.yaml in `c:\Users\user\.gemini\antigravity-ide\scratch\mesma-website\dataconnect`
 {"metadata":{"emulator":{"name":"dataconnect"},"message":"E0609 15:37:04.050047    8732 watch.go:40] Failed to load config from \"c:\\\\Users\\\\user\\\\.gemini\\\\antigravity-ide\\\\scratch\\\\mesma-website\\\\dataconnect\": could not find dataconnect.yaml in `c:\\Users\\user\\.gemini\\antigravity-ide\\scratch\\mesma-website\\dataconnect`\n"}}
[debug] [2026-06-09T12:37:14.050Z] E0609 15:37:14.050377    8732 watch.go:40] Failed to load config from "c:\\Users\\user\\.gemini\\antigravity-ide\\scratch\\mesma-website\\dataconnect": could not find dataconnect.yaml in `c:\Users\user\.gemini\antigravity-ide\scratch\mesma-website\dataconnect`
 {"metadata":{"emulator":{"name":"dataconnect"},"message":"E0609 15:37:14.050377    8732 watch.go:40] Failed to load config from \"c:\\\\Users\\\\user\\\\.gemini\\\\antigravity-ide\\\\scratch\\\\mesma-website\\\\dataconnect\": could not find dataconnect.yaml in `c:\\Users\\user\\.gemini\\antigravity-ide\\scratch\\mesma-website\\dataconnect`\n"}}
[debug] [2026-06-09T12:37:24.049Z] E0609 15:37:24.049396    8732 watch.go:40] Failed to load config from "c:\\Users\\user\\.gemini\\antigravity-ide\\scratch\\mesma-website\\dataconnect": could not find dataconnect.yaml in `c:\Users\user\.gemini\antigravity-ide\scratch\mesma-website\dataconnect`
 {"metadata":{"emulator":{"name":"dataconnect"},"message":"E0609 15:37:24.049396    8732 watch.go:40] Failed to load config from \"c:\\\\Users\\\\user\\\\.gemini\\\\antigravity-ide\\\\scratch\\\\mesma-website\\\\dataconnect\": could not find dataconnect.yaml in `c:\\Users\\user\\.gemini\\antigravity-ide\\scratch\\mesma-website\\dataconnect`\n"}}
[debug] [2026-06-09T12:37:34.050Z] E0609 15:37:34.050378    8732 watch.go:116] watchAllDir unable to walk dir `c:\Users\user\.gemini\antigravity-ide\scratch\mesma-website\dataconnect`: GetFileAttributesEx c:\Users\user\.gemini\antigravity-ide\scratch\mesma-website\dataconnect: The system cannot find the file specified.
 {"metadata":{"emulator":{"name":"dataconnect"},"message":"E0609 15:37:34.050378    8732 watch.go:116] watchAllDir unable to walk dir `c:\\Users\\user\\.gemini\\antigravity-ide\\scratch\\mesma-website\\dataconnect`: GetFileAttributesEx c:\\Users\\user\\.gemini\\antigravity-ide\\scratch\\mesma-website\\dataconnect: The system cannot find the file specified.\n"}}
[debug] [2026-06-09T12:37:34.052Z] E0609 15:37:34.051217    8732 watch.go:40] Failed to load config from "c:\\Users\\user\\.gemini\\antigravity-ide\\scratch\\mesma-website\\dataconnect": could not find dataconnect.yaml in `c:\Users\user\.gemini\antigravity-ide\scratch\mesma-website\dataconnect`
 {"metadata":{"emulator":{"name":"dataconnect"},"message":"E0609 15:37:34.051217    8732 watch.go:40] Failed to load config from \"c:\\\\Users\\\\user\\\\.gemini\\\\antigravity-ide\\\\scratch\\\\mesma-website\\\\dataconnect\": could not find dataconnect.yaml in `c:\\Users\\user\\.gemini\\antigravity-ide\\scratch\\mesma-website\\dataconnect`\n"}}
[debug] [2026-06-09T12:37:44.050Z] E0609 15:37:44.050649    8732 watch.go:40] Failed to load config from "c:\\Users\\user\\.gemini\\antigravity-ide\\scratch\\mesma-website\\dataconnect": could not find dataconnect.yaml in `c:\Users\user\.gemini\antigravity-ide\scratch\mesma-website\dataconnect`
 {"metadata":{"emulator":{"name":"dataconnect"},"message":"E0609 15:37:44.050649    8732 watch.go:40] Failed to load config from \"c:\\\\Users\\\\user\\\\.gemini\\\\antigravity-ide\\\\scratch\\\\mesma-website\\\\dataconnect\": could not find dataconnect.yaml in `c:\\Users\\user\\.gemini\\antigravity-ide\\scratch\\mesma-website\\dataconnect`\n"}}
[debug] [2026-06-09T12:37:54.050Z] E0609 15:37:54.051069    8732 watch.go:40] Failed to load config from "c:\\Users\\user\\.gemini\\antigravity-ide\\scratch\\mesma-website\\dataconnect": could not find dataconnect.yaml in `c:\Users\user\.gemini\antigravity-ide\scratch\mesma-website\dataconnect`
 {"metadata":{"emulator":{"name":"dataconnect"},"message":"E0609 15:37:54.051069    8732 watch.go:40] Failed to load config from \"c:\\\\Users\\\\user\\\\.gemini\\\\antigravity-ide\\\\scratch\\\\mesma-website\\\\dataconnect\": could not find dataconnect.yaml in `c:\\Users\\user\\.gemini\\antigravity-ide\\scratch\\mesma-website\\dataconnect`\n"}}
[debug] [2026-06-09T12:38:04.050Z] E0609 15:38:04.051326    8732 watch.go:40] Failed to load config from "c:\\Users\\user\\.gemini\\antigravity-ide\\scratch\\mesma-website\\dataconnect": could not find dataconnect.yaml in `c:\Users\user\.gemini\antigravity-ide\scratch\mesma-website\dataconnect`
 {"metadata":{"emulator":{"name":"dataconnect"},"message":"E0609 15:38:04.051326    8732 watch.go:40] Failed to load config from \"c:\\\\Users\\\\user\\\\.gemini\\\\antigravity-ide\\\\scratch\\\\mesma-website\\\\dataconnect\": could not find dataconnect.yaml in `c:\\Users\\user\\.gemini\\antigravity-ide\\scratch\\mesma-website\\dataconnect`\n"}}
[debug] [2026-06-09T12:38:14.050Z] E0609 15:38:14.050806    8732 watch.go:40] Failed to load config from "c:\\Users\\user\\.gemini\\antigravity-ide\\scratch\\mesma-website\\dataconnect": could not find dataconnect.yaml in `c:\Users\user\.gemini\antigravity-ide\scratch\mesma-website\dataconnect`
 {"metadata":{"emulator":{"name":"dataconnect"},"message":"E0609 15:38:14.050806    8732 watch.go:40] Failed to load config from \"c:\\\\Users\\\\user\\\\.gemini\\\\antigravity-ide\\\\scratch\\\\mesma-website\\\\dataconnect\": could not find dataconnect.yaml in `c:\\Users\\user\\.gemini\\antigravity-ide\\scratch\\mesma-website\\dataconnect`\n"}}
[debug] [2026-06-09T12:38:24.051Z] E0609 15:38:24.051201    8732 watch.go:40] Failed to load config from "c:\\Users\\user\\.gemini\\antigravity-ide\\scratch\\mesma-website\\dataconnect": could not find dataconnect.yaml in `c:\Users\user\.gemini\antigravity-ide\scratch\mesma-website\dataconnect`
 {"metadata":{"emulator":{"name":"dataconnect"},"message":"E0609 15:38:24.051201    8732 watch.go:40] Failed to load config from \"c:\\\\Users\\\\user\\\\.gemini\\\\antigravity-ide\\\\scratch\\\\mesma-website\\\\dataconnect\": could not find dataconnect.yaml in `c:\\Users\\user\\.gemini\\antigravity-ide\\scratch\\mesma-website\\dataconnect`\n"}}
[debug] [2026-06-09T12:38:34.050Z] E0609 15:38:34.050265    8732 watch.go:116] watchAllDir unable to walk dir `c:\Users\user\.gemini\antigravity-ide\scratch\mesma-website\dataconnect`: GetFileAttributesEx c:\Users\user\.gemini\antigravity-ide\scratch\mesma-website\dataconnect: The system cannot find the file specified.
 {"metadata":{"emulator":{"name":"dataconnect"},"message":"E0609 15:38:34.050265    8732 watch.go:116] watchAllDir unable to walk dir `c:\\Users\\user\\.gemini\\antigravity-ide\\scratch\\mesma-website\\dataconnect`: GetFileAttributesEx c:\\Users\\user\\.gemini\\antigravity-ide\\scratch\\mesma-website\\dataconnect: The system cannot find the file specified.\n"}}
[debug] [2026-06-09T12:38:34.050Z] E0609 15:38:34.050775    8732 watch.go:40] Failed to load config from "c:\\Users\\user\\.gemini\\antigravity-ide\\scratch\\mesma-website\\dataconnect": could not find dataconnect.yaml in `c:\Users\user\.gemini\antigravity-ide\scratch\mesma-website\dataconnect`
 {"metadata":{"emulator":{"name":"dataconnect"},"message":"E0609 15:38:34.050775    8732 watch.go:40] Failed to load config from \"c:\\\\Users\\\\user\\\\.gemini\\\\antigravity-ide\\\\scratch\\\\mesma-website\\\\dataconnect\": could not find dataconnect.yaml in `c:\\Users\\user\\.gemini\\antigravity-ide\\scratch\\mesma-website\\dataconnect`\n"}}
[debug] [2026-06-09T12:38:44.050Z] E0609 15:38:44.050132    8732 watch.go:40] Failed to load config from "c:\\Users\\user\\.gemini\\antigravity-ide\\scratch\\mesma-website\\dataconnect": could not find dataconnect.yaml in `c:\Users\user\.gemini\antigravity-ide\scratch\mesma-website\dataconnect`
 {"metadata":{"emulator":{"name":"dataconnect"},"message":"E0609 15:38:44.050132    8732 watch.go:40] Failed to load config from \"c:\\\\Users\\\\user\\\\.gemini\\\\antigravity-ide\\\\scratch\\\\mesma-website\\\\dataconnect\": could not find dataconnect.yaml in `c:\\Users\\user\\.gemini\\antigravity-ide\\scratch\\mesma-website\\dataconnect`\n"}}
[debug] [2026-06-09T12:38:54.050Z] E0609 15:38:54.050731    8732 watch.go:40] Failed to load config from "c:\\Users\\user\\.gemini\\antigravity-ide\\scratch\\mesma-website\\dataconnect": could not find dataconnect.yaml in `c:\Users\user\.gemini\antigravity-ide\scratch\mesma-website\dataconnect`
 {"metadata":{"emulator":{"name":"dataconnect"},"message":"E0609 15:38:54.050731    8732 watch.go:40] Failed to load config from \"c:\\\\Users\\\\user\\\\.gemini\\\\antigravity-ide\\\\scratch\\\\mesma-website\\\\dataconnect\": could not find dataconnect.yaml in `c:\\Users\\user\\.gemini\\antigravity-ide\\scratch\\mesma-website\\dataconnect`\n"}}
[debug] [2026-06-09T12:39:04.049Z] E0609 15:39:04.049959    8732 watch.go:40] Failed to load config from "c:\\Users\\user\\.gemini\\antigravity-ide\\scratch\\mesma-website\\dataconnect": could not find dataconnect.yaml in `c:\Users\user\.gemini\antigravity-ide\scratch\mesma-website\dataconnect`
 {"metadata":{"emulator":{"name":"dataconnect"},"message":"E0609 15:39:04.049959    8732 watch.go:40] Failed to load config from \"c:\\\\Users\\\\user\\\\.gemini\\\\antigravity-ide\\\\scratch\\\\mesma-website\\\\dataconnect\": could not find dataconnect.yaml in `c:\\Users\\user\\.gemini\\antigravity-ide\\scratch\\mesma-website\\dataconnect`\n"}}
[debug] [2026-06-09T12:39:14.049Z] E0609 15:39:14.049628    8732 watch.go:40] Failed to load config from "c:\\Users\\user\\.gemini\\antigravity-ide\\scratch\\mesma-website\\dataconnect": could not find dataconnect.yaml in `c:\Users\user\.gemini\antigravity-ide\scratch\mesma-website\dataconnect`
 {"metadata":{"emulator":{"name":"dataconnect"},"message":"E0609 15:39:14.049628    8732 watch.go:40] Failed to load config from \"c:\\\\Users\\\\user\\\\.gemini\\\\antigravity-ide\\\\scratch\\\\mesma-website\\\\dataconnect\": could not find dataconnect.yaml in `c:\\Users\\user\\.gemini\\antigravity-ide\\scratch\\mesma-website\\dataconnect`\n"}}
[debug] [2026-06-09T12:39:24.050Z] E0609 15:39:24.049596    8732 watch.go:40] Failed to load config from "c:\\Users\\user\\.gemini\\antigravity-ide\\scratch\\mesma-website\\dataconnect": could not find dataconnect.yaml in `c:\Users\user\.gemini\antigravity-ide\scratch\mesma-website\dataconnect`
 {"metadata":{"emulator":{"name":"dataconnect"},"message":"E0609 15:39:24.049596    8732 watch.go:40] Failed to load config from \"c:\\\\Users\\\\user\\\\.gemini\\\\antigravity-ide\\\\scratch\\\\mesma-website\\\\dataconnect\": could not find dataconnect.yaml in `c:\\Users\\user\\.gemini\\antigravity-ide\\scratch\\mesma-website\\dataconnect`\n"}}
[debug] [2026-06-09T12:39:34.049Z] E0609 15:39:34.049718    8732 watch.go:116] watchAllDir unable to walk dir `c:\Users\user\.gemini\antigravity-ide\scratch\mesma-website\dataconnect`: GetFileAttributesEx c:\Users\user\.gemini\antigravity-ide\scratch\mesma-website\dataconnect: The system cannot find the file specified.
 {"metadata":{"emulator":{"name":"dataconnect"},"message":"E0609 15:39:34.049718    8732 watch.go:116] watchAllDir unable to walk dir `c:\\Users\\user\\.gemini\\antigravity-ide\\scratch\\mesma-website\\dataconnect`: GetFileAttributesEx c:\\Users\\user\\.gemini\\antigravity-ide\\scratch\\mesma-website\\dataconnect: The system cannot find the file specified.\n"}}
[debug] [2026-06-09T12:39:34.050Z] E0609 15:39:34.050232    8732 watch.go:40] Failed to load config from "c:\\Users\\user\\.gemini\\antigravity-ide\\scratch\\mesma-website\\dataconnect": could not find dataconnect.yaml in `c:\Users\user\.gemini\antigravity-ide\scratch\mesma-website\dataconnect`
 {"metadata":{"emulator":{"name":"dataconnect"},"message":"E0609 15:39:34.050232    8732 watch.go:40] Failed to load config from \"c:\\\\Users\\\\user\\\\.gemini\\\\antigravity-ide\\\\scratch\\\\mesma-website\\\\dataconnect\": could not find dataconnect.yaml in `c:\\Users\\user\\.gemini\\antigravity-ide\\scratch\\mesma-website\\dataconnect`\n"}}
[debug] [2026-06-09T12:39:44.049Z] E0609 15:39:44.049742    8732 watch.go:40] Failed to load config from "c:\\Users\\user\\.gemini\\antigravity-ide\\scratch\\mesma-website\\dataconnect": could not find dataconnect.yaml in `c:\Users\user\.gemini\antigravity-ide\scratch\mesma-website\dataconnect`
 {"metadata":{"emulator":{"name":"dataconnect"},"message":"E0609 15:39:44.049742    8732 watch.go:40] Failed to load config from \"c:\\\\Users\\\\user\\\\.gemini\\\\antigravity-ide\\\\scratch\\\\mesma-website\\\\dataconnect\": could not find dataconnect.yaml in `c:\\Users\\user\\.gemini\\antigravity-ide\\scratch\\mesma-website\\dataconnect`\n"}}
[debug] [2026-06-09T12:39:54.050Z] E0609 15:39:54.049812    8732 watch.go:40] Failed to load config from "c:\\Users\\user\\.gemini\\antigravity-ide\\scratch\\mesma-website\\dataconnect": could not find dataconnect.yaml in `c:\Users\user\.gemini\antigravity-ide\scratch\mesma-website\dataconnect`
 {"metadata":{"emulator":{"name":"dataconnect"},"message":"E0609 15:39:54.049812    8732 watch.go:40] Failed to load config from \"c:\\\\Users\\\\user\\\\.gemini\\\\antigravity-ide\\\\scratch\\\\mesma-website\\\\dataconnect\": could not find dataconnect.yaml in `c:\\Users\\user\\.gemini\\antigravity-ide\\scratch\\mesma-website\\dataconnect`\n"}}
[debug] [2026-06-09T12:40:04.050Z] E0609 15:40:04.050457    8732 watch.go:40] Failed to load config from "c:\\Users\\user\\.gemini\\antigravity-ide\\scratch\\mesma-website\\dataconnect": could not find dataconnect.yaml in `c:\Users\user\.gemini\antigravity-ide\scratch\mesma-website\dataconnect`
 {"metadata":{"emulator":{"name":"dataconnect"},"message":"E0609 15:40:04.050457    8732 watch.go:40] Failed to load config from \"c:\\\\Users\\\\user\\\\.gemini\\\\antigravity-ide\\\\scratch\\\\mesma-website\\\\dataconnect\": could not find dataconnect.yaml in `c:\\Users\\user\\.gemini\\antigravity-ide\\scratch\\mesma-website\\dataconnect`\n"}}
[debug] [2026-06-09T12:40:14.050Z] E0609 15:40:14.050085    8732 watch.go:40] Failed to load config from "c:\\Users\\user\\.gemini\\antigravity-ide\\scratch\\mesma-website\\dataconnect": could not find dataconnect.yaml in `c:\Users\user\.gemini\antigravity-ide\scratch\mesma-website\dataconnect`
 {"metadata":{"emulator":{"name":"dataconnect"},"message":"E0609 15:40:14.050085    8732 watch.go:40] Failed to load config from \"c:\\\\Users\\\\user\\\\.gemini\\\\antigravity-ide\\\\scratch\\\\mesma-website\\\\dataconnect\": could not find dataconnect.yaml in `c:\\Users\\user\\.gemini\\antigravity-ide\\scratch\\mesma-website\\dataconnect`\n"}}
[debug] [2026-06-09T12:40:24.050Z] E0609 15:40:24.050343    8732 watch.go:40] Failed to load config from "c:\\Users\\user\\.gemini\\antigravity-ide\\scratch\\mesma-website\\dataconnect": could not find dataconnect.yaml in `c:\Users\user\.gemini\antigravity-ide\scratch\mesma-website\dataconnect`
 {"metadata":{"emulator":{"name":"dataconnect"},"message":"E0609 15:40:24.050343    8732 watch.go:40] Failed to load config from \"c:\\\\Users\\\\user\\\\.gemini\\\\antigravity-ide\\\\scratch\\\\mesma-website\\\\dataconnect\": could not find dataconnect.yaml in `c:\\Users\\user\\.gemini\\antigravity-ide\\scratch\\mesma-website\\dataconnect`\n"}}
[debug] [2026-06-09T12:40:34.049Z] E0609 15:40:34.049710    8732 watch.go:116] watchAllDir unable to walk dir `c:\Users\user\.gemini\antigravity-ide\scratch\mesma-website\dataconnect`: GetFileAttributesEx c:\Users\user\.gemini\antigravity-ide\scratch\mesma-website\dataconnect: The system cannot find the file specified.
 {"metadata":{"emulator":{"name":"dataconnect"},"message":"E0609 15:40:34.049710    8732 watch.go:116] watchAllDir unable to walk dir `c:\\Users\\user\\.gemini\\antigravity-ide\\scratch\\mesma-website\\dataconnect`: GetFileAttributesEx c:\\Users\\user\\.gemini\\antigravity-ide\\scratch\\mesma-website\\dataconnect: The system cannot find the file specified.\n"}}
[debug] [2026-06-09T12:40:34.050Z] E0609 15:40:34.050349    8732 watch.go:40] Failed to load config from "c:\\Users\\user\\.gemini\\antigravity-ide\\scratch\\mesma-website\\dataconnect": could not find dataconnect.yaml in `c:\Users\user\.gemini\antigravity-ide\scratch\mesma-website\dataconnect`
 {"metadata":{"emulator":{"name":"dataconnect"},"message":"E0609 15:40:34.050349    8732 watch.go:40] Failed to load config from \"c:\\\\Users\\\\user\\\\.gemini\\\\antigravity-ide\\\\scratch\\\\mesma-website\\\\dataconnect\": could not find dataconnect.yaml in `c:\\Users\\user\\.gemini\\antigravity-ide\\scratch\\mesma-website\\dataconnect`\n"}}
[debug] [2026-06-09T12:40:44.050Z] E0609 15:40:44.050546    8732 watch.go:40] Failed to load config from "c:\\Users\\user\\.gemini\\antigravity-ide\\scratch\\mesma-website\\dataconnect": could not find dataconnect.yaml in `c:\Users\user\.gemini\antigravity-ide\scratch\mesma-website\dataconnect`
 {"metadata":{"emulator":{"name":"dataconnect"},"message":"E0609 15:40:44.050546    8732 watch.go:40] Failed to load config from \"c:\\\\Users\\\\user\\\\.gemini\\\\antigravity-ide\\\\scratch\\\\mesma-website\\\\dataconnect\": could not find dataconnect.yaml in `c:\\Users\\user\\.gemini\\antigravity-ide\\scratch\\mesma-website\\dataconnect`\n"}}
[debug] [2026-06-09T12:40:54.050Z] E0609 15:40:54.049991    8732 watch.go:40] Failed to load config from "c:\\Users\\user\\.gemini\\antigravity-ide\\scratch\\mesma-website\\dataconnect": could not find dataconnect.yaml in `c:\Users\user\.gemini\antigravity-ide\scratch\mesma-website\dataconnect`
 {"metadata":{"emulator":{"name":"dataconnect"},"message":"E0609 15:40:54.049991    8732 watch.go:40] Failed to load config from \"c:\\\\Users\\\\user\\\\.gemini\\\\antigravity-ide\\\\scratch\\\\mesma-website\\\\dataconnect\": could not find dataconnect.yaml in `c:\\Users\\user\\.gemini\\antigravity-ide\\scratch\\mesma-website\\dataconnect`\n"}}
[debug] [2026-06-09T12:41:04.049Z] E0609 15:41:04.049594    8732 watch.go:40] Failed to load config from "c:\\Users\\user\\.gemini\\antigravity-ide\\scratch\\mesma-website\\dataconnect": could not find dataconnect.yaml in `c:\Users\user\.gemini\antigravity-ide\scratch\mesma-website\dataconnect`
 {"metadata":{"emulator":{"name":"dataconnect"},"message":"E0609 15:41:04.049594    8732 watch.go:40] Failed to load config from \"c:\\\\Users\\\\user\\\\.gemini\\\\antigravity-ide\\\\scratch\\\\mesma-website\\\\dataconnect\": could not find dataconnect.yaml in `c:\\Users\\user\\.gemini\\antigravity-ide\\scratch\\mesma-website\\dataconnect`\n"}}
[debug] [2026-06-09T12:41:14.050Z] E0609 15:41:14.050306    8732 watch.go:40] Failed to load config from "c:\\Users\\user\\.gemini\\antigravity-ide\\scratch\\mesma-website\\dataconnect": could not find dataconnect.yaml in `c:\Users\user\.gemini\antigravity-ide\scratch\mesma-website\dataconnect`
 {"metadata":{"emulator":{"name":"dataconnect"},"message":"E0609 15:41:14.050306    8732 watch.go:40] Failed to load config from \"c:\\\\Users\\\\user\\\\.gemini\\\\antigravity-ide\\\\scratch\\\\mesma-website\\\\dataconnect\": could not find dataconnect.yaml in `c:\\Users\\user\\.gemini\\antigravity-ide\\scratch\\mesma-website\\dataconnect`\n"}}
[debug] [2026-06-09T12:41:24.050Z] E0609 15:41:24.050525    8732 watch.go:40] Failed to load config from "c:\\Users\\user\\.gemini\\antigravity-ide\\scratch\\mesma-website\\dataconnect": could not find dataconnect.yaml in `c:\Users\user\.gemini\antigravity-ide\scratch\mesma-website\dataconnect`
 {"metadata":{"emulator":{"name":"dataconnect"},"message":"E0609 15:41:24.050525    8732 watch.go:40] Failed to load config from \"c:\\\\Users\\\\user\\\\.gemini\\\\antigravity-ide\\\\scratch\\\\mesma-website\\\\dataconnect\": could not find dataconnect.yaml in `c:\\Users\\user\\.gemini\\antigravity-ide\\scratch\\mesma-website\\dataconnect`\n"}}
[debug] [2026-06-09T12:41:34.049Z] E0609 15:41:34.049444    8732 watch.go:116] watchAllDir unable to walk dir `c:\Users\user\.gemini\antigravity-ide\scratch\mesma-website\dataconnect`: GetFileAttributesEx c:\Users\user\.gemini\antigravity-ide\scratch\mesma-website\dataconnect: The system cannot find the file specified.
 {"metadata":{"emulator":{"name":"dataconnect"},"message":"E0609 15:41:34.049444    8732 watch.go:116] watchAllDir unable to walk dir `c:\\Users\\user\\.gemini\\antigravity-ide\\scratch\\mesma-website\\dataconnect`: GetFileAttributesEx c:\\Users\\user\\.gemini\\antigravity-ide\\scratch\\mesma-website\\dataconnect: The system cannot find the file specified.\n"}}
[debug] [2026-06-09T12:41:34.050Z] E0609 15:41:34.049444    8732 watch.go:40] Failed to load config from "c:\\Users\\user\\.gemini\\antigravity-ide\\scratch\\mesma-website\\dataconnect": could not find dataconnect.yaml in `c:\Users\user\.gemini\antigravity-ide\scratch\mesma-website\dataconnect`
 {"metadata":{"emulator":{"name":"dataconnect"},"message":"E0609 15:41:34.049444    8732 watch.go:40] Failed to load config from \"c:\\\\Users\\\\user\\\\.gemini\\\\antigravity-ide\\\\scratch\\\\mesma-website\\\\dataconnect\": could not find dataconnect.yaml in `c:\\Users\\user\\.gemini\\antigravity-ide\\scratch\\mesma-website\\dataconnect`\n"}}
[debug] [2026-06-09T12:41:44.050Z] E0609 15:41:44.050026    8732 watch.go:40] Failed to load config from "c:\\Users\\user\\.gemini\\antigravity-ide\\scratch\\mesma-website\\dataconnect": could not find dataconnect.yaml in `c:\Users\user\.gemini\antigravity-ide\scratch\mesma-website\dataconnect`
 {"metadata":{"emulator":{"name":"dataconnect"},"message":"E0609 15:41:44.050026    8732 watch.go:40] Failed to load config from \"c:\\\\Users\\\\user\\\\.gemini\\\\antigravity-ide\\\\scratch\\\\mesma-website\\\\dataconnect\": could not find dataconnect.yaml in `c:\\Users\\user\\.gemini\\antigravity-ide\\scratch\\mesma-website\\dataconnect`\n"}}
[debug] [2026-06-09T12:41:54.050Z] E0609 15:41:54.049790    8732 watch.go:40] Failed to load config from "c:\\Users\\user\\.gemini\\antigravity-ide\\scratch\\mesma-website\\dataconnect": could not find dataconnect.yaml in `c:\Users\user\.gemini\antigravity-ide\scratch\mesma-website\dataconnect`
 {"metadata":{"emulator":{"name":"dataconnect"},"message":"E0609 15:41:54.049790    8732 watch.go:40] Failed to load config from \"c:\\\\Users\\\\user\\\\.gemini\\\\antigravity-ide\\\\scratch\\\\mesma-website\\\\dataconnect\": could not find dataconnect.yaml in `c:\\Users\\user\\.gemini\\antigravity-ide\\scratch\\mesma-website\\dataconnect`\n"}}
[debug] [2026-06-09T12:42:04.050Z] E0609 15:42:04.049772    8732 watch.go:40] Failed to load config from "c:\\Users\\user\\.gemini\\antigravity-ide\\scratch\\mesma-website\\dataconnect": could not find dataconnect.yaml in `c:\Users\user\.gemini\antigravity-ide\scratch\mesma-website\dataconnect`
 {"metadata":{"emulator":{"name":"dataconnect"},"message":"E0609 15:42:04.049772    8732 watch.go:40] Failed to load config from \"c:\\\\Users\\\\user\\\\.gemini\\\\antigravity-ide\\\\scratch\\\\mesma-website\\\\dataconnect\": could not find dataconnect.yaml in `c:\\Users\\user\\.gemini\\antigravity-ide\\scratch\\mesma-website\\dataconnect`\n"}}
[debug] [2026-06-09T12:42:14.049Z] E0609 15:42:14.049568    8732 watch.go:40] Failed to load config from "c:\\Users\\user\\.gemini\\antigravity-ide\\scratch\\mesma-website\\dataconnect": could not find dataconnect.yaml in `c:\Users\user\.gemini\antigravity-ide\scratch\mesma-website\dataconnect`
 {"metadata":{"emulator":{"name":"dataconnect"},"message":"E0609 15:42:14.049568    8732 watch.go:40] Failed to load config from \"c:\\\\Users\\\\user\\\\.gemini\\\\antigravity-ide\\\\scratch\\\\mesma-website\\\\dataconnect\": could not find dataconnect.yaml in `c:\\Users\\user\\.gemini\\antigravity-ide\\scratch\\mesma-website\\dataconnect`\n"}}
[debug] [2026-06-09T12:42:24.050Z] E0609 15:42:24.050710    8732 watch.go:40] Failed to load config from "c:\\Users\\user\\.gemini\\antigravity-ide\\scratch\\mesma-website\\dataconnect": could not find dataconnect.yaml in `c:\Users\user\.gemini\antigravity-ide\scratch\mesma-website\dataconnect`
 {"metadata":{"emulator":{"name":"dataconnect"},"message":"E0609 15:42:24.050710    8732 watch.go:40] Failed to load config from \"c:\\\\Users\\\\user\\\\.gemini\\\\antigravity-ide\\\\scratch\\\\mesma-website\\\\dataconnect\": could not find dataconnect.yaml in `c:\\Users\\user\\.gemini\\antigravity-ide\\scratch\\mesma-website\\dataconnect`\n"}}
[debug] [2026-06-09T12:42:34.049Z] E0609 15:42:34.049515    8732 watch.go:116] watchAllDir unable to walk dir `c:\Users\user\.gemini\antigravity-ide\scratch\mesma-website\dataconnect`: GetFileAttributesEx c:\Users\user\.gemini\antigravity-ide\scratch\mesma-website\dataconnect: The system cannot find the file specified.
 {"metadata":{"emulator":{"name":"dataconnect"},"message":"E0609 15:42:34.049515    8732 watch.go:116] watchAllDir unable to walk dir `c:\\Users\\user\\.gemini\\antigravity-ide\\scratch\\mesma-website\\dataconnect`: GetFileAttributesEx c:\\Users\\user\\.gemini\\antigravity-ide\\scratch\\mesma-website\\dataconnect: The system cannot find the file specified.\n"}}
[debug] [2026-06-09T12:42:34.050Z] E0609 15:42:34.049515    8732 watch.go:40] Failed to load config from "c:\\Users\\user\\.gemini\\antigravity-ide\\scratch\\mesma-website\\dataconnect": could not find dataconnect.yaml in `c:\Users\user\.gemini\antigravity-ide\scratch\mesma-website\dataconnect`
 {"metadata":{"emulator":{"name":"dataconnect"},"message":"E0609 15:42:34.049515    8732 watch.go:40] Failed to load config from \"c:\\\\Users\\\\user\\\\.gemini\\\\antigravity-ide\\\\scratch\\\\mesma-website\\\\dataconnect\": could not find dataconnect.yaml in `c:\\Users\\user\\.gemini\\antigravity-ide\\scratch\\mesma-website\\dataconnect`\n"}}
[debug] [2026-06-09T12:42:44.050Z] E0609 15:42:44.049904    8732 watch.go:40] Failed to load config from "c:\\Users\\user\\.gemini\\antigravity-ide\\scratch\\mesma-website\\dataconnect": could not find dataconnect.yaml in `c:\Users\user\.gemini\antigravity-ide\scratch\mesma-website\dataconnect`
 {"metadata":{"emulator":{"name":"dataconnect"},"message":"E0609 15:42:44.049904    8732 watch.go:40] Failed to load config from \"c:\\\\Users\\\\user\\\\.gemini\\\\antigravity-ide\\\\scratch\\\\mesma-website\\\\dataconnect\": could not find dataconnect.yaml in `c:\\Users\\user\\.gemini\\antigravity-ide\\scratch\\mesma-website\\dataconnect`\n"}}
[debug] [2026-06-09T12:42:54.050Z] E0609 15:42:54.049791    8732 watch.go:40] Failed to load config from "c:\\Users\\user\\.gemini\\antigravity-ide\\scratch\\mesma-website\\dataconnect": could not find dataconnect.yaml in `c:\Users\user\.gemini\antigravity-ide\scratch\mesma-website\dataconnect`
 {"metadata":{"emulator":{"name":"dataconnect"},"message":"E0609 15:42:54.049791    8732 watch.go:40] Failed to load config from \"c:\\\\Users\\\\user\\\\.gemini\\\\antigravity-ide\\\\scratch\\\\mesma-website\\\\dataconnect\": could not find dataconnect.yaml in `c:\\Users\\user\\.gemini\\antigravity-ide\\scratch\\mesma-website\\dataconnect`\n"}}
[debug] [2026-06-09T12:43:04.050Z] E0609 15:43:04.050478    8732 watch.go:40] Failed to load config from "c:\\Users\\user\\.gemini\\antigravity-ide\\scratch\\mesma-website\\dataconnect": could not find dataconnect.yaml in `c:\Users\user\.gemini\antigravity-ide\scratch\mesma-website\dataconnect`
 {"metadata":{"emulator":{"name":"dataconnect"},"message":"E0609 15:43:04.050478    8732 watch.go:40] Failed to load config from \"c:\\\\Users\\\\user\\\\.gemini\\\\antigravity-ide\\\\scratch\\\\mesma-website\\\\dataconnect\": could not find dataconnect.yaml in `c:\\Users\\user\\.gemini\\antigravity-ide\\scratch\\mesma-website\\dataconnect`\n"}}
[debug] [2026-06-09T12:43:14.050Z] E0609 15:43:14.050695    8732 watch.go:40] Failed to load config from "c:\\Users\\user\\.gemini\\antigravity-ide\\scratch\\mesma-website\\dataconnect": could not find dataconnect.yaml in `c:\Users\user\.gemini\antigravity-ide\scratch\mesma-website\dataconnect`
 {"metadata":{"emulator":{"name":"dataconnect"},"message":"E0609 15:43:14.050695    8732 watch.go:40] Failed to load config from \"c:\\\\Users\\\\user\\\\.gemini\\\\antigravity-ide\\\\scratch\\\\mesma-website\\\\dataconnect\": could not find dataconnect.yaml in `c:\\Users\\user\\.gemini\\antigravity-ide\\scratch\\mesma-website\\dataconnect`\n"}}
[debug] [2026-06-09T12:43:24.049Z] E0609 15:43:24.049542    8732 watch.go:40] Failed to load config from "c:\\Users\\user\\.gemini\\antigravity-ide\\scratch\\mesma-website\\dataconnect": could not find dataconnect.yaml in `c:\Users\user\.gemini\antigravity-ide\scratch\mesma-website\dataconnect`
 {"metadata":{"emulator":{"name":"dataconnect"},"message":"E0609 15:43:24.049542    8732 watch.go:40] Failed to load config from \"c:\\\\Users\\\\user\\\\.gemini\\\\antigravity-ide\\\\scratch\\\\mesma-website\\\\dataconnect\": could not find dataconnect.yaml in `c:\\Users\\user\\.gemini\\antigravity-ide\\scratch\\mesma-website\\dataconnect`\n"}}
[debug] [2026-06-09T12:43:34.049Z] E0609 15:43:34.049566    8732 watch.go:116] watchAllDir unable to walk dir `c:\Users\user\.gemini\antigravity-ide\scratch\mesma-website\dataconnect`: GetFileAttributesEx c:\Users\user\.gemini\antigravity-ide\scratch\mesma-website\dataconnect: The system cannot find the file specified.
 {"metadata":{"emulator":{"name":"dataconnect"},"message":"E0609 15:43:34.049566    8732 watch.go:116] watchAllDir unable to walk dir `c:\\Users\\user\\.gemini\\antigravity-ide\\scratch\\mesma-website\\dataconnect`: GetFileAttributesEx c:\\Users\\user\\.gemini\\antigravity-ide\\scratch\\mesma-website\\dataconnect: The system cannot find the file specified.\n"}}
[debug] [2026-06-09T12:43:34.050Z] E0609 15:43:34.049566    8732 watch.go:40] Failed to load config from "c:\\Users\\user\\.gemini\\antigravity-ide\\scratch\\mesma-website\\dataconnect": could not find dataconnect.yaml in `c:\Users\user\.gemini\antigravity-ide\scratch\mesma-website\dataconnect`
 {"metadata":{"emulator":{"name":"dataconnect"},"message":"E0609 15:43:34.049566    8732 watch.go:40] Failed to load config from \"c:\\\\Users\\\\user\\\\.gemini\\\\antigravity-ide\\\\scratch\\\\mesma-website\\\\dataconnect\": could not find dataconnect.yaml in `c:\\Users\\user\\.gemini\\antigravity-ide\\scratch\\mesma-website\\dataconnect`\n"}}
[debug] [2026-06-09T12:43:44.050Z] E0609 15:43:44.050034    8732 watch.go:40] Failed to load config from "c:\\Users\\user\\.gemini\\antigravity-ide\\scratch\\mesma-website\\dataconnect": could not find dataconnect.yaml in `c:\Users\user\.gemini\antigravity-ide\scratch\mesma-website\dataconnect`
 {"metadata":{"emulator":{"name":"dataconnect"},"message":"E0609 15:43:44.050034    8732 watch.go:40] Failed to load config from \"c:\\\\Users\\\\user\\\\.gemini\\\\antigravity-ide\\\\scratch\\\\mesma-website\\\\dataconnect\": could not find dataconnect.yaml in `c:\\Users\\user\\.gemini\\antigravity-ide\\scratch\\mesma-website\\dataconnect`\n"}}
[debug] [2026-06-09T12:43:54.049Z] E0609 15:43:54.049556    8732 watch.go:40] Failed to load config from "c:\\Users\\user\\.gemini\\antigravity-ide\\scratch\\mesma-website\\dataconnect": could not find dataconnect.yaml in `c:\Users\user\.gemini\antigravity-ide\scratch\mesma-website\dataconnect`
 {"metadata":{"emulator":{"name":"dataconnect"},"message":"E0609 15:43:54.049556    8732 watch.go:40] Failed to load config from \"c:\\\\Users\\\\user\\\\.gemini\\\\antigravity-ide\\\\scratch\\\\mesma-website\\\\dataconnect\": could not find dataconnect.yaml in `c:\\Users\\user\\.gemini\\antigravity-ide\\scratch\\mesma-website\\dataconnect`\n"}}
[debug] [2026-06-09T12:44:04.049Z] E0609 15:44:04.049852    8732 watch.go:40] Failed to load config from "c:\\Users\\user\\.gemini\\antigravity-ide\\scratch\\mesma-website\\dataconnect": could not find dataconnect.yaml in `c:\Users\user\.gemini\antigravity-ide\scratch\mesma-website\dataconnect`
 {"metadata":{"emulator":{"name":"dataconnect"},"message":"E0609 15:44:04.049852    8732 watch.go:40] Failed to load config from \"c:\\\\Users\\\\user\\\\.gemini\\\\antigravity-ide\\\\scratch\\\\mesma-website\\\\dataconnect\": could not find dataconnect.yaml in `c:\\Users\\user\\.gemini\\antigravity-ide\\scratch\\mesma-website\\dataconnect`\n"}}
[debug] [2026-06-09T12:44:14.049Z] E0609 15:44:14.049511    8732 watch.go:40] Failed to load config from "c:\\Users\\user\\.gemini\\antigravity-ide\\scratch\\mesma-website\\dataconnect": could not find dataconnect.yaml in `c:\Users\user\.gemini\antigravity-ide\scratch\mesma-website\dataconnect`
 {"metadata":{"emulator":{"name":"dataconnect"},"message":"E0609 15:44:14.049511    8732 watch.go:40] Failed to load config from \"c:\\\\Users\\\\user\\\\.gemini\\\\antigravity-ide\\\\scratch\\\\mesma-website\\\\dataconnect\": could not find dataconnect.yaml in `c:\\Users\\user\\.gemini\\antigravity-ide\\scratch\\mesma-website\\dataconnect`\n"}}
[debug] [2026-06-09T12:44:24.050Z] E0609 15:44:24.050102    8732 watch.go:40] Failed to load config from "c:\\Users\\user\\.gemini\\antigravity-ide\\scratch\\mesma-website\\dataconnect": could not find dataconnect.yaml in `c:\Users\user\.gemini\antigravity-ide\scratch\mesma-website\dataconnect`
 {"metadata":{"emulator":{"name":"dataconnect"},"message":"E0609 15:44:24.050102    8732 watch.go:40] Failed to load config from \"c:\\\\Users\\\\user\\\\.gemini\\\\antigravity-ide\\\\scratch\\\\mesma-website\\\\dataconnect\": could not find dataconnect.yaml in `c:\\Users\\user\\.gemini\\antigravity-ide\\scratch\\mesma-website\\dataconnect`\n"}}
[debug] [2026-06-09T12:44:34.050Z] E0609 15:44:34.050213    8732 watch.go:116] watchAllDir unable to walk dir `c:\Users\user\.gemini\antigravity-ide\scratch\mesma-website\dataconnect`: GetFileAttributesEx c:\Users\user\.gemini\antigravity-ide\scratch\mesma-website\dataconnect: The system cannot find the file specified.
 {"metadata":{"emulator":{"name":"dataconnect"},"message":"E0609 15:44:34.050213    8732 watch.go:116] watchAllDir unable to walk dir `c:\\Users\\user\\.gemini\\antigravity-ide\\scratch\\mesma-website\\dataconnect`: GetFileAttributesEx c:\\Users\\user\\.gemini\\antigravity-ide\\scratch\\mesma-website\\dataconnect: The system cannot find the file specified.\n"}}
[debug] [2026-06-09T12:44:34.050Z] E0609 15:44:34.050727    8732 watch.go:40] Failed to load config from "c:\\Users\\user\\.gemini\\antigravity-ide\\scratch\\mesma-website\\dataconnect": could not find dataconnect.yaml in `c:\Users\user\.gemini\antigravity-ide\scratch\mesma-website\dataconnect`
 {"metadata":{"emulator":{"name":"dataconnect"},"message":"E0609 15:44:34.050727    8732 watch.go:40] Failed to load config from \"c:\\\\Users\\\\user\\\\.gemini\\\\antigravity-ide\\\\scratch\\\\mesma-website\\\\dataconnect\": could not find dataconnect.yaml in `c:\\Users\\user\\.gemini\\antigravity-ide\\scratch\\mesma-website\\dataconnect`\n"}}
[debug] [2026-06-09T12:44:44.049Z] E0609 15:44:44.049617    8732 watch.go:40] Failed to load config from "c:\\Users\\user\\.gemini\\antigravity-ide\\scratch\\mesma-website\\dataconnect": could not find dataconnect.yaml in `c:\Users\user\.gemini\antigravity-ide\scratch\mesma-website\dataconnect`
 {"metadata":{"emulator":{"name":"dataconnect"},"message":"E0609 15:44:44.049617    8732 watch.go:40] Failed to load config from \"c:\\\\Users\\\\user\\\\.gemini\\\\antigravity-ide\\\\scratch\\\\mesma-website\\\\dataconnect\": could not find dataconnect.yaml in `c:\\Users\\user\\.gemini\\antigravity-ide\\scratch\\mesma-website\\dataconnect`\n"}}
[debug] [2026-06-09T12:44:54.049Z] E0609 15:44:54.050334    8732 watch.go:40] Failed to load config from "c:\\Users\\user\\.gemini\\antigravity-ide\\scratch\\mesma-website\\dataconnect": could not find dataconnect.yaml in `c:\Users\user\.gemini\antigravity-ide\scratch\mesma-website\dataconnect`
 {"metadata":{"emulator":{"name":"dataconnect"},"message":"E0609 15:44:54.050334    8732 watch.go:40] Failed to load config from \"c:\\\\Users\\\\user\\\\.gemini\\\\antigravity-ide\\\\scratch\\\\mesma-website\\\\dataconnect\": could not find dataconnect.yaml in `c:\\Users\\user\\.gemini\\antigravity-ide\\scratch\\mesma-website\\dataconnect`\n"}}
[debug] [2026-06-09T12:45:04.050Z] E0609 15:45:04.050138    8732 watch.go:40] Failed to load config from "c:\\Users\\user\\.gemini\\antigravity-ide\\scratch\\mesma-website\\dataconnect": could not find dataconnect.yaml in `c:\Users\user\.gemini\antigravity-ide\scratch\mesma-website\dataconnect`
 {"metadata":{"emulator":{"name":"dataconnect"},"message":"E0609 15:45:04.050138    8732 watch.go:40] Failed to load config from \"c:\\\\Users\\\\user\\\\.gemini\\\\antigravity-ide\\\\scratch\\\\mesma-website\\\\dataconnect\": could not find dataconnect.yaml in `c:\\Users\\user\\.gemini\\antigravity-ide\\scratch\\mesma-website\\dataconnect`\n"}}
[debug] [2026-06-09T12:45:14.049Z] E0609 15:45:14.049648    8732 watch.go:40] Failed to load config from "c:\\Users\\user\\.gemini\\antigravity-ide\\scratch\\mesma-website\\dataconnect": could not find dataconnect.yaml in `c:\Users\user\.gemini\antigravity-ide\scratch\mesma-website\dataconnect`
 {"metadata":{"emulator":{"name":"dataconnect"},"message":"E0609 15:45:14.049648    8732 watch.go:40] Failed to load config from \"c:\\\\Users\\\\user\\\\.gemini\\\\antigravity-ide\\\\scratch\\\\mesma-website\\\\dataconnect\": could not find dataconnect.yaml in `c:\\Users\\user\\.gemini\\antigravity-ide\\scratch\\mesma-website\\dataconnect`\n"}}
[debug] [2026-06-09T12:45:24.050Z] E0609 15:45:24.050555    8732 watch.go:40] Failed to load config from "c:\\Users\\user\\.gemini\\antigravity-ide\\scratch\\mesma-website\\dataconnect": could not find dataconnect.yaml in `c:\Users\user\.gemini\antigravity-ide\scratch\mesma-website\dataconnect`
 {"metadata":{"emulator":{"name":"dataconnect"},"message":"E0609 15:45:24.050555    8732 watch.go:40] Failed to load config from \"c:\\\\Users\\\\user\\\\.gemini\\\\antigravity-ide\\\\scratch\\\\mesma-website\\\\dataconnect\": could not find dataconnect.yaml in `c:\\Users\\user\\.gemini\\antigravity-ide\\scratch\\mesma-website\\dataconnect`\n"}}
[debug] [2026-06-09T12:45:34.049Z] E0609 15:45:34.049838    8732 watch.go:116] watchAllDir unable to walk dir `c:\Users\user\.gemini\antigravity-ide\scratch\mesma-website\dataconnect`: GetFileAttributesEx c:\Users\user\.gemini\antigravity-ide\scratch\mesma-website\dataconnect: The system cannot find the file specified.
 {"metadata":{"emulator":{"name":"dataconnect"},"message":"E0609 15:45:34.049838    8732 watch.go:116] watchAllDir unable to walk dir `c:\\Users\\user\\.gemini\\antigravity-ide\\scratch\\mesma-website\\dataconnect`: GetFileAttributesEx c:\\Users\\user\\.gemini\\antigravity-ide\\scratch\\mesma-website\\dataconnect: The system cannot find the file specified.\n"}}
[debug] [2026-06-09T12:45:34.050Z] E0609 15:45:34.050544    8732 watch.go:40] Failed to load config from "c:\\Users\\user\\.gemini\\antigravity-ide\\scratch\\mesma-website\\dataconnect": could not find dataconnect.yaml in `c:\Users\user\.gemini\antigravity-ide\scratch\mesma-website\dataconnect`
 {"metadata":{"emulator":{"name":"dataconnect"},"message":"E0609 15:45:34.050544    8732 watch.go:40] Failed to load config from \"c:\\\\Users\\\\user\\\\.gemini\\\\antigravity-ide\\\\scratch\\\\mesma-website\\\\dataconnect\": could not find dataconnect.yaml in `c:\\Users\\user\\.gemini\\antigravity-ide\\scratch\\mesma-website\\dataconnect`\n"}}
[debug] [2026-06-09T12:45:44.050Z] E0609 15:45:44.050386    8732 watch.go:40] Failed to load config from "c:\\Users\\user\\.gemini\\antigravity-ide\\scratch\\mesma-website\\dataconnect": could not find dataconnect.yaml in `c:\Users\user\.gemini\antigravity-ide\scratch\mesma-website\dataconnect`
 {"metadata":{"emulator":{"name":"dataconnect"},"message":"E0609 15:45:44.050386    8732 watch.go:40] Failed to load config from \"c:\\\\Users\\\\user\\\\.gemini\\\\antigravity-ide\\\\scratch\\\\mesma-website\\\\dataconnect\": could not find dataconnect.yaml in `c:\\Users\\user\\.gemini\\antigravity-ide\\scratch\\mesma-website\\dataconnect`\n"}}
[debug] [2026-06-09T12:45:54.050Z] E0609 15:45:54.050744    8732 watch.go:40] Failed to load config from "c:\\Users\\user\\.gemini\\antigravity-ide\\scratch\\mesma-website\\dataconnect": could not find dataconnect.yaml in `c:\Users\user\.gemini\antigravity-ide\scratch\mesma-website\dataconnect`
 {"metadata":{"emulator":{"name":"dataconnect"},"message":"E0609 15:45:54.050744    8732 watch.go:40] Failed to load config from \"c:\\\\Users\\\\user\\\\.gemini\\\\antigravity-ide\\\\scratch\\\\mesma-website\\\\dataconnect\": could not find dataconnect.yaml in `c:\\Users\\user\\.gemini\\antigravity-ide\\scratch\\mesma-website\\dataconnect`\n"}}
[debug] [2026-06-09T12:46:04.049Z] E0609 15:46:04.049498    8732 watch.go:40] Failed to load config from "c:\\Users\\user\\.gemini\\antigravity-ide\\scratch\\mesma-website\\dataconnect": could not find dataconnect.yaml in `c:\Users\user\.gemini\antigravity-ide\scratch\mesma-website\dataconnect`
 {"metadata":{"emulator":{"name":"dataconnect"},"message":"E0609 15:46:04.049498    8732 watch.go:40] Failed to load config from \"c:\\\\Users\\\\user\\\\.gemini\\\\antigravity-ide\\\\scratch\\\\mesma-website\\\\dataconnect\": could not find dataconnect.yaml in `c:\\Users\\user\\.gemini\\antigravity-ide\\scratch\\mesma-website\\dataconnect`\n"}}
[debug] [2026-06-09T12:46:14.048Z] E0609 15:46:14.049691    8732 watch.go:40] Failed to load config from "c:\\Users\\user\\.gemini\\antigravity-ide\\scratch\\mesma-website\\dataconnect": could not find dataconnect.yaml in `c:\Users\user\.gemini\antigravity-ide\scratch\mesma-website\dataconnect`
 {"metadata":{"emulator":{"name":"dataconnect"},"message":"E0609 15:46:14.049691    8732 watch.go:40] Failed to load config from \"c:\\\\Users\\\\user\\\\.gemini\\\\antigravity-ide\\\\scratch\\\\mesma-website\\\\dataconnect\": could not find dataconnect.yaml in `c:\\Users\\user\\.gemini\\antigravity-ide\\scratch\\mesma-website\\dataconnect`\n"}}
[debug] [2026-06-09T12:46:24.051Z] E0609 15:46:24.052691    8732 watch.go:40] Failed to load config from "c:\\Users\\user\\.gemini\\antigravity-ide\\scratch\\mesma-website\\dataconnect": could not find dataconnect.yaml in `c:\Users\user\.gemini\antigravity-ide\scratch\mesma-website\dataconnect`
 {"metadata":{"emulator":{"name":"dataconnect"},"message":"E0609 15:46:24.052691    8732 watch.go:40] Failed to load config from \"c:\\\\Users\\\\user\\\\.gemini\\\\antigravity-ide\\\\scratch\\\\mesma-website\\\\dataconnect\": could not find dataconnect.yaml in `c:\\Users\\user\\.gemini\\antigravity-ide\\scratch\\mesma-website\\dataconnect`\n"}}
[debug] [2026-06-09T12:46:34.048Z] E0609 15:46:34.049467    8732 watch.go:116] watchAllDir unable to walk dir `c:\Users\user\.gemini\antigravity-ide\scratch\mesma-website\dataconnect`: GetFileAttributesEx c:\Users\user\.gemini\antigravity-ide\scratch\mesma-website\dataconnect: The system cannot find the file specified.
 {"metadata":{"emulator":{"name":"dataconnect"},"message":"E0609 15:46:34.049467    8732 watch.go:116] watchAllDir unable to walk dir `c:\\Users\\user\\.gemini\\antigravity-ide\\scratch\\mesma-website\\dataconnect`: GetFileAttributesEx c:\\Users\\user\\.gemini\\antigravity-ide\\scratch\\mesma-website\\dataconnect: The system cannot find the file specified.\n"}}
[debug] [2026-06-09T12:46:34.081Z] E0609 15:46:34.081470    8732 watch.go:40] Failed to load config from "c:\\Users\\user\\.gemini\\antigravity-ide\\scratch\\mesma-website\\dataconnect": could not find dataconnect.yaml in `c:\Users\user\.gemini\antigravity-ide\scratch\mesma-website\dataconnect`
 {"metadata":{"emulator":{"name":"dataconnect"},"message":"E0609 15:46:34.081470    8732 watch.go:40] Failed to load config from \"c:\\\\Users\\\\user\\\\.gemini\\\\antigravity-ide\\\\scratch\\\\mesma-website\\\\dataconnect\": could not find dataconnect.yaml in `c:\\Users\\user\\.gemini\\antigravity-ide\\scratch\\mesma-website\\dataconnect`\n"}}
[debug] [2026-06-09T12:46:44.049Z] E0609 15:46:44.050312    8732 watch.go:40] Failed to load config from "c:\\Users\\user\\.gemini\\antigravity-ide\\scratch\\mesma-website\\dataconnect": could not find dataconnect.yaml in `c:\Users\user\.gemini\antigravity-ide\scratch\mesma-website\dataconnect`
 {"metadata":{"emulator":{"name":"dataconnect"},"message":"E0609 15:46:44.050312    8732 watch.go:40] Failed to load config from \"c:\\\\Users\\\\user\\\\.gemini\\\\antigravity-ide\\\\scratch\\\\mesma-website\\\\dataconnect\": could not find dataconnect.yaml in `c:\\Users\\user\\.gemini\\antigravity-ide\\scratch\\mesma-website\\dataconnect`\n"}}
[debug] [2026-06-09T12:46:54.049Z] E0609 15:46:54.050168    8732 watch.go:40] Failed to load config from "c:\\Users\\user\\.gemini\\antigravity-ide\\scratch\\mesma-website\\dataconnect": could not find dataconnect.yaml in `c:\Users\user\.gemini\antigravity-ide\scratch\mesma-website\dataconnect`
 {"metadata":{"emulator":{"name":"dataconnect"},"message":"E0609 15:46:54.050168    8732 watch.go:40] Failed to load config from \"c:\\\\Users\\\\user\\\\.gemini\\\\antigravity-ide\\\\scratch\\\\mesma-website\\\\dataconnect\": could not find dataconnect.yaml in `c:\\Users\\user\\.gemini\\antigravity-ide\\scratch\\mesma-website\\dataconnect`\n"}}
[debug] [2026-06-09T12:47:04.049Z] E0609 15:47:04.050096    8732 watch.go:40] Failed to load config from "c:\\Users\\user\\.gemini\\antigravity-ide\\scratch\\mesma-website\\dataconnect": could not find dataconnect.yaml in `c:\Users\user\.gemini\antigravity-ide\scratch\mesma-website\dataconnect`
 {"metadata":{"emulator":{"name":"dataconnect"},"message":"E0609 15:47:04.050096    8732 watch.go:40] Failed to load config from \"c:\\\\Users\\\\user\\\\.gemini\\\\antigravity-ide\\\\scratch\\\\mesma-website\\\\dataconnect\": could not find dataconnect.yaml in `c:\\Users\\user\\.gemini\\antigravity-ide\\scratch\\mesma-website\\dataconnect`\n"}}
[debug] [2026-06-09T12:47:14.049Z] E0609 15:47:14.050175    8732 watch.go:40] Failed to load config from "c:\\Users\\user\\.gemini\\antigravity-ide\\scratch\\mesma-website\\dataconnect": could not find dataconnect.yaml in `c:\Users\user\.gemini\antigravity-ide\scratch\mesma-website\dataconnect`
 {"metadata":{"emulator":{"name":"dataconnect"},"message":"E0609 15:47:14.050175    8732 watch.go:40] Failed to load config from \"c:\\\\Users\\\\user\\\\.gemini\\\\antigravity-ide\\\\scratch\\\\mesma-website\\\\dataconnect\": could not find dataconnect.yaml in `c:\\Users\\user\\.gemini\\antigravity-ide\\scratch\\mesma-website\\dataconnect`\n"}}
[debug] [2026-06-09T12:47:24.052Z] E0609 15:47:24.053401    8732 watch.go:40] Failed to load config from "c:\\Users\\user\\.gemini\\antigravity-ide\\scratch\\mesma-website\\dataconnect": could not find dataconnect.yaml in `c:\Users\user\.gemini\antigravity-ide\scratch\mesma-website\dataconnect`
 {"metadata":{"emulator":{"name":"dataconnect"},"message":"E0609 15:47:24.053401    8732 watch.go:40] Failed to load config from \"c:\\\\Users\\\\user\\\\.gemini\\\\antigravity-ide\\\\scratch\\\\mesma-website\\\\dataconnect\": could not find dataconnect.yaml in `c:\\Users\\user\\.gemini\\antigravity-ide\\scratch\\mesma-website\\dataconnect`\n"}}
[debug] [2026-06-09T12:47:34.049Z] E0609 15:47:34.049610    8732 watch.go:116] watchAllDir unable to walk dir `c:\Users\user\.gemini\antigravity-ide\scratch\mesma-website\dataconnect`: GetFileAttributesEx c:\Users\user\.gemini\antigravity-ide\scratch\mesma-website\dataconnect: The system cannot find the file specified.
E0609 15:47:34.049610    8732 watch.go:40] Failed to load config from "c:\\Users\\user\\.gemini\\antigravity-ide\\scratch\\mesma-website\\dataconnect": could not find dataconnect.yaml in `c:\Users\user\.gemini\antigravity-ide\scratch\mesma-website\dataconnect`
 {"metadata":{"emulator":{"name":"dataconnect"},"message":"E0609 15:47:34.049610    8732 watch.go:116] watchAllDir unable to walk dir `c:\\Users\\user\\.gemini\\antigravity-ide\\scratch\\mesma-website\\dataconnect`: GetFileAttributesEx c:\\Users\\user\\.gemini\\antigravity-ide\\scratch\\mesma-website\\dataconnect: The system cannot find the file specified.\nE0609 15:47:34.049610    8732 watch.go:40] Failed to load config from \"c:\\\\Users\\\\user\\\\.gemini\\\\antigravity-ide\\\\scratch\\\\mesma-website\\\\dataconnect\": could not find dataconnect.yaml in `c:\\Users\\user\\.gemini\\antigravity-ide\\scratch\\mesma-website\\dataconnect`\n"}}
[debug] [2026-06-09T12:47:44.049Z] E0609 15:47:44.049607    8732 watch.go:40] Failed to load config from "c:\\Users\\user\\.gemini\\antigravity-ide\\scratch\\mesma-website\\dataconnect": could not find dataconnect.yaml in `c:\Users\user\.gemini\antigravity-ide\scratch\mesma-website\dataconnect`
 {"metadata":{"emulator":{"name":"dataconnect"},"message":"E0609 15:47:44.049607    8732 watch.go:40] Failed to load config from \"c:\\\\Users\\\\user\\\\.gemini\\\\antigravity-ide\\\\scratch\\\\mesma-website\\\\dataconnect\": could not find dataconnect.yaml in `c:\\Users\\user\\.gemini\\antigravity-ide\\scratch\\mesma-website\\dataconnect`\n"}}
[debug] [2026-06-09T12:47:54.049Z] E0609 15:47:54.050165    8732 watch.go:40] Failed to load config from "c:\\Users\\user\\.gemini\\antigravity-ide\\scratch\\mesma-website\\dataconnect": could not find dataconnect.yaml in `c:\Users\user\.gemini\antigravity-ide\scratch\mesma-website\dataconnect`
 {"metadata":{"emulator":{"name":"dataconnect"},"message":"E0609 15:47:54.050165    8732 watch.go:40] Failed to load config from \"c:\\\\Users\\\\user\\\\.gemini\\\\antigravity-ide\\\\scratch\\\\mesma-website\\\\dataconnect\": could not find dataconnect.yaml in `c:\\Users\\user\\.gemini\\antigravity-ide\\scratch\\mesma-website\\dataconnect`\n"}}
[debug] [2026-06-09T12:48:04.049Z] E0609 15:48:04.050140    8732 watch.go:40] Failed to load config from "c:\\Users\\user\\.gemini\\antigravity-ide\\scratch\\mesma-website\\dataconnect": could not find dataconnect.yaml in `c:\Users\user\.gemini\antigravity-ide\scratch\mesma-website\dataconnect`
 {"metadata":{"emulator":{"name":"dataconnect"},"message":"E0609 15:48:04.050140    8732 watch.go:40] Failed to load config from \"c:\\\\Users\\\\user\\\\.gemini\\\\antigravity-ide\\\\scratch\\\\mesma-website\\\\dataconnect\": could not find dataconnect.yaml in `c:\\Users\\user\\.gemini\\antigravity-ide\\scratch\\mesma-website\\dataconnect`\n"}}
[debug] [2026-06-09T12:48:14.050Z] E0609 15:48:14.050721    8732 watch.go:40] Failed to load config from "c:\\Users\\user\\.gemini\\antigravity-ide\\scratch\\mesma-website\\dataconnect": could not find dataconnect.yaml in `c:\Users\user\.gemini\antigravity-ide\scratch\mesma-website\dataconnect`
 {"metadata":{"emulator":{"name":"dataconnect"},"message":"E0609 15:48:14.050721    8732 watch.go:40] Failed to load config from \"c:\\\\Users\\\\user\\\\.gemini\\\\antigravity-ide\\\\scratch\\\\mesma-website\\\\dataconnect\": could not find dataconnect.yaml in `c:\\Users\\user\\.gemini\\antigravity-ide\\scratch\\mesma-website\\dataconnect`\n"}}
[debug] [2026-06-09T12:48:24.050Z] E0609 15:48:24.050356    8732 watch.go:40] Failed to load config from "c:\\Users\\user\\.gemini\\antigravity-ide\\scratch\\mesma-website\\dataconnect": could not find dataconnect.yaml in `c:\Users\user\.gemini\antigravity-ide\scratch\mesma-website\dataconnect`
 {"metadata":{"emulator":{"name":"dataconnect"},"message":"E0609 15:48:24.050356    8732 watch.go:40] Failed to load config from \"c:\\\\Users\\\\user\\\\.gemini\\\\antigravity-ide\\\\scratch\\\\mesma-website\\\\dataconnect\": could not find dataconnect.yaml in `c:\\Users\\user\\.gemini\\antigravity-ide\\scratch\\mesma-website\\dataconnect`\n"}}
[debug] [2026-06-09T12:48:34.049Z] E0609 15:48:34.049450    8732 watch.go:116] watchAllDir unable to walk dir `c:\Users\user\.gemini\antigravity-ide\scratch\mesma-website\dataconnect`: GetFileAttributesEx c:\Users\user\.gemini\antigravity-ide\scratch\mesma-website\dataconnect: The system cannot find the file specified.
 {"metadata":{"emulator":{"name":"dataconnect"},"message":"E0609 15:48:34.049450    8732 watch.go:116] watchAllDir unable to walk dir `c:\\Users\\user\\.gemini\\antigravity-ide\\scratch\\mesma-website\\dataconnect`: GetFileAttributesEx c:\\Users\\user\\.gemini\\antigravity-ide\\scratch\\mesma-website\\dataconnect: The system cannot find the file specified.\n"}}
[debug] [2026-06-09T12:48:34.049Z] E0609 15:48:34.049450    8732 watch.go:40] Failed to load config from "c:\\Users\\user\\.gemini\\antigravity-ide\\scratch\\mesma-website\\dataconnect": could not find dataconnect.yaml in `c:\Users\user\.gemini\antigravity-ide\scratch\mesma-website\dataconnect`
 {"metadata":{"emulator":{"name":"dataconnect"},"message":"E0609 15:48:34.049450    8732 watch.go:40] Failed to load config from \"c:\\\\Users\\\\user\\\\.gemini\\\\antigravity-ide\\\\scratch\\\\mesma-website\\\\dataconnect\": could not find dataconnect.yaml in `c:\\Users\\user\\.gemini\\antigravity-ide\\scratch\\mesma-website\\dataconnect`\n"}}
[debug] [2026-06-09T12:48:44.051Z] E0609 15:48:44.051611    8732 watch.go:40] Failed to load config from "c:\\Users\\user\\.gemini\\antigravity-ide\\scratch\\mesma-website\\dataconnect": could not find dataconnect.yaml in `c:\Users\user\.gemini\antigravity-ide\scratch\mesma-website\dataconnect`
 {"metadata":{"emulator":{"name":"dataconnect"},"message":"E0609 15:48:44.051611    8732 watch.go:40] Failed to load config from \"c:\\\\Users\\\\user\\\\.gemini\\\\antigravity-ide\\\\scratch\\\\mesma-website\\\\dataconnect\": could not find dataconnect.yaml in `c:\\Users\\user\\.gemini\\antigravity-ide\\scratch\\mesma-website\\dataconnect`\n"}}
[debug] [2026-06-09T12:48:54.050Z] E0609 15:48:54.050581    8732 watch.go:40] Failed to load config from "c:\\Users\\user\\.gemini\\antigravity-ide\\scratch\\mesma-website\\dataconnect": could not find dataconnect.yaml in `c:\Users\user\.gemini\antigravity-ide\scratch\mesma-website\dataconnect`
 {"metadata":{"emulator":{"name":"dataconnect"},"message":"E0609 15:48:54.050581    8732 watch.go:40] Failed to load config from \"c:\\\\Users\\\\user\\\\.gemini\\\\antigravity-ide\\\\scratch\\\\mesma-website\\\\dataconnect\": could not find dataconnect.yaml in `c:\\Users\\user\\.gemini\\antigravity-ide\\scratch\\mesma-website\\dataconnect`\n"}}
[debug] [2026-06-09T12:49:04.050Z] E0609 15:49:04.049706    8732 watch.go:40] Failed to load config from "c:\\Users\\user\\.gemini\\antigravity-ide\\scratch\\mesma-website\\dataconnect": could not find dataconnect.yaml in `c:\Users\user\.gemini\antigravity-ide\scratch\mesma-website\dataconnect`
 {"metadata":{"emulator":{"name":"dataconnect"},"message":"E0609 15:49:04.049706    8732 watch.go:40] Failed to load config from \"c:\\\\Users\\\\user\\\\.gemini\\\\antigravity-ide\\\\scratch\\\\mesma-website\\\\dataconnect\": could not find dataconnect.yaml in `c:\\Users\\user\\.gemini\\antigravity-ide\\scratch\\mesma-website\\dataconnect`\n"}}
[debug] [2026-06-09T12:49:14.050Z] E0609 15:49:14.049774    8732 watch.go:40] Failed to load config from "c:\\Users\\user\\.gemini\\antigravity-ide\\scratch\\mesma-website\\dataconnect": could not find dataconnect.yaml in `c:\Users\user\.gemini\antigravity-ide\scratch\mesma-website\dataconnect`
 {"metadata":{"emulator":{"name":"dataconnect"},"message":"E0609 15:49:14.049774    8732 watch.go:40] Failed to load config from \"c:\\\\Users\\\\user\\\\.gemini\\\\antigravity-ide\\\\scratch\\\\mesma-website\\\\dataconnect\": could not find dataconnect.yaml in `c:\\Users\\user\\.gemini\\antigravity-ide\\scratch\\mesma-website\\dataconnect`\n"}}
[debug] [2026-06-09T12:49:24.049Z] E0609 15:49:24.050181    8732 watch.go:40] Failed to load config from "c:\\Users\\user\\.gemini\\antigravity-ide\\scratch\\mesma-website\\dataconnect": could not find dataconnect.yaml in `c:\Users\user\.gemini\antigravity-ide\scratch\mesma-website\dataconnect`
 {"metadata":{"emulator":{"name":"dataconnect"},"message":"E0609 15:49:24.050181    8732 watch.go:40] Failed to load config from \"c:\\\\Users\\\\user\\\\.gemini\\\\antigravity-ide\\\\scratch\\\\mesma-website\\\\dataconnect\": could not find dataconnect.yaml in `c:\\Users\\user\\.gemini\\antigravity-ide\\scratch\\mesma-website\\dataconnect`\n"}}
[debug] [2026-06-09T12:49:34.049Z] E0609 15:49:34.049828    8732 watch.go:116] watchAllDir unable to walk dir `c:\Users\user\.gemini\antigravity-ide\scratch\mesma-website\dataconnect`: GetFileAttributesEx c:\Users\user\.gemini\antigravity-ide\scratch\mesma-website\dataconnect: The system cannot find the file specified.
 {"metadata":{"emulator":{"name":"dataconnect"},"message":"E0609 15:49:34.049828    8732 watch.go:116] watchAllDir unable to walk dir `c:\\Users\\user\\.gemini\\antigravity-ide\\scratch\\mesma-website\\dataconnect`: GetFileAttributesEx c:\\Users\\user\\.gemini\\antigravity-ide\\scratch\\mesma-website\\dataconnect: The system cannot find the file specified.\n"}}
[debug] [2026-06-09T12:49:34.049Z] E0609 15:49:34.049828    8732 watch.go:40] Failed to load config from "c:\\Users\\user\\.gemini\\antigravity-ide\\scratch\\mesma-website\\dataconnect": could not find dataconnect.yaml in `c:\Users\user\.gemini\antigravity-ide\scratch\mesma-website\dataconnect`
 {"metadata":{"emulator":{"name":"dataconnect"},"message":"E0609 15:49:34.049828    8732 watch.go:40] Failed to load config from \"c:\\\\Users\\\\user\\\\.gemini\\\\antigravity-ide\\\\scratch\\\\mesma-website\\\\dataconnect\": could not find dataconnect.yaml in `c:\\Users\\user\\.gemini\\antigravity-ide\\scratch\\mesma-website\\dataconnect`\n"}}
[debug] [2026-06-09T12:49:44.049Z] E0609 15:49:44.049604    8732 watch.go:40] Failed to load config from "c:\\Users\\user\\.gemini\\antigravity-ide\\scratch\\mesma-website\\dataconnect": could not find dataconnect.yaml in `c:\Users\user\.gemini\antigravity-ide\scratch\mesma-website\dataconnect`
 {"metadata":{"emulator":{"name":"dataconnect"},"message":"E0609 15:49:44.049604    8732 watch.go:40] Failed to load config from \"c:\\\\Users\\\\user\\\\.gemini\\\\antigravity-ide\\\\scratch\\\\mesma-website\\\\dataconnect\": could not find dataconnect.yaml in `c:\\Users\\user\\.gemini\\antigravity-ide\\scratch\\mesma-website\\dataconnect`\n"}}
[debug] [2026-06-09T12:49:54.050Z] E0609 15:49:54.050477    8732 watch.go:40] Failed to load config from "c:\\Users\\user\\.gemini\\antigravity-ide\\scratch\\mesma-website\\dataconnect": could not find dataconnect.yaml in `c:\Users\user\.gemini\antigravity-ide\scratch\mesma-website\dataconnect`
 {"metadata":{"emulator":{"name":"dataconnect"},"message":"E0609 15:49:54.050477    8732 watch.go:40] Failed to load config from \"c:\\\\Users\\\\user\\\\.gemini\\\\antigravity-ide\\\\scratch\\\\mesma-website\\\\dataconnect\": could not find dataconnect.yaml in `c:\\Users\\user\\.gemini\\antigravity-ide\\scratch\\mesma-website\\dataconnect`\n"}}
[debug] [2026-06-09T12:50:04.050Z] E0609 15:50:04.049880    8732 watch.go:40] Failed to load config from "c:\\Users\\user\\.gemini\\antigravity-ide\\scratch\\mesma-website\\dataconnect": could not find dataconnect.yaml in `c:\Users\user\.gemini\antigravity-ide\scratch\mesma-website\dataconnect`
 {"metadata":{"emulator":{"name":"dataconnect"},"message":"E0609 15:50:04.049880    8732 watch.go:40] Failed to load config from \"c:\\\\Users\\\\user\\\\.gemini\\\\antigravity-ide\\\\scratch\\\\mesma-website\\\\dataconnect\": could not find dataconnect.yaml in `c:\\Users\\user\\.gemini\\antigravity-ide\\scratch\\mesma-website\\dataconnect`\n"}}
[debug] [2026-06-09T12:50:14.049Z] E0609 15:50:14.049792    8732 watch.go:40] Failed to load config from "c:\\Users\\user\\.gemini\\antigravity-ide\\scratch\\mesma-website\\dataconnect": could not find dataconnect.yaml in `c:\Users\user\.gemini\antigravity-ide\scratch\mesma-website\dataconnect`
 {"metadata":{"emulator":{"name":"dataconnect"},"message":"E0609 15:50:14.049792    8732 watch.go:40] Failed to load config from \"c:\\\\Users\\\\user\\\\.gemini\\\\antigravity-ide\\\\scratch\\\\mesma-website\\\\dataconnect\": could not find dataconnect.yaml in `c:\\Users\\user\\.gemini\\antigravity-ide\\scratch\\mesma-website\\dataconnect`\n"}}
[debug] [2026-06-09T12:50:24.049Z] E0609 15:50:24.049591    8732 watch.go:40] Failed to load config from "c:\\Users\\user\\.gemini\\antigravity-ide\\scratch\\mesma-website\\dataconnect": could not find dataconnect.yaml in `c:\Users\user\.gemini\antigravity-ide\scratch\mesma-website\dataconnect`
 {"metadata":{"emulator":{"name":"dataconnect"},"message":"E0609 15:50:24.049591    8732 watch.go:40] Failed to load config from \"c:\\\\Users\\\\user\\\\.gemini\\\\antigravity-ide\\\\scratch\\\\mesma-website\\\\dataconnect\": could not find dataconnect.yaml in `c:\\Users\\user\\.gemini\\antigravity-ide\\scratch\\mesma-website\\dataconnect`\n"}}
[debug] [2026-06-09T12:50:34.049Z] E0609 15:50:34.049931    8732 watch.go:40] Failed to load config from "c:\\Users\\user\\.gemini\\antigravity-ide\\scratch\\mesma-website\\dataconnect": could not find dataconnect.yaml in `c:\Users\user\.gemini\antigravity-ide\scratch\mesma-website\dataconnect`
E0609 15:50:34.049931    8732 watch.go:116] watchAllDir unable to walk dir `c:\Users\user\.gemini\antigravity-ide\scratch\mesma-website\dataconnect`: GetFileAttributesEx c:\Users\user\.gemini\antigravity-ide\scratch\mesma-website\dataconnect: The system cannot find the file specified.
 {"metadata":{"emulator":{"name":"dataconnect"},"message":"E0609 15:50:34.049931    8732 watch.go:40] Failed to load config from \"c:\\\\Users\\\\user\\\\.gemini\\\\antigravity-ide\\\\scratch\\\\mesma-website\\\\dataconnect\": could not find dataconnect.yaml in `c:\\Users\\user\\.gemini\\antigravity-ide\\scratch\\mesma-website\\dataconnect`\nE0609 15:50:34.049931    8732 watch.go:116] watchAllDir unable to walk dir `c:\\Users\\user\\.gemini\\antigravity-ide\\scratch\\mesma-website\\dataconnect`: GetFileAttributesEx c:\\Users\\user\\.gemini\\antigravity-ide\\scratch\\mesma-website\\dataconnect: The system cannot find the file specified.\n"}}
[debug] [2026-06-09T12:50:44.049Z] E0609 15:50:44.049851    8732 watch.go:40] Failed to load config from "c:\\Users\\user\\.gemini\\antigravity-ide\\scratch\\mesma-website\\dataconnect": could not find dataconnect.yaml in `c:\Users\user\.gemini\antigravity-ide\scratch\mesma-website\dataconnect`
 {"metadata":{"emulator":{"name":"dataconnect"},"message":"E0609 15:50:44.049851    8732 watch.go:40] Failed to load config from \"c:\\\\Users\\\\user\\\\.gemini\\\\antigravity-ide\\\\scratch\\\\mesma-website\\\\dataconnect\": could not find dataconnect.yaml in `c:\\Users\\user\\.gemini\\antigravity-ide\\scratch\\mesma-website\\dataconnect`\n"}}
[info] [Firebase Plugin] Stopping SQL Connect toolkit
[warn] !  SQL Connect Emulator has exited upon receiving signal: SIGINT 
[debug] [2026-06-10T12:31:59.406Z] [Firebase Plugin] Activating Firebase extension.
[debug] [2026-06-10T12:32:12.298Z] [Firebase Plugin] requireAuthWrapper
[debug] [2026-06-10T12:32:12.300Z] > command requires scopes: ["email","openid","https://www.googleapis.com/auth/cloudplatformprojects.readonly","https://www.googleapis.com/auth/firebase","https://www.googleapis.com/auth/cloud-platform"]
[debug] [2026-06-10T12:32:12.300Z] > authorizing via signed-in user (mohammadsaifuddin68@gmail.com)
[debug] [2026-06-10T12:32:12.303Z] Checked if tokens are valid: true, expires at: 1781098301089
[debug] [2026-06-10T12:32:12.303Z] Checked if tokens are valid: true, expires at: 1781098301089
[debug] [2026-06-10T12:32:12.303Z] [Firebase Plugin] User found:  mohammadsaifuddin68@gmail.com
[info] [Firebase Plugin] (Core:Project) New user detected, fetching projects
[debug] [2026-06-10T12:32:12.304Z] Checked if tokens are valid: true, expires at: 1781098301089
[debug] [2026-06-10T12:32:12.305Z] >>> [apiv2][query] GET https://firebase.googleapis.com/v1beta1/projects pageSize=1000
[debug] [2026-06-10T12:32:12.313Z] [Firebase Plugin] VSCode notification server listening on port 40001
[info] [Firebase Plugin] Starting SQL Connect toolkit (version 3.4.10) on port 50001
[debug] [2026-06-10T12:32:12.910Z] 'fdc build' failed with error: Unable to build your SQL Connect schema and connectors (exit code 1): E0610 15:32:12.904612    2472 cmd.go:43] Error loading data connect config: could not find dataconnect.yaml in `c:\Users\user\.gemini\antigravity-ide\scratch\mesma-website\dataconnect`
 {"metadata":{"emulator":{"name":"dataconnect"},"message":"'fdc build' failed with error: Unable to build your SQL Connect schema and connectors (exit code 1): E0610 15:32:12.904612    2472 cmd.go:43] Error loading data connect config: could not find dataconnect.yaml in `c:\\Users\\user\\.gemini\\antigravity-ide\\scratch\\mesma-website\\dataconnect`\n"}}
[debug] [2026-06-10T12:32:12.911Z] Ignoring unsupported arg: auto_download {"metadata":{"emulator":{"name":"dataconnect"},"message":"Ignoring unsupported arg: auto_download"}}
[debug] [2026-06-10T12:32:12.911Z] Ignoring unsupported arg: port {"metadata":{"emulator":{"name":"dataconnect"},"message":"Ignoring unsupported arg: port"}}
[debug] [2026-06-10T12:32:12.911Z] Starting SQL Connect Emulator with command {"binary":"C:\\Users\\user\\.cache\\firebase\\emulators\\dataconnect-emulator-3.4.10.exe","args":["--logtostderr","-v=2","dev","--listen=localhost:50001","--config_dir=c:\\Users\\user\\.gemini\\antigravity-ide\\scratch\\mesma-website\\dataconnect","--enable_output_schema_extensions=true","--enable_output_generated_sdk=true"],"optionalArgs":["listen","config_dir","enable_output_schema_extensions","enable_output_generated_sdk"],"joinArgs":true,"shell":false,"port":9399} {"metadata":{"emulator":{"name":"dataconnect"},"message":"Starting SQL Connect Emulator with command {\"binary\":\"C:\\\\Users\\\\user\\\\.cache\\\\firebase\\\\emulators\\\\dataconnect-emulator-3.4.10.exe\",\"args\":[\"--logtostderr\",\"-v=2\",\"dev\",\"--listen=localhost:50001\",\"--config_dir=c:\\\\Users\\\\user\\\\.gemini\\\\antigravity-ide\\\\scratch\\\\mesma-website\\\\dataconnect\",\"--enable_output_schema_extensions=true\",\"--enable_output_generated_sdk=true\"],\"optionalArgs\":[\"listen\",\"config_dir\",\"enable_output_schema_extensions\",\"enable_output_generated_sdk\"],\"joinArgs\":true,\"shell\":false,\"port\":9399}"}}
[info] i  dataconnect: SQL Connect Emulator logging to dataconnect-debug.log {"metadata":{"emulator":{"name":"dataconnect"},"message":"SQL Connect Emulator logging to \u001b[1mdataconnect-debug.log\u001b[22m"}}
[debug] [2026-06-10T12:32:12.949Z] E0610 15:32:12.949120   14928 dev.go:83] Failed to load initial config from "c:\\Users\\user\\.gemini\\antigravity-ide\\scratch\\mesma-website\\dataconnect": could not find dataconnect.yaml in `c:\Users\user\.gemini\antigravity-ide\scratch\mesma-website\dataconnect`
 {"metadata":{"emulator":{"name":"dataconnect"},"message":"E0610 15:32:12.949120   14928 dev.go:83] Failed to load initial config from \"c:\\\\Users\\\\user\\\\.gemini\\\\antigravity-ide\\\\scratch\\\\mesma-website\\\\dataconnect\": could not find dataconnect.yaml in `c:\\Users\\user\\.gemini\\antigravity-ide\\scratch\\mesma-website\\dataconnect`\n"}}
[debug] [2026-06-10T12:32:12.950Z] E0610 15:32:12.949661   14928 watch.go:116] watchAllDir unable to walk dir `c:\Users\user\.gemini\antigravity-ide\scratch\mesma-website\dataconnect`: GetFileAttributesEx c:\Users\user\.gemini\antigravity-ide\scratch\mesma-website\dataconnect: The system cannot find the file specified.
 {"metadata":{"emulator":{"name":"dataconnect"},"message":"E0610 15:32:12.949661   14928 watch.go:116] watchAllDir unable to walk dir `c:\\Users\\user\\.gemini\\antigravity-ide\\scratch\\mesma-website\\dataconnect`: GetFileAttributesEx c:\\Users\\user\\.gemini\\antigravity-ide\\scratch\\mesma-website\\dataconnect: The system cannot find the file specified.\n"}}
[debug] [2026-06-10T12:32:12.964Z] I0610 15:32:12.963401   14928 dev.go:104] Listening on address (HTTP + gRPC): 127.0.0.1:50001
 {"metadata":{"emulator":{"name":"dataconnect"},"message":"I0610 15:32:12.963401   14928 dev.go:104] Listening on address (HTTP + gRPC): 127.0.0.1:50001\n"}}
[error] [Firebase Plugin] error:  {}
[debug] [2026-06-10T12:32:13.533Z] <<< [apiv2][status] GET https://firebase.googleapis.com/v1beta1/projects 200
[debug] [2026-06-10T12:32:13.534Z] <<< [apiv2][body] GET https://firebase.googleapis.com/v1beta1/projects [omitted]
[debug] [2026-06-10T12:32:22.955Z] E0610 15:32:22.951541   14928 watch.go:40] Failed to load config from "c:\\Users\\user\\.gemini\\antigravity-ide\\scratch\\mesma-website\\dataconnect": could not find dataconnect.yaml in `c:\Users\user\.gemini\antigravity-ide\scratch\mesma-website\dataconnect`
 {"metadata":{"emulator":{"name":"dataconnect"},"message":"E0610 15:32:22.951541   14928 watch.go:40] Failed to load config from \"c:\\\\Users\\\\user\\\\.gemini\\\\antigravity-ide\\\\scratch\\\\mesma-website\\\\dataconnect\": could not find dataconnect.yaml in `c:\\Users\\user\\.gemini\\antigravity-ide\\scratch\\mesma-website\\dataconnect`\n"}}
[info] [Firebase Plugin] Stopping SQL Connect toolkit
[warn] !  SQL Connect Emulator has exited upon receiving signal: SIGINT 
[debug] [2026-06-10T12:32:35.055Z] [Firebase Plugin] Activating Firebase extension.
[debug] [2026-06-10T12:32:39.638Z] [Firebase Plugin] requireAuthWrapper
[debug] [2026-06-10T12:32:39.642Z] > command requires scopes: ["email","openid","https://www.googleapis.com/auth/cloudplatformprojects.readonly","https://www.googleapis.com/auth/firebase","https://www.googleapis.com/auth/cloud-platform"]
[debug] [2026-06-10T12:32:39.643Z] > authorizing via signed-in user (mohammadsaifuddin68@gmail.com)
[debug] [2026-06-10T12:32:39.646Z] Checked if tokens are valid: true, expires at: 1781098301089
[debug] [2026-06-10T12:32:39.647Z] Checked if tokens are valid: true, expires at: 1781098301089
[debug] [2026-06-10T12:32:39.647Z] [Firebase Plugin] User found:  mohammadsaifuddin68@gmail.com
[info] [Firebase Plugin] (Core:Project) New user detected, fetching projects
[debug] [2026-06-10T12:32:39.649Z] Checked if tokens are valid: true, expires at: 1781098301089
[debug] [2026-06-10T12:32:39.650Z] >>> [apiv2][query] GET https://firebase.googleapis.com/v1beta1/projects pageSize=1000
[debug] [2026-06-10T12:32:39.662Z] [Firebase Plugin] VSCode notification server listening on port 40001
[info] [Firebase Plugin] Starting SQL Connect toolkit (version 3.4.10) on port 50001
[debug] [2026-06-10T12:32:40.160Z] 'fdc build' failed with error: Unable to build your SQL Connect schema and connectors (exit code 1): E0610 15:32:40.154044   30344 cmd.go:43] Error loading data connect config: could not find dataconnect.yaml in `c:\Users\user\.gemini\antigravity-ide\scratch\mesma-website\dataconnect`
 {"metadata":{"emulator":{"name":"dataconnect"},"message":"'fdc build' failed with error: Unable to build your SQL Connect schema and connectors (exit code 1): E0610 15:32:40.154044   30344 cmd.go:43] Error loading data connect config: could not find dataconnect.yaml in `c:\\Users\\user\\.gemini\\antigravity-ide\\scratch\\mesma-website\\dataconnect`\n"}}
[debug] [2026-06-10T12:32:40.162Z] Ignoring unsupported arg: auto_download {"metadata":{"emulator":{"name":"dataconnect"},"message":"Ignoring unsupported arg: auto_download"}}
[debug] [2026-06-10T12:32:40.162Z] Ignoring unsupported arg: port {"metadata":{"emulator":{"name":"dataconnect"},"message":"Ignoring unsupported arg: port"}}
[debug] [2026-06-10T12:32:40.162Z] Starting SQL Connect Emulator with command {"binary":"C:\\Users\\user\\.cache\\firebase\\emulators\\dataconnect-emulator-3.4.10.exe","args":["--logtostderr","-v=2","dev","--listen=localhost:50001","--config_dir=c:\\Users\\user\\.gemini\\antigravity-ide\\scratch\\mesma-website\\dataconnect","--enable_output_schema_extensions=true","--enable_output_generated_sdk=true"],"optionalArgs":["listen","config_dir","enable_output_schema_extensions","enable_output_generated_sdk"],"joinArgs":true,"shell":false,"port":9399} {"metadata":{"emulator":{"name":"dataconnect"},"message":"Starting SQL Connect Emulator with command {\"binary\":\"C:\\\\Users\\\\user\\\\.cache\\\\firebase\\\\emulators\\\\dataconnect-emulator-3.4.10.exe\",\"args\":[\"--logtostderr\",\"-v=2\",\"dev\",\"--listen=localhost:50001\",\"--config_dir=c:\\\\Users\\\\user\\\\.gemini\\\\antigravity-ide\\\\scratch\\\\mesma-website\\\\dataconnect\",\"--enable_output_schema_extensions=true\",\"--enable_output_generated_sdk=true\"],\"optionalArgs\":[\"listen\",\"config_dir\",\"enable_output_schema_extensions\",\"enable_output_generated_sdk\"],\"joinArgs\":true,\"shell\":false,\"port\":9399}"}}
[info] i  dataconnect: SQL Connect Emulator logging to dataconnect-debug.log {"metadata":{"emulator":{"name":"dataconnect"},"message":"SQL Connect Emulator logging to \u001b[1mdataconnect-debug.log\u001b[22m"}}
[debug] [2026-06-10T12:32:40.216Z] E0610 15:32:40.216611   27136 dev.go:83] Failed to load initial config from "c:\\Users\\user\\.gemini\\antigravity-ide\\scratch\\mesma-website\\dataconnect": could not find dataconnect.yaml in `c:\Users\user\.gemini\antigravity-ide\scratch\mesma-website\dataconnect`
 {"metadata":{"emulator":{"name":"dataconnect"},"message":"E0610 15:32:40.216611   27136 dev.go:83] Failed to load initial config from \"c:\\\\Users\\\\user\\\\.gemini\\\\antigravity-ide\\\\scratch\\\\mesma-website\\\\dataconnect\": could not find dataconnect.yaml in `c:\\Users\\user\\.gemini\\antigravity-ide\\scratch\\mesma-website\\dataconnect`\n"}}
[debug] [2026-06-10T12:32:40.218Z] E0610 15:32:40.217153   27136 watch.go:116] watchAllDir unable to walk dir `c:\Users\user\.gemini\antigravity-ide\scratch\mesma-website\dataconnect`: GetFileAttributesEx c:\Users\user\.gemini\antigravity-ide\scratch\mesma-website\dataconnect: The system cannot find the file specified.
 {"metadata":{"emulator":{"name":"dataconnect"},"message":"E0610 15:32:40.217153   27136 watch.go:116] watchAllDir unable to walk dir `c:\\Users\\user\\.gemini\\antigravity-ide\\scratch\\mesma-website\\dataconnect`: GetFileAttributesEx c:\\Users\\user\\.gemini\\antigravity-ide\\scratch\\mesma-website\\dataconnect: The system cannot find the file specified.\n"}}
[debug] [2026-06-10T12:32:40.233Z] I0610 15:32:40.232080   27136 dev.go:104] Listening on address (HTTP + gRPC): 127.0.0.1:50001
 {"metadata":{"emulator":{"name":"dataconnect"},"message":"I0610 15:32:40.232080   27136 dev.go:104] Listening on address (HTTP + gRPC): 127.0.0.1:50001\n"}}
[error] [Firebase Plugin] error:  {}
[debug] [2026-06-10T12:32:40.731Z] <<< [apiv2][status] GET https://firebase.googleapis.com/v1beta1/projects 200
[debug] [2026-06-10T12:32:40.732Z] <<< [apiv2][body] GET https://firebase.googleapis.com/v1beta1/projects [omitted]
[debug] [2026-06-10T12:32:50.218Z] E0610 15:32:50.217977   27136 watch.go:40] Failed to load config from "c:\\Users\\user\\.gemini\\antigravity-ide\\scratch\\mesma-website\\dataconnect": could not find dataconnect.yaml in `c:\Users\user\.gemini\antigravity-ide\scratch\mesma-website\dataconnect`
 {"metadata":{"emulator":{"name":"dataconnect"},"message":"E0610 15:32:50.217977   27136 watch.go:40] Failed to load config from \"c:\\\\Users\\\\user\\\\.gemini\\\\antigravity-ide\\\\scratch\\\\mesma-website\\\\dataconnect\": could not find dataconnect.yaml in `c:\\Users\\user\\.gemini\\antigravity-ide\\scratch\\mesma-website\\dataconnect`\n"}}
[debug] [2026-06-10T12:33:00.217Z] E0610 15:33:00.217847   27136 watch.go:40] Failed to load config from "c:\\Users\\user\\.gemini\\antigravity-ide\\scratch\\mesma-website\\dataconnect": could not find dataconnect.yaml in `c:\Users\user\.gemini\antigravity-ide\scratch\mesma-website\dataconnect`
 {"metadata":{"emulator":{"name":"dataconnect"},"message":"E0610 15:33:00.217847   27136 watch.go:40] Failed to load config from \"c:\\\\Users\\\\user\\\\.gemini\\\\antigravity-ide\\\\scratch\\\\mesma-website\\\\dataconnect\": could not find dataconnect.yaml in `c:\\Users\\user\\.gemini\\antigravity-ide\\scratch\\mesma-website\\dataconnect`\n"}}
[debug] [2026-06-10T12:33:10.217Z] E0610 15:33:10.217845   27136 watch.go:40] Failed to load config from "c:\\Users\\user\\.gemini\\antigravity-ide\\scratch\\mesma-website\\dataconnect": could not find dataconnect.yaml in `c:\Users\user\.gemini\antigravity-ide\scratch\mesma-website\dataconnect`
 {"metadata":{"emulator":{"name":"dataconnect"},"message":"E0610 15:33:10.217845   27136 watch.go:40] Failed to load config from \"c:\\\\Users\\\\user\\\\.gemini\\\\antigravity-ide\\\\scratch\\\\mesma-website\\\\dataconnect\": could not find dataconnect.yaml in `c:\\Users\\user\\.gemini\\antigravity-ide\\scratch\\mesma-website\\dataconnect`\n"}}
[debug] [2026-06-10T12:33:20.217Z] E0610 15:33:20.218272   27136 watch.go:40] Failed to load config from "c:\\Users\\user\\.gemini\\antigravity-ide\\scratch\\mesma-website\\dataconnect": could not find dataconnect.yaml in `c:\Users\user\.gemini\antigravity-ide\scratch\mesma-website\dataconnect`
 {"metadata":{"emulator":{"name":"dataconnect"},"message":"E0610 15:33:20.218272   27136 watch.go:40] Failed to load config from \"c:\\\\Users\\\\user\\\\.gemini\\\\antigravity-ide\\\\scratch\\\\mesma-website\\\\dataconnect\": could not find dataconnect.yaml in `c:\\Users\\user\\.gemini\\antigravity-ide\\scratch\\mesma-website\\dataconnect`\n"}}
[debug] [2026-06-10T12:33:30.218Z] E0610 15:33:30.217827   27136 watch.go:40] Failed to load config from "c:\\Users\\user\\.gemini\\antigravity-ide\\scratch\\mesma-website\\dataconnect": could not find dataconnect.yaml in `c:\Users\user\.gemini\antigravity-ide\scratch\mesma-website\dataconnect`
 {"metadata":{"emulator":{"name":"dataconnect"},"message":"E0610 15:33:30.217827   27136 watch.go:40] Failed to load config from \"c:\\\\Users\\\\user\\\\.gemini\\\\antigravity-ide\\\\scratch\\\\mesma-website\\\\dataconnect\": could not find dataconnect.yaml in `c:\\Users\\user\\.gemini\\antigravity-ide\\scratch\\mesma-website\\dataconnect`\n"}}
[debug] [2026-06-10T12:33:40.218Z] E0610 15:33:40.218165   27136 watch.go:116] watchAllDir unable to walk dir `c:\Users\user\.gemini\antigravity-ide\scratch\mesma-website\dataconnect`: GetFileAttributesEx c:\Users\user\.gemini\antigravity-ide\scratch\mesma-website\dataconnect: The system cannot find the file specified.
 {"metadata":{"emulator":{"name":"dataconnect"},"message":"E0610 15:33:40.218165   27136 watch.go:116] watchAllDir unable to walk dir `c:\\Users\\user\\.gemini\\antigravity-ide\\scratch\\mesma-website\\dataconnect`: GetFileAttributesEx c:\\Users\\user\\.gemini\\antigravity-ide\\scratch\\mesma-website\\dataconnect: The system cannot find the file specified.\n"}}
[debug] [2026-06-10T12:33:40.219Z] E0610 15:33:40.218165   27136 watch.go:40] Failed to load config from "c:\\Users\\user\\.gemini\\antigravity-ide\\scratch\\mesma-website\\dataconnect": could not find dataconnect.yaml in `c:\Users\user\.gemini\antigravity-ide\scratch\mesma-website\dataconnect`
 {"metadata":{"emulator":{"name":"dataconnect"},"message":"E0610 15:33:40.218165   27136 watch.go:40] Failed to load config from \"c:\\\\Users\\\\user\\\\.gemini\\\\antigravity-ide\\\\scratch\\\\mesma-website\\\\dataconnect\": could not find dataconnect.yaml in `c:\\Users\\user\\.gemini\\antigravity-ide\\scratch\\mesma-website\\dataconnect`\n"}}
[debug] [2026-06-10T12:33:50.218Z] E0610 15:33:50.218311   27136 watch.go:40] Failed to load config from "c:\\Users\\user\\.gemini\\antigravity-ide\\scratch\\mesma-website\\dataconnect": could not find dataconnect.yaml in `c:\Users\user\.gemini\antigravity-ide\scratch\mesma-website\dataconnect`
 {"metadata":{"emulator":{"name":"dataconnect"},"message":"E0610 15:33:50.218311   27136 watch.go:40] Failed to load config from \"c:\\\\Users\\\\user\\\\.gemini\\\\antigravity-ide\\\\scratch\\\\mesma-website\\\\dataconnect\": could not find dataconnect.yaml in `c:\\Users\\user\\.gemini\\antigravity-ide\\scratch\\mesma-website\\dataconnect`\n"}}
[debug] [2026-06-10T12:34:00.218Z] E0610 15:34:00.217970   27136 watch.go:40] Failed to load config from "c:\\Users\\user\\.gemini\\antigravity-ide\\scratch\\mesma-website\\dataconnect": could not find dataconnect.yaml in `c:\Users\user\.gemini\antigravity-ide\scratch\mesma-website\dataconnect`
 {"metadata":{"emulator":{"name":"dataconnect"},"message":"E0610 15:34:00.217970   27136 watch.go:40] Failed to load config from \"c:\\\\Users\\\\user\\\\.gemini\\\\antigravity-ide\\\\scratch\\\\mesma-website\\\\dataconnect\": could not find dataconnect.yaml in `c:\\Users\\user\\.gemini\\antigravity-ide\\scratch\\mesma-website\\dataconnect`\n"}}
[debug] [2026-06-10T12:34:10.219Z] E0610 15:34:10.218229   27136 watch.go:40] Failed to load config from "c:\\Users\\user\\.gemini\\antigravity-ide\\scratch\\mesma-website\\dataconnect": could not find dataconnect.yaml in `c:\Users\user\.gemini\antigravity-ide\scratch\mesma-website\dataconnect`
 {"metadata":{"emulator":{"name":"dataconnect"},"message":"E0610 15:34:10.218229   27136 watch.go:40] Failed to load config from \"c:\\\\Users\\\\user\\\\.gemini\\\\antigravity-ide\\\\scratch\\\\mesma-website\\\\dataconnect\": could not find dataconnect.yaml in `c:\\Users\\user\\.gemini\\antigravity-ide\\scratch\\mesma-website\\dataconnect`\n"}}
[debug] [2026-06-10T12:34:20.218Z] E0610 15:34:20.218093   27136 watch.go:40] Failed to load config from "c:\\Users\\user\\.gemini\\antigravity-ide\\scratch\\mesma-website\\dataconnect": could not find dataconnect.yaml in `c:\Users\user\.gemini\antigravity-ide\scratch\mesma-website\dataconnect`
 {"metadata":{"emulator":{"name":"dataconnect"},"message":"E0610 15:34:20.218093   27136 watch.go:40] Failed to load config from \"c:\\\\Users\\\\user\\\\.gemini\\\\antigravity-ide\\\\scratch\\\\mesma-website\\\\dataconnect\": could not find dataconnect.yaml in `c:\\Users\\user\\.gemini\\antigravity-ide\\scratch\\mesma-website\\dataconnect`\n"}}
[debug] [2026-06-10T12:34:30.218Z] E0610 15:34:30.218142   27136 watch.go:40] Failed to load config from "c:\\Users\\user\\.gemini\\antigravity-ide\\scratch\\mesma-website\\dataconnect": could not find dataconnect.yaml in `c:\Users\user\.gemini\antigravity-ide\scratch\mesma-website\dataconnect`
 {"metadata":{"emulator":{"name":"dataconnect"},"message":"E0610 15:34:30.218142   27136 watch.go:40] Failed to load config from \"c:\\\\Users\\\\user\\\\.gemini\\\\antigravity-ide\\\\scratch\\\\mesma-website\\\\dataconnect\": could not find dataconnect.yaml in `c:\\Users\\user\\.gemini\\antigravity-ide\\scratch\\mesma-website\\dataconnect`\n"}}
[debug] [2026-06-10T12:34:40.219Z] E0610 15:34:40.220262   27136 watch.go:116] watchAllDir unable to walk dir `c:\Users\user\.gemini\antigravity-ide\scratch\mesma-website\dataconnect`: GetFileAttributesEx c:\Users\user\.gemini\antigravity-ide\scratch\mesma-website\dataconnect: The system cannot find the file specified.
 {"metadata":{"emulator":{"name":"dataconnect"},"message":"E0610 15:34:40.220262   27136 watch.go:116] watchAllDir unable to walk dir `c:\\Users\\user\\.gemini\\antigravity-ide\\scratch\\mesma-website\\dataconnect`: GetFileAttributesEx c:\\Users\\user\\.gemini\\antigravity-ide\\scratch\\mesma-website\\dataconnect: The system cannot find the file specified.\n"}}
[debug] [2026-06-10T12:34:40.221Z] E0610 15:34:40.222025   27136 watch.go:40] Failed to load config from "c:\\Users\\user\\.gemini\\antigravity-ide\\scratch\\mesma-website\\dataconnect": could not find dataconnect.yaml in `c:\Users\user\.gemini\antigravity-ide\scratch\mesma-website\dataconnect`
 {"metadata":{"emulator":{"name":"dataconnect"},"message":"E0610 15:34:40.222025   27136 watch.go:40] Failed to load config from \"c:\\\\Users\\\\user\\\\.gemini\\\\antigravity-ide\\\\scratch\\\\mesma-website\\\\dataconnect\": could not find dataconnect.yaml in `c:\\Users\\user\\.gemini\\antigravity-ide\\scratch\\mesma-website\\dataconnect`\n"}}
[debug] [2026-06-10T12:34:50.218Z] E0610 15:34:50.218888   27136 watch.go:40] Failed to load config from "c:\\Users\\user\\.gemini\\antigravity-ide\\scratch\\mesma-website\\dataconnect": could not find dataconnect.yaml in `c:\Users\user\.gemini\antigravity-ide\scratch\mesma-website\dataconnect`
 {"metadata":{"emulator":{"name":"dataconnect"},"message":"E0610 15:34:50.218888   27136 watch.go:40] Failed to load config from \"c:\\\\Users\\\\user\\\\.gemini\\\\antigravity-ide\\\\scratch\\\\mesma-website\\\\dataconnect\": could not find dataconnect.yaml in `c:\\Users\\user\\.gemini\\antigravity-ide\\scratch\\mesma-website\\dataconnect`\n"}}
[debug] [2026-06-10T12:35:00.218Z] E0610 15:35:00.218788   27136 watch.go:40] Failed to load config from "c:\\Users\\user\\.gemini\\antigravity-ide\\scratch\\mesma-website\\dataconnect": could not find dataconnect.yaml in `c:\Users\user\.gemini\antigravity-ide\scratch\mesma-website\dataconnect`
 {"metadata":{"emulator":{"name":"dataconnect"},"message":"E0610 15:35:00.218788   27136 watch.go:40] Failed to load config from \"c:\\\\Users\\\\user\\\\.gemini\\\\antigravity-ide\\\\scratch\\\\mesma-website\\\\dataconnect\": could not find dataconnect.yaml in `c:\\Users\\user\\.gemini\\antigravity-ide\\scratch\\mesma-website\\dataconnect`\n"}}
[debug] [2026-06-10T12:35:10.218Z] E0610 15:35:10.218128   27136 watch.go:40] Failed to load config from "c:\\Users\\user\\.gemini\\antigravity-ide\\scratch\\mesma-website\\dataconnect": could not find dataconnect.yaml in `c:\Users\user\.gemini\antigravity-ide\scratch\mesma-website\dataconnect`
 {"metadata":{"emulator":{"name":"dataconnect"},"message":"E0610 15:35:10.218128   27136 watch.go:40] Failed to load config from \"c:\\\\Users\\\\user\\\\.gemini\\\\antigravity-ide\\\\scratch\\\\mesma-website\\\\dataconnect\": could not find dataconnect.yaml in `c:\\Users\\user\\.gemini\\antigravity-ide\\scratch\\mesma-website\\dataconnect`\n"}}
[debug] [2026-06-10T12:35:20.218Z] E0610 15:35:20.218077   27136 watch.go:40] Failed to load config from "c:\\Users\\user\\.gemini\\antigravity-ide\\scratch\\mesma-website\\dataconnect": could not find dataconnect.yaml in `c:\Users\user\.gemini\antigravity-ide\scratch\mesma-website\dataconnect`
 {"metadata":{"emulator":{"name":"dataconnect"},"message":"E0610 15:35:20.218077   27136 watch.go:40] Failed to load config from \"c:\\\\Users\\\\user\\\\.gemini\\\\antigravity-ide\\\\scratch\\\\mesma-website\\\\dataconnect\": could not find dataconnect.yaml in `c:\\Users\\user\\.gemini\\antigravity-ide\\scratch\\mesma-website\\dataconnect`\n"}}
[debug] [2026-06-10T12:35:30.219Z] E0610 15:35:30.218434   27136 watch.go:40] Failed to load config from "c:\\Users\\user\\.gemini\\antigravity-ide\\scratch\\mesma-website\\dataconnect": could not find dataconnect.yaml in `c:\Users\user\.gemini\antigravity-ide\scratch\mesma-website\dataconnect`
 {"metadata":{"emulator":{"name":"dataconnect"},"message":"E0610 15:35:30.218434   27136 watch.go:40] Failed to load config from \"c:\\\\Users\\\\user\\\\.gemini\\\\antigravity-ide\\\\scratch\\\\mesma-website\\\\dataconnect\": could not find dataconnect.yaml in `c:\\Users\\user\\.gemini\\antigravity-ide\\scratch\\mesma-website\\dataconnect`\n"}}
[debug] [2026-06-10T12:35:40.218Z] E0610 15:35:40.218766   27136 watch.go:116] watchAllDir unable to walk dir `c:\Users\user\.gemini\antigravity-ide\scratch\mesma-website\dataconnect`: GetFileAttributesEx c:\Users\user\.gemini\antigravity-ide\scratch\mesma-website\dataconnect: The system cannot find the file specified.
 {"metadata":{"emulator":{"name":"dataconnect"},"message":"E0610 15:35:40.218766   27136 watch.go:116] watchAllDir unable to walk dir `c:\\Users\\user\\.gemini\\antigravity-ide\\scratch\\mesma-website\\dataconnect`: GetFileAttributesEx c:\\Users\\user\\.gemini\\antigravity-ide\\scratch\\mesma-website\\dataconnect: The system cannot find the file specified.\n"}}
[debug] [2026-06-10T12:35:40.219Z] E0610 15:35:40.218766   27136 watch.go:40] Failed to load config from "c:\\Users\\user\\.gemini\\antigravity-ide\\scratch\\mesma-website\\dataconnect": could not find dataconnect.yaml in `c:\Users\user\.gemini\antigravity-ide\scratch\mesma-website\dataconnect`
 {"metadata":{"emulator":{"name":"dataconnect"},"message":"E0610 15:35:40.218766   27136 watch.go:40] Failed to load config from \"c:\\\\Users\\\\user\\\\.gemini\\\\antigravity-ide\\\\scratch\\\\mesma-website\\\\dataconnect\": could not find dataconnect.yaml in `c:\\Users\\user\\.gemini\\antigravity-ide\\scratch\\mesma-website\\dataconnect`\n"}}
[debug] [2026-06-10T12:35:50.217Z] E0610 15:35:50.217814   27136 watch.go:40] Failed to load config from "c:\\Users\\user\\.gemini\\antigravity-ide\\scratch\\mesma-website\\dataconnect": could not find dataconnect.yaml in `c:\Users\user\.gemini\antigravity-ide\scratch\mesma-website\dataconnect`
 {"metadata":{"emulator":{"name":"dataconnect"},"message":"E0610 15:35:50.217814   27136 watch.go:40] Failed to load config from \"c:\\\\Users\\\\user\\\\.gemini\\\\antigravity-ide\\\\scratch\\\\mesma-website\\\\dataconnect\": could not find dataconnect.yaml in `c:\\Users\\user\\.gemini\\antigravity-ide\\scratch\\mesma-website\\dataconnect`\n"}}
[debug] [2026-06-10T12:36:00.217Z] E0610 15:36:00.218039   27136 watch.go:40] Failed to load config from "c:\\Users\\user\\.gemini\\antigravity-ide\\scratch\\mesma-website\\dataconnect": could not find dataconnect.yaml in `c:\Users\user\.gemini\antigravity-ide\scratch\mesma-website\dataconnect`
 {"metadata":{"emulator":{"name":"dataconnect"},"message":"E0610 15:36:00.218039   27136 watch.go:40] Failed to load config from \"c:\\\\Users\\\\user\\\\.gemini\\\\antigravity-ide\\\\scratch\\\\mesma-website\\\\dataconnect\": could not find dataconnect.yaml in `c:\\Users\\user\\.gemini\\antigravity-ide\\scratch\\mesma-website\\dataconnect`\n"}}
[debug] [2026-06-10T12:36:10.218Z] E0610 15:36:10.218215   27136 watch.go:40] Failed to load config from "c:\\Users\\user\\.gemini\\antigravity-ide\\scratch\\mesma-website\\dataconnect": could not find dataconnect.yaml in `c:\Users\user\.gemini\antigravity-ide\scratch\mesma-website\dataconnect`
 {"metadata":{"emulator":{"name":"dataconnect"},"message":"E0610 15:36:10.218215   27136 watch.go:40] Failed to load config from \"c:\\\\Users\\\\user\\\\.gemini\\\\antigravity-ide\\\\scratch\\\\mesma-website\\\\dataconnect\": could not find dataconnect.yaml in `c:\\Users\\user\\.gemini\\antigravity-ide\\scratch\\mesma-website\\dataconnect`\n"}}
[debug] [2026-06-10T12:36:20.218Z] E0610 15:36:20.218040   27136 watch.go:40] Failed to load config from "c:\\Users\\user\\.gemini\\antigravity-ide\\scratch\\mesma-website\\dataconnect": could not find dataconnect.yaml in `c:\Users\user\.gemini\antigravity-ide\scratch\mesma-website\dataconnect`
 {"metadata":{"emulator":{"name":"dataconnect"},"message":"E0610 15:36:20.218040   27136 watch.go:40] Failed to load config from \"c:\\\\Users\\\\user\\\\.gemini\\\\antigravity-ide\\\\scratch\\\\mesma-website\\\\dataconnect\": could not find dataconnect.yaml in `c:\\Users\\user\\.gemini\\antigravity-ide\\scratch\\mesma-website\\dataconnect`\n"}}
[info] [Firebase Plugin] Stopping SQL Connect toolkit
[warn] !  SQL Connect Emulator has exited upon receiving signal: SIGINT 
[debug] [2026-06-10T12:46:25.629Z] [Firebase Plugin] Activating Firebase extension.
[debug] [2026-06-10T12:46:39.579Z] [Firebase Plugin] requireAuthWrapper
[debug] [2026-06-10T12:46:39.582Z] > command requires scopes: ["email","openid","https://www.googleapis.com/auth/cloudplatformprojects.readonly","https://www.googleapis.com/auth/firebase","https://www.googleapis.com/auth/cloud-platform"]
[debug] [2026-06-10T12:46:39.583Z] > authorizing via signed-in user (mohammadsaifuddin68@gmail.com)
[debug] [2026-06-10T12:46:39.586Z] Checked if tokens are valid: true, expires at: 1781098301089
[debug] [2026-06-10T12:46:39.587Z] Checked if tokens are valid: true, expires at: 1781098301089
[debug] [2026-06-10T12:46:39.587Z] [Firebase Plugin] User found:  mohammadsaifuddin68@gmail.com
[info] [Firebase Plugin] (Core:Project) New user detected, fetching projects
[debug] [2026-06-10T12:46:39.589Z] Checked if tokens are valid: true, expires at: 1781098301089
[debug] [2026-06-10T12:46:39.591Z] >>> [apiv2][query] GET https://firebase.googleapis.com/v1beta1/projects pageSize=1000
[debug] [2026-06-10T12:46:39.600Z] [Firebase Plugin] VSCode notification server listening on port 40001
[info] [Firebase Plugin] Starting SQL Connect toolkit (version 3.4.10) on port 50001
[debug] [2026-06-10T12:46:40.034Z] 'fdc build' failed with error: Unable to build your SQL Connect schema and connectors (exit code 1): E0610 15:46:40.027630   21520 cmd.go:43] Error loading data connect config: could not find dataconnect.yaml in `c:\Users\user\.gemini\antigravity-ide\scratch\mesma-website\dataconnect`
 {"metadata":{"emulator":{"name":"dataconnect"},"message":"'fdc build' failed with error: Unable to build your SQL Connect schema and connectors (exit code 1): E0610 15:46:40.027630   21520 cmd.go:43] Error loading data connect config: could not find dataconnect.yaml in `c:\\Users\\user\\.gemini\\antigravity-ide\\scratch\\mesma-website\\dataconnect`\n"}}
[debug] [2026-06-10T12:46:40.036Z] Ignoring unsupported arg: auto_download {"metadata":{"emulator":{"name":"dataconnect"},"message":"Ignoring unsupported arg: auto_download"}}
[debug] [2026-06-10T12:46:40.036Z] Ignoring unsupported arg: port {"metadata":{"emulator":{"name":"dataconnect"},"message":"Ignoring unsupported arg: port"}}
[debug] [2026-06-10T12:46:40.036Z] Starting SQL Connect Emulator with command {"binary":"C:\\Users\\user\\.cache\\firebase\\emulators\\dataconnect-emulator-3.4.10.exe","args":["--logtostderr","-v=2","dev","--listen=localhost:50001","--config_dir=c:\\Users\\user\\.gemini\\antigravity-ide\\scratch\\mesma-website\\dataconnect","--enable_output_schema_extensions=true","--enable_output_generated_sdk=true"],"optionalArgs":["listen","config_dir","enable_output_schema_extensions","enable_output_generated_sdk"],"joinArgs":true,"shell":false,"port":9399} {"metadata":{"emulator":{"name":"dataconnect"},"message":"Starting SQL Connect Emulator with command {\"binary\":\"C:\\\\Users\\\\user\\\\.cache\\\\firebase\\\\emulators\\\\dataconnect-emulator-3.4.10.exe\",\"args\":[\"--logtostderr\",\"-v=2\",\"dev\",\"--listen=localhost:50001\",\"--config_dir=c:\\\\Users\\\\user\\\\.gemini\\\\antigravity-ide\\\\scratch\\\\mesma-website\\\\dataconnect\",\"--enable_output_schema_extensions=true\",\"--enable_output_generated_sdk=true\"],\"optionalArgs\":[\"listen\",\"config_dir\",\"enable_output_schema_extensions\",\"enable_output_generated_sdk\"],\"joinArgs\":true,\"shell\":false,\"port\":9399}"}}
[info] i  dataconnect: SQL Connect Emulator logging to dataconnect-debug.log {"metadata":{"emulator":{"name":"dataconnect"},"message":"SQL Connect Emulator logging to \u001b[1mdataconnect-debug.log\u001b[22m"}}
[debug] [2026-06-10T12:46:40.069Z] E0610 15:46:40.068720    5400 dev.go:83] Failed to load initial config from "c:\\Users\\user\\.gemini\\antigravity-ide\\scratch\\mesma-website\\dataconnect": could not find dataconnect.yaml in `c:\Users\user\.gemini\antigravity-ide\scratch\mesma-website\dataconnect`
 {"metadata":{"emulator":{"name":"dataconnect"},"message":"E0610 15:46:40.068720    5400 dev.go:83] Failed to load initial config from \"c:\\\\Users\\\\user\\\\.gemini\\\\antigravity-ide\\\\scratch\\\\mesma-website\\\\dataconnect\": could not find dataconnect.yaml in `c:\\Users\\user\\.gemini\\antigravity-ide\\scratch\\mesma-website\\dataconnect`\n"}}
[debug] [2026-06-10T12:46:40.072Z] E0610 15:46:40.070461    5400 watch.go:116] watchAllDir unable to walk dir `c:\Users\user\.gemini\antigravity-ide\scratch\mesma-website\dataconnect`: GetFileAttributesEx c:\Users\user\.gemini\antigravity-ide\scratch\mesma-website\dataconnect: The system cannot find the file specified.
 {"metadata":{"emulator":{"name":"dataconnect"},"message":"E0610 15:46:40.070461    5400 watch.go:116] watchAllDir unable to walk dir `c:\\Users\\user\\.gemini\\antigravity-ide\\scratch\\mesma-website\\dataconnect`: GetFileAttributesEx c:\\Users\\user\\.gemini\\antigravity-ide\\scratch\\mesma-website\\dataconnect: The system cannot find the file specified.\n"}}
[debug] [2026-06-10T12:46:40.085Z] I0610 15:46:40.085067    5400 dev.go:104] Listening on address (HTTP + gRPC): 127.0.0.1:50001
 {"metadata":{"emulator":{"name":"dataconnect"},"message":"I0610 15:46:40.085067    5400 dev.go:104] Listening on address (HTTP + gRPC): 127.0.0.1:50001\n"}}
[error] [Firebase Plugin] error:  {}
[debug] [2026-06-10T12:46:40.587Z] <<< [apiv2][status] GET https://firebase.googleapis.com/v1beta1/projects 200
[debug] [2026-06-10T12:46:40.587Z] <<< [apiv2][body] GET https://firebase.googleapis.com/v1beta1/projects [omitted]
[debug] [2026-06-10T12:46:50.073Z] E0610 15:46:50.072414    5400 watch.go:40] Failed to load config from "c:\\Users\\user\\.gemini\\antigravity-ide\\scratch\\mesma-website\\dataconnect": could not find dataconnect.yaml in `c:\Users\user\.gemini\antigravity-ide\scratch\mesma-website\dataconnect`
 {"metadata":{"emulator":{"name":"dataconnect"},"message":"E0610 15:46:50.072414    5400 watch.go:40] Failed to load config from \"c:\\\\Users\\\\user\\\\.gemini\\\\antigravity-ide\\\\scratch\\\\mesma-website\\\\dataconnect\": could not find dataconnect.yaml in `c:\\Users\\user\\.gemini\\antigravity-ide\\scratch\\mesma-website\\dataconnect`\n"}}
[debug] [2026-06-10T12:47:00.072Z] E0610 15:47:00.072288    5400 watch.go:40] Failed to load config from "c:\\Users\\user\\.gemini\\antigravity-ide\\scratch\\mesma-website\\dataconnect": could not find dataconnect.yaml in `c:\Users\user\.gemini\antigravity-ide\scratch\mesma-website\dataconnect`
 {"metadata":{"emulator":{"name":"dataconnect"},"message":"E0610 15:47:00.072288    5400 watch.go:40] Failed to load config from \"c:\\\\Users\\\\user\\\\.gemini\\\\antigravity-ide\\\\scratch\\\\mesma-website\\\\dataconnect\": could not find dataconnect.yaml in `c:\\Users\\user\\.gemini\\antigravity-ide\\scratch\\mesma-website\\dataconnect`\n"}}
[debug] [2026-06-10T12:47:10.072Z] E0610 15:47:10.072748    5400 watch.go:40] Failed to load config from "c:\\Users\\user\\.gemini\\antigravity-ide\\scratch\\mesma-website\\dataconnect": could not find dataconnect.yaml in `c:\Users\user\.gemini\antigravity-ide\scratch\mesma-website\dataconnect`
 {"metadata":{"emulator":{"name":"dataconnect"},"message":"E0610 15:47:10.072748    5400 watch.go:40] Failed to load config from \"c:\\\\Users\\\\user\\\\.gemini\\\\antigravity-ide\\\\scratch\\\\mesma-website\\\\dataconnect\": could not find dataconnect.yaml in `c:\\Users\\user\\.gemini\\antigravity-ide\\scratch\\mesma-website\\dataconnect`\n"}}
[debug] [2026-06-10T12:47:20.072Z] E0610 15:47:20.072845    5400 watch.go:40] Failed to load config from "c:\\Users\\user\\.gemini\\antigravity-ide\\scratch\\mesma-website\\dataconnect": could not find dataconnect.yaml in `c:\Users\user\.gemini\antigravity-ide\scratch\mesma-website\dataconnect`
 {"metadata":{"emulator":{"name":"dataconnect"},"message":"E0610 15:47:20.072845    5400 watch.go:40] Failed to load config from \"c:\\\\Users\\\\user\\\\.gemini\\\\antigravity-ide\\\\scratch\\\\mesma-website\\\\dataconnect\": could not find dataconnect.yaml in `c:\\Users\\user\\.gemini\\antigravity-ide\\scratch\\mesma-website\\dataconnect`\n"}}
[debug] [2026-06-10T12:47:30.072Z] E0610 15:47:30.072343    5400 watch.go:40] Failed to load config from "c:\\Users\\user\\.gemini\\antigravity-ide\\scratch\\mesma-website\\dataconnect": could not find dataconnect.yaml in `c:\Users\user\.gemini\antigravity-ide\scratch\mesma-website\dataconnect`
 {"metadata":{"emulator":{"name":"dataconnect"},"message":"E0610 15:47:30.072343    5400 watch.go:40] Failed to load config from \"c:\\\\Users\\\\user\\\\.gemini\\\\antigravity-ide\\\\scratch\\\\mesma-website\\\\dataconnect\": could not find dataconnect.yaml in `c:\\Users\\user\\.gemini\\antigravity-ide\\scratch\\mesma-website\\dataconnect`\n"}}
[debug] [2026-06-10T12:47:40.071Z] E0610 15:47:40.072308    5400 watch.go:116] watchAllDir unable to walk dir `c:\Users\user\.gemini\antigravity-ide\scratch\mesma-website\dataconnect`: GetFileAttributesEx c:\Users\user\.gemini\antigravity-ide\scratch\mesma-website\dataconnect: The system cannot find the file specified.
E0610 15:47:40.072308    5400 watch.go:40] Failed to load config from "c:\\Users\\user\\.gemini\\antigravity-ide\\scratch\\mesma-website\\dataconnect": could not find dataconnect.yaml in `c:\Users\user\.gemini\antigravity-ide\scratch\mesma-website\dataconnect`
 {"metadata":{"emulator":{"name":"dataconnect"},"message":"E0610 15:47:40.072308    5400 watch.go:116] watchAllDir unable to walk dir `c:\\Users\\user\\.gemini\\antigravity-ide\\scratch\\mesma-website\\dataconnect`: GetFileAttributesEx c:\\Users\\user\\.gemini\\antigravity-ide\\scratch\\mesma-website\\dataconnect: The system cannot find the file specified.\nE0610 15:47:40.072308    5400 watch.go:40] Failed to load config from \"c:\\\\Users\\\\user\\\\.gemini\\\\antigravity-ide\\\\scratch\\\\mesma-website\\\\dataconnect\": could not find dataconnect.yaml in `c:\\Users\\user\\.gemini\\antigravity-ide\\scratch\\mesma-website\\dataconnect`\n"}}
[debug] [2026-06-10T12:47:50.072Z] E0610 15:47:50.072690    5400 watch.go:40] Failed to load config from "c:\\Users\\user\\.gemini\\antigravity-ide\\scratch\\mesma-website\\dataconnect": could not find dataconnect.yaml in `c:\Users\user\.gemini\antigravity-ide\scratch\mesma-website\dataconnect`
 {"metadata":{"emulator":{"name":"dataconnect"},"message":"E0610 15:47:50.072690    5400 watch.go:40] Failed to load config from \"c:\\\\Users\\\\user\\\\.gemini\\\\antigravity-ide\\\\scratch\\\\mesma-website\\\\dataconnect\": could not find dataconnect.yaml in `c:\\Users\\user\\.gemini\\antigravity-ide\\scratch\\mesma-website\\dataconnect`\n"}}
[debug] [2026-06-10T12:48:00.073Z] E0610 15:48:00.072745    5400 watch.go:40] Failed to load config from "c:\\Users\\user\\.gemini\\antigravity-ide\\scratch\\mesma-website\\dataconnect": could not find dataconnect.yaml in `c:\Users\user\.gemini\antigravity-ide\scratch\mesma-website\dataconnect`
 {"metadata":{"emulator":{"name":"dataconnect"},"message":"E0610 15:48:00.072745    5400 watch.go:40] Failed to load config from \"c:\\\\Users\\\\user\\\\.gemini\\\\antigravity-ide\\\\scratch\\\\mesma-website\\\\dataconnect\": could not find dataconnect.yaml in `c:\\Users\\user\\.gemini\\antigravity-ide\\scratch\\mesma-website\\dataconnect`\n"}}
[debug] [2026-06-10T12:48:10.072Z] E0610 15:48:10.072640    5400 watch.go:40] Failed to load config from "c:\\Users\\user\\.gemini\\antigravity-ide\\scratch\\mesma-website\\dataconnect": could not find dataconnect.yaml in `c:\Users\user\.gemini\antigravity-ide\scratch\mesma-website\dataconnect`
 {"metadata":{"emulator":{"name":"dataconnect"},"message":"E0610 15:48:10.072640    5400 watch.go:40] Failed to load config from \"c:\\\\Users\\\\user\\\\.gemini\\\\antigravity-ide\\\\scratch\\\\mesma-website\\\\dataconnect\": could not find dataconnect.yaml in `c:\\Users\\user\\.gemini\\antigravity-ide\\scratch\\mesma-website\\dataconnect`\n"}}
[debug] [2026-06-10T12:48:20.072Z] E0610 15:48:20.072592    5400 watch.go:40] Failed to load config from "c:\\Users\\user\\.gemini\\antigravity-ide\\scratch\\mesma-website\\dataconnect": could not find dataconnect.yaml in `c:\Users\user\.gemini\antigravity-ide\scratch\mesma-website\dataconnect`
 {"metadata":{"emulator":{"name":"dataconnect"},"message":"E0610 15:48:20.072592    5400 watch.go:40] Failed to load config from \"c:\\\\Users\\\\user\\\\.gemini\\\\antigravity-ide\\\\scratch\\\\mesma-website\\\\dataconnect\": could not find dataconnect.yaml in `c:\\Users\\user\\.gemini\\antigravity-ide\\scratch\\mesma-website\\dataconnect`\n"}}
[debug] [2026-06-10T12:48:30.072Z] E0610 15:48:30.072511    5400 watch.go:40] Failed to load config from "c:\\Users\\user\\.gemini\\antigravity-ide\\scratch\\mesma-website\\dataconnect": could not find dataconnect.yaml in `c:\Users\user\.gemini\antigravity-ide\scratch\mesma-website\dataconnect`
 {"metadata":{"emulator":{"name":"dataconnect"},"message":"E0610 15:48:30.072511    5400 watch.go:40] Failed to load config from \"c:\\\\Users\\\\user\\\\.gemini\\\\antigravity-ide\\\\scratch\\\\mesma-website\\\\dataconnect\": could not find dataconnect.yaml in `c:\\Users\\user\\.gemini\\antigravity-ide\\scratch\\mesma-website\\dataconnect`\n"}}
[debug] [2026-06-10T12:48:40.072Z] E0610 15:48:40.072341    5400 watch.go:116] watchAllDir unable to walk dir `c:\Users\user\.gemini\antigravity-ide\scratch\mesma-website\dataconnect`: GetFileAttributesEx c:\Users\user\.gemini\antigravity-ide\scratch\mesma-website\dataconnect: The system cannot find the file specified.
 {"metadata":{"emulator":{"name":"dataconnect"},"message":"E0610 15:48:40.072341    5400 watch.go:116] watchAllDir unable to walk dir `c:\\Users\\user\\.gemini\\antigravity-ide\\scratch\\mesma-website\\dataconnect`: GetFileAttributesEx c:\\Users\\user\\.gemini\\antigravity-ide\\scratch\\mesma-website\\dataconnect: The system cannot find the file specified.\n"}}
[debug] [2026-06-10T12:48:40.075Z] E0610 15:48:40.075617    5400 watch.go:40] Failed to load config from "c:\\Users\\user\\.gemini\\antigravity-ide\\scratch\\mesma-website\\dataconnect": could not find dataconnect.yaml in `c:\Users\user\.gemini\antigravity-ide\scratch\mesma-website\dataconnect`
 {"metadata":{"emulator":{"name":"dataconnect"},"message":"E0610 15:48:40.075617    5400 watch.go:40] Failed to load config from \"c:\\\\Users\\\\user\\\\.gemini\\\\antigravity-ide\\\\scratch\\\\mesma-website\\\\dataconnect\": could not find dataconnect.yaml in `c:\\Users\\user\\.gemini\\antigravity-ide\\scratch\\mesma-website\\dataconnect`\n"}}
[debug] [2026-06-10T12:48:50.073Z] E0610 15:48:50.072596    5400 watch.go:40] Failed to load config from "c:\\Users\\user\\.gemini\\antigravity-ide\\scratch\\mesma-website\\dataconnect": could not find dataconnect.yaml in `c:\Users\user\.gemini\antigravity-ide\scratch\mesma-website\dataconnect`
 {"metadata":{"emulator":{"name":"dataconnect"},"message":"E0610 15:48:50.072596    5400 watch.go:40] Failed to load config from \"c:\\\\Users\\\\user\\\\.gemini\\\\antigravity-ide\\\\scratch\\\\mesma-website\\\\dataconnect\": could not find dataconnect.yaml in `c:\\Users\\user\\.gemini\\antigravity-ide\\scratch\\mesma-website\\dataconnect`\n"}}
[debug] [2026-06-10T12:49:00.073Z] E0610 15:49:00.072741    5400 watch.go:40] Failed to load config from "c:\\Users\\user\\.gemini\\antigravity-ide\\scratch\\mesma-website\\dataconnect": could not find dataconnect.yaml in `c:\Users\user\.gemini\antigravity-ide\scratch\mesma-website\dataconnect`
 {"metadata":{"emulator":{"name":"dataconnect"},"message":"E0610 15:49:00.072741    5400 watch.go:40] Failed to load config from \"c:\\\\Users\\\\user\\\\.gemini\\\\antigravity-ide\\\\scratch\\\\mesma-website\\\\dataconnect\": could not find dataconnect.yaml in `c:\\Users\\user\\.gemini\\antigravity-ide\\scratch\\mesma-website\\dataconnect`\n"}}
[debug] [2026-06-10T12:49:10.073Z] E0610 15:49:10.072575    5400 watch.go:40] Failed to load config from "c:\\Users\\user\\.gemini\\antigravity-ide\\scratch\\mesma-website\\dataconnect": could not find dataconnect.yaml in `c:\Users\user\.gemini\antigravity-ide\scratch\mesma-website\dataconnect`
 {"metadata":{"emulator":{"name":"dataconnect"},"message":"E0610 15:49:10.072575    5400 watch.go:40] Failed to load config from \"c:\\\\Users\\\\user\\\\.gemini\\\\antigravity-ide\\\\scratch\\\\mesma-website\\\\dataconnect\": could not find dataconnect.yaml in `c:\\Users\\user\\.gemini\\antigravity-ide\\scratch\\mesma-website\\dataconnect`\n"}}
[debug] [2026-06-10T12:49:20.073Z] E0610 15:49:20.072396    5400 watch.go:40] Failed to load config from "c:\\Users\\user\\.gemini\\antigravity-ide\\scratch\\mesma-website\\dataconnect": could not find dataconnect.yaml in `c:\Users\user\.gemini\antigravity-ide\scratch\mesma-website\dataconnect`
 {"metadata":{"emulator":{"name":"dataconnect"},"message":"E0610 15:49:20.072396    5400 watch.go:40] Failed to load config from \"c:\\\\Users\\\\user\\\\.gemini\\\\antigravity-ide\\\\scratch\\\\mesma-website\\\\dataconnect\": could not find dataconnect.yaml in `c:\\Users\\user\\.gemini\\antigravity-ide\\scratch\\mesma-website\\dataconnect`\n"}}
[debug] [2026-06-10T12:49:30.073Z] E0610 15:49:30.072577    5400 watch.go:40] Failed to load config from "c:\\Users\\user\\.gemini\\antigravity-ide\\scratch\\mesma-website\\dataconnect": could not find dataconnect.yaml in `c:\Users\user\.gemini\antigravity-ide\scratch\mesma-website\dataconnect`
 {"metadata":{"emulator":{"name":"dataconnect"},"message":"E0610 15:49:30.072577    5400 watch.go:40] Failed to load config from \"c:\\\\Users\\\\user\\\\.gemini\\\\antigravity-ide\\\\scratch\\\\mesma-website\\\\dataconnect\": could not find dataconnect.yaml in `c:\\Users\\user\\.gemini\\antigravity-ide\\scratch\\mesma-website\\dataconnect`\n"}}
[debug] [2026-06-10T12:49:40.073Z] E0610 15:49:40.072887    5400 watch.go:40] Failed to load config from "c:\\Users\\user\\.gemini\\antigravity-ide\\scratch\\mesma-website\\dataconnect": could not find dataconnect.yaml in `c:\Users\user\.gemini\antigravity-ide\scratch\mesma-website\dataconnect`
 {"metadata":{"emulator":{"name":"dataconnect"},"message":"E0610 15:49:40.072887    5400 watch.go:40] Failed to load config from \"c:\\\\Users\\\\user\\\\.gemini\\\\antigravity-ide\\\\scratch\\\\mesma-website\\\\dataconnect\": could not find dataconnect.yaml in `c:\\Users\\user\\.gemini\\antigravity-ide\\scratch\\mesma-website\\dataconnect`\n"}}
[debug] [2026-06-10T12:49:40.104Z] E0610 15:49:40.072499    5400 watch.go:116] watchAllDir unable to walk dir `c:\Users\user\.gemini\antigravity-ide\scratch\mesma-website\dataconnect`: GetFileAttributesEx c:\Users\user\.gemini\antigravity-ide\scratch\mesma-website\dataconnect: The system cannot find the file specified.
 {"metadata":{"emulator":{"name":"dataconnect"},"message":"E0610 15:49:40.072499    5400 watch.go:116] watchAllDir unable to walk dir `c:\\Users\\user\\.gemini\\antigravity-ide\\scratch\\mesma-website\\dataconnect`: GetFileAttributesEx c:\\Users\\user\\.gemini\\antigravity-ide\\scratch\\mesma-website\\dataconnect: The system cannot find the file specified.\n"}}
[debug] [2026-06-10T12:49:50.073Z] E0610 15:49:50.072771    5400 watch.go:40] Failed to load config from "c:\\Users\\user\\.gemini\\antigravity-ide\\scratch\\mesma-website\\dataconnect": could not find dataconnect.yaml in `c:\Users\user\.gemini\antigravity-ide\scratch\mesma-website\dataconnect`
 {"metadata":{"emulator":{"name":"dataconnect"},"message":"E0610 15:49:50.072771    5400 watch.go:40] Failed to load config from \"c:\\\\Users\\\\user\\\\.gemini\\\\antigravity-ide\\\\scratch\\\\mesma-website\\\\dataconnect\": could not find dataconnect.yaml in `c:\\Users\\user\\.gemini\\antigravity-ide\\scratch\\mesma-website\\dataconnect`\n"}}
[debug] [2026-06-10T12:50:00.074Z] E0610 15:50:00.073484    5400 watch.go:40] Failed to load config from "c:\\Users\\user\\.gemini\\antigravity-ide\\scratch\\mesma-website\\dataconnect": could not find dataconnect.yaml in `c:\Users\user\.gemini\antigravity-ide\scratch\mesma-website\dataconnect`
 {"metadata":{"emulator":{"name":"dataconnect"},"message":"E0610 15:50:00.073484    5400 watch.go:40] Failed to load config from \"c:\\\\Users\\\\user\\\\.gemini\\\\antigravity-ide\\\\scratch\\\\mesma-website\\\\dataconnect\": could not find dataconnect.yaml in `c:\\Users\\user\\.gemini\\antigravity-ide\\scratch\\mesma-website\\dataconnect`\n"}}
[debug] [2026-06-10T12:50:10.073Z] E0610 15:50:10.072914    5400 watch.go:40] Failed to load config from "c:\\Users\\user\\.gemini\\antigravity-ide\\scratch\\mesma-website\\dataconnect": could not find dataconnect.yaml in `c:\Users\user\.gemini\antigravity-ide\scratch\mesma-website\dataconnect`
 {"metadata":{"emulator":{"name":"dataconnect"},"message":"E0610 15:50:10.072914    5400 watch.go:40] Failed to load config from \"c:\\\\Users\\\\user\\\\.gemini\\\\antigravity-ide\\\\scratch\\\\mesma-website\\\\dataconnect\": could not find dataconnect.yaml in `c:\\Users\\user\\.gemini\\antigravity-ide\\scratch\\mesma-website\\dataconnect`\n"}}
[debug] [2026-06-10T12:50:20.073Z] E0610 15:50:20.072835    5400 watch.go:40] Failed to load config from "c:\\Users\\user\\.gemini\\antigravity-ide\\scratch\\mesma-website\\dataconnect": could not find dataconnect.yaml in `c:\Users\user\.gemini\antigravity-ide\scratch\mesma-website\dataconnect`
 {"metadata":{"emulator":{"name":"dataconnect"},"message":"E0610 15:50:20.072835    5400 watch.go:40] Failed to load config from \"c:\\\\Users\\\\user\\\\.gemini\\\\antigravity-ide\\\\scratch\\\\mesma-website\\\\dataconnect\": could not find dataconnect.yaml in `c:\\Users\\user\\.gemini\\antigravity-ide\\scratch\\mesma-website\\dataconnect`\n"}}
[debug] [2026-06-10T12:50:30.074Z] E0610 15:50:30.073492    5400 watch.go:40] Failed to load config from "c:\\Users\\user\\.gemini\\antigravity-ide\\scratch\\mesma-website\\dataconnect": could not find dataconnect.yaml in `c:\Users\user\.gemini\antigravity-ide\scratch\mesma-website\dataconnect`
 {"metadata":{"emulator":{"name":"dataconnect"},"message":"E0610 15:50:30.073492    5400 watch.go:40] Failed to load config from \"c:\\\\Users\\\\user\\\\.gemini\\\\antigravity-ide\\\\scratch\\\\mesma-website\\\\dataconnect\": could not find dataconnect.yaml in `c:\\Users\\user\\.gemini\\antigravity-ide\\scratch\\mesma-website\\dataconnect`\n"}}
[debug] [2026-06-10T12:50:40.073Z] E0610 15:50:40.072733    5400 watch.go:116] watchAllDir unable to walk dir `c:\Users\user\.gemini\antigravity-ide\scratch\mesma-website\dataconnect`: GetFileAttributesEx c:\Users\user\.gemini\antigravity-ide\scratch\mesma-website\dataconnect: The system cannot find the file specified.
 {"metadata":{"emulator":{"name":"dataconnect"},"message":"E0610 15:50:40.072733    5400 watch.go:116] watchAllDir unable to walk dir `c:\\Users\\user\\.gemini\\antigravity-ide\\scratch\\mesma-website\\dataconnect`: GetFileAttributesEx c:\\Users\\user\\.gemini\\antigravity-ide\\scratch\\mesma-website\\dataconnect: The system cannot find the file specified.\n"}}
[debug] [2026-06-10T12:50:40.074Z] E0610 15:50:40.072733    5400 watch.go:40] Failed to load config from "c:\\Users\\user\\.gemini\\antigravity-ide\\scratch\\mesma-website\\dataconnect": could not find dataconnect.yaml in `c:\Users\user\.gemini\antigravity-ide\scratch\mesma-website\dataconnect`
 {"metadata":{"emulator":{"name":"dataconnect"},"message":"E0610 15:50:40.072733    5400 watch.go:40] Failed to load config from \"c:\\\\Users\\\\user\\\\.gemini\\\\antigravity-ide\\\\scratch\\\\mesma-website\\\\dataconnect\": could not find dataconnect.yaml in `c:\\Users\\user\\.gemini\\antigravity-ide\\scratch\\mesma-website\\dataconnect`\n"}}
[debug] [2026-06-10T12:50:50.073Z] E0610 15:50:50.073607    5400 watch.go:40] Failed to load config from "c:\\Users\\user\\.gemini\\antigravity-ide\\scratch\\mesma-website\\dataconnect": could not find dataconnect.yaml in `c:\Users\user\.gemini\antigravity-ide\scratch\mesma-website\dataconnect`
 {"metadata":{"emulator":{"name":"dataconnect"},"message":"E0610 15:50:50.073607    5400 watch.go:40] Failed to load config from \"c:\\\\Users\\\\user\\\\.gemini\\\\antigravity-ide\\\\scratch\\\\mesma-website\\\\dataconnect\": could not find dataconnect.yaml in `c:\\Users\\user\\.gemini\\antigravity-ide\\scratch\\mesma-website\\dataconnect`\n"}}
[debug] [2026-06-10T12:51:00.073Z] E0610 15:51:00.073117    5400 watch.go:40] Failed to load config from "c:\\Users\\user\\.gemini\\antigravity-ide\\scratch\\mesma-website\\dataconnect": could not find dataconnect.yaml in `c:\Users\user\.gemini\antigravity-ide\scratch\mesma-website\dataconnect`
 {"metadata":{"emulator":{"name":"dataconnect"},"message":"E0610 15:51:00.073117    5400 watch.go:40] Failed to load config from \"c:\\\\Users\\\\user\\\\.gemini\\\\antigravity-ide\\\\scratch\\\\mesma-website\\\\dataconnect\": could not find dataconnect.yaml in `c:\\Users\\user\\.gemini\\antigravity-ide\\scratch\\mesma-website\\dataconnect`\n"}}
[debug] [2026-06-10T12:51:10.073Z] E0610 15:51:10.072990    5400 watch.go:40] Failed to load config from "c:\\Users\\user\\.gemini\\antigravity-ide\\scratch\\mesma-website\\dataconnect": could not find dataconnect.yaml in `c:\Users\user\.gemini\antigravity-ide\scratch\mesma-website\dataconnect`
 {"metadata":{"emulator":{"name":"dataconnect"},"message":"E0610 15:51:10.072990    5400 watch.go:40] Failed to load config from \"c:\\\\Users\\\\user\\\\.gemini\\\\antigravity-ide\\\\scratch\\\\mesma-website\\\\dataconnect\": could not find dataconnect.yaml in `c:\\Users\\user\\.gemini\\antigravity-ide\\scratch\\mesma-website\\dataconnect`\n"}}
[debug] [2026-06-10T12:51:20.073Z] E0610 15:51:20.072781    5400 watch.go:40] Failed to load config from "c:\\Users\\user\\.gemini\\antigravity-ide\\scratch\\mesma-website\\dataconnect": could not find dataconnect.yaml in `c:\Users\user\.gemini\antigravity-ide\scratch\mesma-website\dataconnect`
 {"metadata":{"emulator":{"name":"dataconnect"},"message":"E0610 15:51:20.072781    5400 watch.go:40] Failed to load config from \"c:\\\\Users\\\\user\\\\.gemini\\\\antigravity-ide\\\\scratch\\\\mesma-website\\\\dataconnect\": could not find dataconnect.yaml in `c:\\Users\\user\\.gemini\\antigravity-ide\\scratch\\mesma-website\\dataconnect`\n"}}
[debug] [2026-06-10T12:51:30.073Z] E0610 15:51:30.073661    5400 watch.go:40] Failed to load config from "c:\\Users\\user\\.gemini\\antigravity-ide\\scratch\\mesma-website\\dataconnect": could not find dataconnect.yaml in `c:\Users\user\.gemini\antigravity-ide\scratch\mesma-website\dataconnect`
 {"metadata":{"emulator":{"name":"dataconnect"},"message":"E0610 15:51:30.073661    5400 watch.go:40] Failed to load config from \"c:\\\\Users\\\\user\\\\.gemini\\\\antigravity-ide\\\\scratch\\\\mesma-website\\\\dataconnect\": could not find dataconnect.yaml in `c:\\Users\\user\\.gemini\\antigravity-ide\\scratch\\mesma-website\\dataconnect`\n"}}
[debug] [2026-06-10T12:51:40.072Z] E0610 15:51:40.072289    5400 watch.go:116] watchAllDir unable to walk dir `c:\Users\user\.gemini\antigravity-ide\scratch\mesma-website\dataconnect`: GetFileAttributesEx c:\Users\user\.gemini\antigravity-ide\scratch\mesma-website\dataconnect: The system cannot find the file specified.
 {"metadata":{"emulator":{"name":"dataconnect"},"message":"E0610 15:51:40.072289    5400 watch.go:116] watchAllDir unable to walk dir `c:\\Users\\user\\.gemini\\antigravity-ide\\scratch\\mesma-website\\dataconnect`: GetFileAttributesEx c:\\Users\\user\\.gemini\\antigravity-ide\\scratch\\mesma-website\\dataconnect: The system cannot find the file specified.\n"}}
[debug] [2026-06-10T12:51:40.073Z] E0610 15:51:40.073029    5400 watch.go:40] Failed to load config from "c:\\Users\\user\\.gemini\\antigravity-ide\\scratch\\mesma-website\\dataconnect": could not find dataconnect.yaml in `c:\Users\user\.gemini\antigravity-ide\scratch\mesma-website\dataconnect`
 {"metadata":{"emulator":{"name":"dataconnect"},"message":"E0610 15:51:40.073029    5400 watch.go:40] Failed to load config from \"c:\\\\Users\\\\user\\\\.gemini\\\\antigravity-ide\\\\scratch\\\\mesma-website\\\\dataconnect\": could not find dataconnect.yaml in `c:\\Users\\user\\.gemini\\antigravity-ide\\scratch\\mesma-website\\dataconnect`\n"}}
[debug] [2026-06-10T12:51:50.073Z] E0610 15:51:50.073271    5400 watch.go:40] Failed to load config from "c:\\Users\\user\\.gemini\\antigravity-ide\\scratch\\mesma-website\\dataconnect": could not find dataconnect.yaml in `c:\Users\user\.gemini\antigravity-ide\scratch\mesma-website\dataconnect`
 {"metadata":{"emulator":{"name":"dataconnect"},"message":"E0610 15:51:50.073271    5400 watch.go:40] Failed to load config from \"c:\\\\Users\\\\user\\\\.gemini\\\\antigravity-ide\\\\scratch\\\\mesma-website\\\\dataconnect\": could not find dataconnect.yaml in `c:\\Users\\user\\.gemini\\antigravity-ide\\scratch\\mesma-website\\dataconnect`\n"}}
[debug] [2026-06-10T12:52:00.072Z] E0610 15:52:00.072686    5400 watch.go:40] Failed to load config from "c:\\Users\\user\\.gemini\\antigravity-ide\\scratch\\mesma-website\\dataconnect": could not find dataconnect.yaml in `c:\Users\user\.gemini\antigravity-ide\scratch\mesma-website\dataconnect`
 {"metadata":{"emulator":{"name":"dataconnect"},"message":"E0610 15:52:00.072686    5400 watch.go:40] Failed to load config from \"c:\\\\Users\\\\user\\\\.gemini\\\\antigravity-ide\\\\scratch\\\\mesma-website\\\\dataconnect\": could not find dataconnect.yaml in `c:\\Users\\user\\.gemini\\antigravity-ide\\scratch\\mesma-website\\dataconnect`\n"}}
[debug] [2026-06-10T12:52:10.072Z] E0610 15:52:10.072658    5400 watch.go:40] Failed to load config from "c:\\Users\\user\\.gemini\\antigravity-ide\\scratch\\mesma-website\\dataconnect": could not find dataconnect.yaml in `c:\Users\user\.gemini\antigravity-ide\scratch\mesma-website\dataconnect`
 {"metadata":{"emulator":{"name":"dataconnect"},"message":"E0610 15:52:10.072658    5400 watch.go:40] Failed to load config from \"c:\\\\Users\\\\user\\\\.gemini\\\\antigravity-ide\\\\scratch\\\\mesma-website\\\\dataconnect\": could not find dataconnect.yaml in `c:\\Users\\user\\.gemini\\antigravity-ide\\scratch\\mesma-website\\dataconnect`\n"}}
[debug] [2026-06-10T12:52:20.072Z] E0610 15:52:20.072491    5400 watch.go:40] Failed to load config from "c:\\Users\\user\\.gemini\\antigravity-ide\\scratch\\mesma-website\\dataconnect": could not find dataconnect.yaml in `c:\Users\user\.gemini\antigravity-ide\scratch\mesma-website\dataconnect`
 {"metadata":{"emulator":{"name":"dataconnect"},"message":"E0610 15:52:20.072491    5400 watch.go:40] Failed to load config from \"c:\\\\Users\\\\user\\\\.gemini\\\\antigravity-ide\\\\scratch\\\\mesma-website\\\\dataconnect\": could not find dataconnect.yaml in `c:\\Users\\user\\.gemini\\antigravity-ide\\scratch\\mesma-website\\dataconnect`\n"}}
[debug] [2026-06-10T12:52:30.072Z] E0610 15:52:30.072489    5400 watch.go:40] Failed to load config from "c:\\Users\\user\\.gemini\\antigravity-ide\\scratch\\mesma-website\\dataconnect": could not find dataconnect.yaml in `c:\Users\user\.gemini\antigravity-ide\scratch\mesma-website\dataconnect`
 {"metadata":{"emulator":{"name":"dataconnect"},"message":"E0610 15:52:30.072489    5400 watch.go:40] Failed to load config from \"c:\\\\Users\\\\user\\\\.gemini\\\\antigravity-ide\\\\scratch\\\\mesma-website\\\\dataconnect\": could not find dataconnect.yaml in `c:\\Users\\user\\.gemini\\antigravity-ide\\scratch\\mesma-website\\dataconnect`\n"}}
[debug] [2026-06-10T12:52:40.072Z] E0610 15:52:40.072726    5400 watch.go:116] watchAllDir unable to walk dir `c:\Users\user\.gemini\antigravity-ide\scratch\mesma-website\dataconnect`: GetFileAttributesEx c:\Users\user\.gemini\antigravity-ide\scratch\mesma-website\dataconnect: The system cannot find the file specified.
 {"metadata":{"emulator":{"name":"dataconnect"},"message":"E0610 15:52:40.072726    5400 watch.go:116] watchAllDir unable to walk dir `c:\\Users\\user\\.gemini\\antigravity-ide\\scratch\\mesma-website\\dataconnect`: GetFileAttributesEx c:\\Users\\user\\.gemini\\antigravity-ide\\scratch\\mesma-website\\dataconnect: The system cannot find the file specified.\n"}}
[debug] [2026-06-10T12:52:40.073Z] E0610 15:52:40.072726    5400 watch.go:40] Failed to load config from "c:\\Users\\user\\.gemini\\antigravity-ide\\scratch\\mesma-website\\dataconnect": could not find dataconnect.yaml in `c:\Users\user\.gemini\antigravity-ide\scratch\mesma-website\dataconnect`
 {"metadata":{"emulator":{"name":"dataconnect"},"message":"E0610 15:52:40.072726    5400 watch.go:40] Failed to load config from \"c:\\\\Users\\\\user\\\\.gemini\\\\antigravity-ide\\\\scratch\\\\mesma-website\\\\dataconnect\": could not find dataconnect.yaml in `c:\\Users\\user\\.gemini\\antigravity-ide\\scratch\\mesma-website\\dataconnect`\n"}}
[debug] [2026-06-10T12:52:50.072Z] E0610 15:52:50.072477    5400 watch.go:40] Failed to load config from "c:\\Users\\user\\.gemini\\antigravity-ide\\scratch\\mesma-website\\dataconnect": could not find dataconnect.yaml in `c:\Users\user\.gemini\antigravity-ide\scratch\mesma-website\dataconnect`
 {"metadata":{"emulator":{"name":"dataconnect"},"message":"E0610 15:52:50.072477    5400 watch.go:40] Failed to load config from \"c:\\\\Users\\\\user\\\\.gemini\\\\antigravity-ide\\\\scratch\\\\mesma-website\\\\dataconnect\": could not find dataconnect.yaml in `c:\\Users\\user\\.gemini\\antigravity-ide\\scratch\\mesma-website\\dataconnect`\n"}}
[debug] [2026-06-10T12:53:00.072Z] E0610 15:53:00.073136    5400 watch.go:40] Failed to load config from "c:\\Users\\user\\.gemini\\antigravity-ide\\scratch\\mesma-website\\dataconnect": could not find dataconnect.yaml in `c:\Users\user\.gemini\antigravity-ide\scratch\mesma-website\dataconnect`
 {"metadata":{"emulator":{"name":"dataconnect"},"message":"E0610 15:53:00.073136    5400 watch.go:40] Failed to load config from \"c:\\\\Users\\\\user\\\\.gemini\\\\antigravity-ide\\\\scratch\\\\mesma-website\\\\dataconnect\": could not find dataconnect.yaml in `c:\\Users\\user\\.gemini\\antigravity-ide\\scratch\\mesma-website\\dataconnect`\n"}}
[debug] [2026-06-10T12:53:10.072Z] E0610 15:53:10.072947    5400 watch.go:40] Failed to load config from "c:\\Users\\user\\.gemini\\antigravity-ide\\scratch\\mesma-website\\dataconnect": could not find dataconnect.yaml in `c:\Users\user\.gemini\antigravity-ide\scratch\mesma-website\dataconnect`
 {"metadata":{"emulator":{"name":"dataconnect"},"message":"E0610 15:53:10.072947    5400 watch.go:40] Failed to load config from \"c:\\\\Users\\\\user\\\\.gemini\\\\antigravity-ide\\\\scratch\\\\mesma-website\\\\dataconnect\": could not find dataconnect.yaml in `c:\\Users\\user\\.gemini\\antigravity-ide\\scratch\\mesma-website\\dataconnect`\n"}}
[debug] [2026-06-10T12:53:20.072Z] E0610 15:53:20.072702    5400 watch.go:40] Failed to load config from "c:\\Users\\user\\.gemini\\antigravity-ide\\scratch\\mesma-website\\dataconnect": could not find dataconnect.yaml in `c:\Users\user\.gemini\antigravity-ide\scratch\mesma-website\dataconnect`
 {"metadata":{"emulator":{"name":"dataconnect"},"message":"E0610 15:53:20.072702    5400 watch.go:40] Failed to load config from \"c:\\\\Users\\\\user\\\\.gemini\\\\antigravity-ide\\\\scratch\\\\mesma-website\\\\dataconnect\": could not find dataconnect.yaml in `c:\\Users\\user\\.gemini\\antigravity-ide\\scratch\\mesma-website\\dataconnect`\n"}}
[debug] [2026-06-10T12:53:30.072Z] E0610 15:53:30.073163    5400 watch.go:40] Failed to load config from "c:\\Users\\user\\.gemini\\antigravity-ide\\scratch\\mesma-website\\dataconnect": could not find dataconnect.yaml in `c:\Users\user\.gemini\antigravity-ide\scratch\mesma-website\dataconnect`
 {"metadata":{"emulator":{"name":"dataconnect"},"message":"E0610 15:53:30.073163    5400 watch.go:40] Failed to load config from \"c:\\\\Users\\\\user\\\\.gemini\\\\antigravity-ide\\\\scratch\\\\mesma-website\\\\dataconnect\": could not find dataconnect.yaml in `c:\\Users\\user\\.gemini\\antigravity-ide\\scratch\\mesma-website\\dataconnect`\n"}}
[debug] [2026-06-10T12:53:40.072Z] E0610 15:53:40.072567    5400 watch.go:116] watchAllDir unable to walk dir `c:\Users\user\.gemini\antigravity-ide\scratch\mesma-website\dataconnect`: GetFileAttributesEx c:\Users\user\.gemini\antigravity-ide\scratch\mesma-website\dataconnect: The system cannot find the file specified.
 {"metadata":{"emulator":{"name":"dataconnect"},"message":"E0610 15:53:40.072567    5400 watch.go:116] watchAllDir unable to walk dir `c:\\Users\\user\\.gemini\\antigravity-ide\\scratch\\mesma-website\\dataconnect`: GetFileAttributesEx c:\\Users\\user\\.gemini\\antigravity-ide\\scratch\\mesma-website\\dataconnect: The system cannot find the file specified.\n"}}
[debug] [2026-06-10T12:53:40.073Z] E0610 15:53:40.072567    5400 watch.go:40] Failed to load config from "c:\\Users\\user\\.gemini\\antigravity-ide\\scratch\\mesma-website\\dataconnect": could not find dataconnect.yaml in `c:\Users\user\.gemini\antigravity-ide\scratch\mesma-website\dataconnect`
 {"metadata":{"emulator":{"name":"dataconnect"},"message":"E0610 15:53:40.072567    5400 watch.go:40] Failed to load config from \"c:\\\\Users\\\\user\\\\.gemini\\\\antigravity-ide\\\\scratch\\\\mesma-website\\\\dataconnect\": could not find dataconnect.yaml in `c:\\Users\\user\\.gemini\\antigravity-ide\\scratch\\mesma-website\\dataconnect`\n"}}
[debug] [2026-06-10T12:53:50.072Z] E0610 15:53:50.072477    5400 watch.go:40] Failed to load config from "c:\\Users\\user\\.gemini\\antigravity-ide\\scratch\\mesma-website\\dataconnect": could not find dataconnect.yaml in `c:\Users\user\.gemini\antigravity-ide\scratch\mesma-website\dataconnect`
 {"metadata":{"emulator":{"name":"dataconnect"},"message":"E0610 15:53:50.072477    5400 watch.go:40] Failed to load config from \"c:\\\\Users\\\\user\\\\.gemini\\\\antigravity-ide\\\\scratch\\\\mesma-website\\\\dataconnect\": could not find dataconnect.yaml in `c:\\Users\\user\\.gemini\\antigravity-ide\\scratch\\mesma-website\\dataconnect`\n"}}
[debug] [2026-06-10T12:54:00.072Z] E0610 15:54:00.072516    5400 watch.go:40] Failed to load config from "c:\\Users\\user\\.gemini\\antigravity-ide\\scratch\\mesma-website\\dataconnect": could not find dataconnect.yaml in `c:\Users\user\.gemini\antigravity-ide\scratch\mesma-website\dataconnect`
 {"metadata":{"emulator":{"name":"dataconnect"},"message":"E0610 15:54:00.072516    5400 watch.go:40] Failed to load config from \"c:\\\\Users\\\\user\\\\.gemini\\\\antigravity-ide\\\\scratch\\\\mesma-website\\\\dataconnect\": could not find dataconnect.yaml in `c:\\Users\\user\\.gemini\\antigravity-ide\\scratch\\mesma-website\\dataconnect`\n"}}
[debug] [2026-06-10T12:54:10.073Z] E0610 15:54:10.072560    5400 watch.go:40] Failed to load config from "c:\\Users\\user\\.gemini\\antigravity-ide\\scratch\\mesma-website\\dataconnect": could not find dataconnect.yaml in `c:\Users\user\.gemini\antigravity-ide\scratch\mesma-website\dataconnect`
 {"metadata":{"emulator":{"name":"dataconnect"},"message":"E0610 15:54:10.072560    5400 watch.go:40] Failed to load config from \"c:\\\\Users\\\\user\\\\.gemini\\\\antigravity-ide\\\\scratch\\\\mesma-website\\\\dataconnect\": could not find dataconnect.yaml in `c:\\Users\\user\\.gemini\\antigravity-ide\\scratch\\mesma-website\\dataconnect`\n"}}
[debug] [2026-06-10T12:54:20.073Z] E0610 15:54:20.072617    5400 watch.go:40] Failed to load config from "c:\\Users\\user\\.gemini\\antigravity-ide\\scratch\\mesma-website\\dataconnect": could not find dataconnect.yaml in `c:\Users\user\.gemini\antigravity-ide\scratch\mesma-website\dataconnect`
 {"metadata":{"emulator":{"name":"dataconnect"},"message":"E0610 15:54:20.072617    5400 watch.go:40] Failed to load config from \"c:\\\\Users\\\\user\\\\.gemini\\\\antigravity-ide\\\\scratch\\\\mesma-website\\\\dataconnect\": could not find dataconnect.yaml in `c:\\Users\\user\\.gemini\\antigravity-ide\\scratch\\mesma-website\\dataconnect`\n"}}
[debug] [2026-06-10T12:54:30.073Z] E0610 15:54:30.072883    5400 watch.go:40] Failed to load config from "c:\\Users\\user\\.gemini\\antigravity-ide\\scratch\\mesma-website\\dataconnect": could not find dataconnect.yaml in `c:\Users\user\.gemini\antigravity-ide\scratch\mesma-website\dataconnect`
 {"metadata":{"emulator":{"name":"dataconnect"},"message":"E0610 15:54:30.072883    5400 watch.go:40] Failed to load config from \"c:\\\\Users\\\\user\\\\.gemini\\\\antigravity-ide\\\\scratch\\\\mesma-website\\\\dataconnect\": could not find dataconnect.yaml in `c:\\Users\\user\\.gemini\\antigravity-ide\\scratch\\mesma-website\\dataconnect`\n"}}
[debug] [2026-06-10T13:25:00.685Z] E0610 16:25:00.684461    5400 watch.go:116] watchAllDir unable to walk dir `c:\Users\user\.gemini\antigravity-ide\scratch\mesma-website\dataconnect`: GetFileAttributesEx c:\Users\user\.gemini\antigravity-ide\scratch\mesma-website\dataconnect: The system cannot find the file specified.
E0610 16:25:00.684789    5400 watch.go:40] Failed to load config from "c:\\Users\\user\\.gemini\\antigravity-ide\\scratch\\mesma-website\\dataconnect": could not find dataconnect.yaml in `c:\Users\user\.gemini\antigravity-ide\scratch\mesma-website\dataconnect`
 {"metadata":{"emulator":{"name":"dataconnect"},"message":"E0610 16:25:00.684461    5400 watch.go:116] watchAllDir unable to walk dir `c:\\Users\\user\\.gemini\\antigravity-ide\\scratch\\mesma-website\\dataconnect`: GetFileAttributesEx c:\\Users\\user\\.gemini\\antigravity-ide\\scratch\\mesma-website\\dataconnect: The system cannot find the file specified.\nE0610 16:25:00.684789    5400 watch.go:40] Failed to load config from \"c:\\\\Users\\\\user\\\\.gemini\\\\antigravity-ide\\\\scratch\\\\mesma-website\\\\dataconnect\": could not find dataconnect.yaml in `c:\\Users\\user\\.gemini\\antigravity-ide\\scratch\\mesma-website\\dataconnect`\n"}}
[debug] [2026-06-10T21:25:17.856Z] E0611 00:25:17.855797    5400 watch.go:116] watchAllDir unable to walk dir `c:\Users\user\.gemini\antigravity-ide\scratch\mesma-website\dataconnect`: GetFileAttributesEx c:\Users\user\.gemini\antigravity-ide\scratch\mesma-website\dataconnect: The system cannot find the file specified.
E0611 00:25:17.855797    5400 watch.go:40] Failed to load config from "c:\\Users\\user\\.gemini\\antigravity-ide\\scratch\\mesma-website\\dataconnect": could not find dataconnect.yaml in `c:\Users\user\.gemini\antigravity-ide\scratch\mesma-website\dataconnect`
 {"metadata":{"emulator":{"name":"dataconnect"},"message":"E0611 00:25:17.855797    5400 watch.go:116] watchAllDir unable to walk dir `c:\\Users\\user\\.gemini\\antigravity-ide\\scratch\\mesma-website\\dataconnect`: GetFileAttributesEx c:\\Users\\user\\.gemini\\antigravity-ide\\scratch\\mesma-website\\dataconnect: The system cannot find the file specified.\nE0611 00:25:17.855797    5400 watch.go:40] Failed to load config from \"c:\\\\Users\\\\user\\\\.gemini\\\\antigravity-ide\\\\scratch\\\\mesma-website\\\\dataconnect\": could not find dataconnect.yaml in `c:\\Users\\user\\.gemini\\antigravity-ide\\scratch\\mesma-website\\dataconnect`\n"}}
[debug] [2026-06-10T21:25:20.072Z] E0611 00:25:20.072808    5400 watch.go:40] Failed to load config from "c:\\Users\\user\\.gemini\\antigravity-ide\\scratch\\mesma-website\\dataconnect": could not find dataconnect.yaml in `c:\Users\user\.gemini\antigravity-ide\scratch\mesma-website\dataconnect`
 {"metadata":{"emulator":{"name":"dataconnect"},"message":"E0611 00:25:20.072808    5400 watch.go:40] Failed to load config from \"c:\\\\Users\\\\user\\\\.gemini\\\\antigravity-ide\\\\scratch\\\\mesma-website\\\\dataconnect\": could not find dataconnect.yaml in `c:\\Users\\user\\.gemini\\antigravity-ide\\scratch\\mesma-website\\dataconnect`\n"}}
[debug] [2026-06-11T04:16:42.140Z] E0611 07:16:41.916561    5400 watch.go:116] watchAllDir unable to walk dir `c:\Users\user\.gemini\antigravity-ide\scratch\mesma-website\dataconnect`: GetFileAttributesEx c:\Users\user\.gemini\antigravity-ide\scratch\mesma-website\dataconnect: The system cannot find the file specified.
E0611 07:16:41.917074    5400 watch.go:40] Failed to load config from "c:\\Users\\user\\.gemini\\antigravity-ide\\scratch\\mesma-website\\dataconnect": could not find dataconnect.yaml in `c:\Users\user\.gemini\antigravity-ide\scratch\mesma-website\dataconnect`
 {"metadata":{"emulator":{"name":"dataconnect"},"message":"E0611 07:16:41.916561    5400 watch.go:116] watchAllDir unable to walk dir `c:\\Users\\user\\.gemini\\antigravity-ide\\scratch\\mesma-website\\dataconnect`: GetFileAttributesEx c:\\Users\\user\\.gemini\\antigravity-ide\\scratch\\mesma-website\\dataconnect: The system cannot find the file specified.\nE0611 07:16:41.917074    5400 watch.go:40] Failed to load config from \"c:\\\\Users\\\\user\\\\.gemini\\\\antigravity-ide\\\\scratch\\\\mesma-website\\\\dataconnect\": could not find dataconnect.yaml in `c:\\Users\\user\\.gemini\\antigravity-ide\\scratch\\mesma-website\\dataconnect`\n"}}
[debug] [2026-06-11T04:16:50.072Z] E0611 07:16:50.072298    5400 watch.go:40] Failed to load config from "c:\\Users\\user\\.gemini\\antigravity-ide\\scratch\\mesma-website\\dataconnect": could not find dataconnect.yaml in `c:\Users\user\.gemini\antigravity-ide\scratch\mesma-website\dataconnect`
 {"metadata":{"emulator":{"name":"dataconnect"},"message":"E0611 07:16:50.072298    5400 watch.go:40] Failed to load config from \"c:\\\\Users\\\\user\\\\.gemini\\\\antigravity-ide\\\\scratch\\\\mesma-website\\\\dataconnect\": could not find dataconnect.yaml in `c:\\Users\\user\\.gemini\\antigravity-ide\\scratch\\mesma-website\\dataconnect`\n"}}
[debug] [2026-06-11T04:17:00.072Z] E0611 07:17:00.072480    5400 watch.go:40] Failed to load config from "c:\\Users\\user\\.gemini\\antigravity-ide\\scratch\\mesma-website\\dataconnect": could not find dataconnect.yaml in `c:\Users\user\.gemini\antigravity-ide\scratch\mesma-website\dataconnect`
 {"metadata":{"emulator":{"name":"dataconnect"},"message":"E0611 07:17:00.072480    5400 watch.go:40] Failed to load config from \"c:\\\\Users\\\\user\\\\.gemini\\\\antigravity-ide\\\\scratch\\\\mesma-website\\\\dataconnect\": could not find dataconnect.yaml in `c:\\Users\\user\\.gemini\\antigravity-ide\\scratch\\mesma-website\\dataconnect`\n"}}
[debug] [2026-06-11T04:17:10.073Z] E0611 07:17:10.072284    5400 watch.go:40] Failed to load config from "c:\\Users\\user\\.gemini\\antigravity-ide\\scratch\\mesma-website\\dataconnect": could not find dataconnect.yaml in `c:\Users\user\.gemini\antigravity-ide\scratch\mesma-website\dataconnect`
 {"metadata":{"emulator":{"name":"dataconnect"},"message":"E0611 07:17:10.072284    5400 watch.go:40] Failed to load config from \"c:\\\\Users\\\\user\\\\.gemini\\\\antigravity-ide\\\\scratch\\\\mesma-website\\\\dataconnect\": could not find dataconnect.yaml in `c:\\Users\\user\\.gemini\\antigravity-ide\\scratch\\mesma-website\\dataconnect`\n"}}
[debug] [2026-06-11T04:17:20.072Z] E0611 07:17:20.072238    5400 watch.go:40] Failed to load config from "c:\\Users\\user\\.gemini\\antigravity-ide\\scratch\\mesma-website\\dataconnect": could not find dataconnect.yaml in `c:\Users\user\.gemini\antigravity-ide\scratch\mesma-website\dataconnect`
 {"metadata":{"emulator":{"name":"dataconnect"},"message":"E0611 07:17:20.072238    5400 watch.go:40] Failed to load config from \"c:\\\\Users\\\\user\\\\.gemini\\\\antigravity-ide\\\\scratch\\\\mesma-website\\\\dataconnect\": could not find dataconnect.yaml in `c:\\Users\\user\\.gemini\\antigravity-ide\\scratch\\mesma-website\\dataconnect`\n"}}
[debug] [2026-06-11T04:17:30.073Z] E0611 07:17:30.072728    5400 watch.go:40] Failed to load config from "c:\\Users\\user\\.gemini\\antigravity-ide\\scratch\\mesma-website\\dataconnect": could not find dataconnect.yaml in `c:\Users\user\.gemini\antigravity-ide\scratch\mesma-website\dataconnect`
 {"metadata":{"emulator":{"name":"dataconnect"},"message":"E0611 07:17:30.072728    5400 watch.go:40] Failed to load config from \"c:\\\\Users\\\\user\\\\.gemini\\\\antigravity-ide\\\\scratch\\\\mesma-website\\\\dataconnect\": could not find dataconnect.yaml in `c:\\Users\\user\\.gemini\\antigravity-ide\\scratch\\mesma-website\\dataconnect`\n"}}
[debug] [2026-06-11T04:17:40.072Z] E0611 07:17:40.072243    5400 watch.go:116] watchAllDir unable to walk dir `c:\Users\user\.gemini\antigravity-ide\scratch\mesma-website\dataconnect`: GetFileAttributesEx c:\Users\user\.gemini\antigravity-ide\scratch\mesma-website\dataconnect: The system cannot find the file specified.
 {"metadata":{"emulator":{"name":"dataconnect"},"message":"E0611 07:17:40.072243    5400 watch.go:116] watchAllDir unable to walk dir `c:\\Users\\user\\.gemini\\antigravity-ide\\scratch\\mesma-website\\dataconnect`: GetFileAttributesEx c:\\Users\\user\\.gemini\\antigravity-ide\\scratch\\mesma-website\\dataconnect: The system cannot find the file specified.\n"}}
[debug] [2026-06-11T04:17:40.072Z] E0611 07:17:40.072243    5400 watch.go:40] Failed to load config from "c:\\Users\\user\\.gemini\\antigravity-ide\\scratch\\mesma-website\\dataconnect": could not find dataconnect.yaml in `c:\Users\user\.gemini\antigravity-ide\scratch\mesma-website\dataconnect`
 {"metadata":{"emulator":{"name":"dataconnect"},"message":"E0611 07:17:40.072243    5400 watch.go:40] Failed to load config from \"c:\\\\Users\\\\user\\\\.gemini\\\\antigravity-ide\\\\scratch\\\\mesma-website\\\\dataconnect\": could not find dataconnect.yaml in `c:\\Users\\user\\.gemini\\antigravity-ide\\scratch\\mesma-website\\dataconnect`\n"}}
[debug] [2026-06-11T04:17:50.072Z] E0611 07:17:50.072606    5400 watch.go:40] Failed to load config from "c:\\Users\\user\\.gemini\\antigravity-ide\\scratch\\mesma-website\\dataconnect": could not find dataconnect.yaml in `c:\Users\user\.gemini\antigravity-ide\scratch\mesma-website\dataconnect`
 {"metadata":{"emulator":{"name":"dataconnect"},"message":"E0611 07:17:50.072606    5400 watch.go:40] Failed to load config from \"c:\\\\Users\\\\user\\\\.gemini\\\\antigravity-ide\\\\scratch\\\\mesma-website\\\\dataconnect\": could not find dataconnect.yaml in `c:\\Users\\user\\.gemini\\antigravity-ide\\scratch\\mesma-website\\dataconnect`\n"}}
[debug] [2026-06-11T04:18:00.072Z] E0611 07:18:00.072601    5400 watch.go:40] Failed to load config from "c:\\Users\\user\\.gemini\\antigravity-ide\\scratch\\mesma-website\\dataconnect": could not find dataconnect.yaml in `c:\Users\user\.gemini\antigravity-ide\scratch\mesma-website\dataconnect`
 {"metadata":{"emulator":{"name":"dataconnect"},"message":"E0611 07:18:00.072601    5400 watch.go:40] Failed to load config from \"c:\\\\Users\\\\user\\\\.gemini\\\\antigravity-ide\\\\scratch\\\\mesma-website\\\\dataconnect\": could not find dataconnect.yaml in `c:\\Users\\user\\.gemini\\antigravity-ide\\scratch\\mesma-website\\dataconnect`\n"}}
[debug] [2026-06-11T04:18:10.072Z] E0611 07:18:10.072387    5400 watch.go:40] Failed to load config from "c:\\Users\\user\\.gemini\\antigravity-ide\\scratch\\mesma-website\\dataconnect": could not find dataconnect.yaml in `c:\Users\user\.gemini\antigravity-ide\scratch\mesma-website\dataconnect`
 {"metadata":{"emulator":{"name":"dataconnect"},"message":"E0611 07:18:10.072387    5400 watch.go:40] Failed to load config from \"c:\\\\Users\\\\user\\\\.gemini\\\\antigravity-ide\\\\scratch\\\\mesma-website\\\\dataconnect\": could not find dataconnect.yaml in `c:\\Users\\user\\.gemini\\antigravity-ide\\scratch\\mesma-website\\dataconnect`\n"}}
[debug] [2026-06-11T04:18:20.073Z] E0611 07:18:20.072539    5400 watch.go:40] Failed to load config from "c:\\Users\\user\\.gemini\\antigravity-ide\\scratch\\mesma-website\\dataconnect": could not find dataconnect.yaml in `c:\Users\user\.gemini\antigravity-ide\scratch\mesma-website\dataconnect`
 {"metadata":{"emulator":{"name":"dataconnect"},"message":"E0611 07:18:20.072539    5400 watch.go:40] Failed to load config from \"c:\\\\Users\\\\user\\\\.gemini\\\\antigravity-ide\\\\scratch\\\\mesma-website\\\\dataconnect\": could not find dataconnect.yaml in `c:\\Users\\user\\.gemini\\antigravity-ide\\scratch\\mesma-website\\dataconnect`\n"}}
[debug] [2026-06-11T04:18:30.072Z] E0611 07:18:30.072680    5400 watch.go:40] Failed to load config from "c:\\Users\\user\\.gemini\\antigravity-ide\\scratch\\mesma-website\\dataconnect": could not find dataconnect.yaml in `c:\Users\user\.gemini\antigravity-ide\scratch\mesma-website\dataconnect`
 {"metadata":{"emulator":{"name":"dataconnect"},"message":"E0611 07:18:30.072680    5400 watch.go:40] Failed to load config from \"c:\\\\Users\\\\user\\\\.gemini\\\\antigravity-ide\\\\scratch\\\\mesma-website\\\\dataconnect\": could not find dataconnect.yaml in `c:\\Users\\user\\.gemini\\antigravity-ide\\scratch\\mesma-website\\dataconnect`\n"}}
[debug] [2026-06-11T04:18:40.072Z] E0611 07:18:40.072375    5400 watch.go:116] watchAllDir unable to walk dir `c:\Users\user\.gemini\antigravity-ide\scratch\mesma-website\dataconnect`: GetFileAttributesEx c:\Users\user\.gemini\antigravity-ide\scratch\mesma-website\dataconnect: The system cannot find the file specified.
 {"metadata":{"emulator":{"name":"dataconnect"},"message":"E0611 07:18:40.072375    5400 watch.go:116] watchAllDir unable to walk dir `c:\\Users\\user\\.gemini\\antigravity-ide\\scratch\\mesma-website\\dataconnect`: GetFileAttributesEx c:\\Users\\user\\.gemini\\antigravity-ide\\scratch\\mesma-website\\dataconnect: The system cannot find the file specified.\n"}}
[debug] [2026-06-11T04:18:40.072Z] E0611 07:18:40.072375    5400 watch.go:40] Failed to load config from "c:\\Users\\user\\.gemini\\antigravity-ide\\scratch\\mesma-website\\dataconnect": could not find dataconnect.yaml in `c:\Users\user\.gemini\antigravity-ide\scratch\mesma-website\dataconnect`
 {"metadata":{"emulator":{"name":"dataconnect"},"message":"E0611 07:18:40.072375    5400 watch.go:40] Failed to load config from \"c:\\\\Users\\\\user\\\\.gemini\\\\antigravity-ide\\\\scratch\\\\mesma-website\\\\dataconnect\": could not find dataconnect.yaml in `c:\\Users\\user\\.gemini\\antigravity-ide\\scratch\\mesma-website\\dataconnect`\n"}}
[debug] [2026-06-11T04:18:50.073Z] E0611 07:18:50.073477    5400 watch.go:40] Failed to load config from "c:\\Users\\user\\.gemini\\antigravity-ide\\scratch\\mesma-website\\dataconnect": could not find dataconnect.yaml in `c:\Users\user\.gemini\antigravity-ide\scratch\mesma-website\dataconnect`
 {"metadata":{"emulator":{"name":"dataconnect"},"message":"E0611 07:18:50.073477    5400 watch.go:40] Failed to load config from \"c:\\\\Users\\\\user\\\\.gemini\\\\antigravity-ide\\\\scratch\\\\mesma-website\\\\dataconnect\": could not find dataconnect.yaml in `c:\\Users\\user\\.gemini\\antigravity-ide\\scratch\\mesma-website\\dataconnect`\n"}}
[debug] [2026-06-11T04:19:00.073Z] E0611 07:19:00.072614    5400 watch.go:40] Failed to load config from "c:\\Users\\user\\.gemini\\antigravity-ide\\scratch\\mesma-website\\dataconnect": could not find dataconnect.yaml in `c:\Users\user\.gemini\antigravity-ide\scratch\mesma-website\dataconnect`
 {"metadata":{"emulator":{"name":"dataconnect"},"message":"E0611 07:19:00.072614    5400 watch.go:40] Failed to load config from \"c:\\\\Users\\\\user\\\\.gemini\\\\antigravity-ide\\\\scratch\\\\mesma-website\\\\dataconnect\": could not find dataconnect.yaml in `c:\\Users\\user\\.gemini\\antigravity-ide\\scratch\\mesma-website\\dataconnect`\n"}}
[debug] [2026-06-11T04:19:10.073Z] E0611 07:19:10.072648    5400 watch.go:40] Failed to load config from "c:\\Users\\user\\.gemini\\antigravity-ide\\scratch\\mesma-website\\dataconnect": could not find dataconnect.yaml in `c:\Users\user\.gemini\antigravity-ide\scratch\mesma-website\dataconnect`
 {"metadata":{"emulator":{"name":"dataconnect"},"message":"E0611 07:19:10.072648    5400 watch.go:40] Failed to load config from \"c:\\\\Users\\\\user\\\\.gemini\\\\antigravity-ide\\\\scratch\\\\mesma-website\\\\dataconnect\": could not find dataconnect.yaml in `c:\\Users\\user\\.gemini\\antigravity-ide\\scratch\\mesma-website\\dataconnect`\n"}}
[debug] [2026-06-11T04:19:20.073Z] E0611 07:19:20.073180    5400 watch.go:40] Failed to load config from "c:\\Users\\user\\.gemini\\antigravity-ide\\scratch\\mesma-website\\dataconnect": could not find dataconnect.yaml in `c:\Users\user\.gemini\antigravity-ide\scratch\mesma-website\dataconnect`
 {"metadata":{"emulator":{"name":"dataconnect"},"message":"E0611 07:19:20.073180    5400 watch.go:40] Failed to load config from \"c:\\\\Users\\\\user\\\\.gemini\\\\antigravity-ide\\\\scratch\\\\mesma-website\\\\dataconnect\": could not find dataconnect.yaml in `c:\\Users\\user\\.gemini\\antigravity-ide\\scratch\\mesma-website\\dataconnect`\n"}}
[debug] [2026-06-11T04:19:30.072Z] E0611 07:19:30.072606    5400 watch.go:40] Failed to load config from "c:\\Users\\user\\.gemini\\antigravity-ide\\scratch\\mesma-website\\dataconnect": could not find dataconnect.yaml in `c:\Users\user\.gemini\antigravity-ide\scratch\mesma-website\dataconnect`
 {"metadata":{"emulator":{"name":"dataconnect"},"message":"E0611 07:19:30.072606    5400 watch.go:40] Failed to load config from \"c:\\\\Users\\\\user\\\\.gemini\\\\antigravity-ide\\\\scratch\\\\mesma-website\\\\dataconnect\": could not find dataconnect.yaml in `c:\\Users\\user\\.gemini\\antigravity-ide\\scratch\\mesma-website\\dataconnect`\n"}}
[debug] [2026-06-11T04:19:40.073Z] E0611 07:19:40.072729    5400 watch.go:116] watchAllDir unable to walk dir `c:\Users\user\.gemini\antigravity-ide\scratch\mesma-website\dataconnect`: GetFileAttributesEx c:\Users\user\.gemini\antigravity-ide\scratch\mesma-website\dataconnect: The system cannot find the file specified.
 {"metadata":{"emulator":{"name":"dataconnect"},"message":"E0611 07:19:40.072729    5400 watch.go:116] watchAllDir unable to walk dir `c:\\Users\\user\\.gemini\\antigravity-ide\\scratch\\mesma-website\\dataconnect`: GetFileAttributesEx c:\\Users\\user\\.gemini\\antigravity-ide\\scratch\\mesma-website\\dataconnect: The system cannot find the file specified.\n"}}
[debug] [2026-06-11T04:19:40.074Z] E0611 07:19:40.073068    5400 watch.go:40] Failed to load config from "c:\\Users\\user\\.gemini\\antigravity-ide\\scratch\\mesma-website\\dataconnect": could not find dataconnect.yaml in `c:\Users\user\.gemini\antigravity-ide\scratch\mesma-website\dataconnect`
 {"metadata":{"emulator":{"name":"dataconnect"},"message":"E0611 07:19:40.073068    5400 watch.go:40] Failed to load config from \"c:\\\\Users\\\\user\\\\.gemini\\\\antigravity-ide\\\\scratch\\\\mesma-website\\\\dataconnect\": could not find dataconnect.yaml in `c:\\Users\\user\\.gemini\\antigravity-ide\\scratch\\mesma-website\\dataconnect`\n"}}
[debug] [2026-06-11T04:19:50.072Z] E0611 07:19:50.072688    5400 watch.go:40] Failed to load config from "c:\\Users\\user\\.gemini\\antigravity-ide\\scratch\\mesma-website\\dataconnect": could not find dataconnect.yaml in `c:\Users\user\.gemini\antigravity-ide\scratch\mesma-website\dataconnect`
 {"metadata":{"emulator":{"name":"dataconnect"},"message":"E0611 07:19:50.072688    5400 watch.go:40] Failed to load config from \"c:\\\\Users\\\\user\\\\.gemini\\\\antigravity-ide\\\\scratch\\\\mesma-website\\\\dataconnect\": could not find dataconnect.yaml in `c:\\Users\\user\\.gemini\\antigravity-ide\\scratch\\mesma-website\\dataconnect`\n"}}
[debug] [2026-06-11T04:20:00.073Z] E0611 07:20:00.072947    5400 watch.go:40] Failed to load config from "c:\\Users\\user\\.gemini\\antigravity-ide\\scratch\\mesma-website\\dataconnect": could not find dataconnect.yaml in `c:\Users\user\.gemini\antigravity-ide\scratch\mesma-website\dataconnect`
 {"metadata":{"emulator":{"name":"dataconnect"},"message":"E0611 07:20:00.072947    5400 watch.go:40] Failed to load config from \"c:\\\\Users\\\\user\\\\.gemini\\\\antigravity-ide\\\\scratch\\\\mesma-website\\\\dataconnect\": could not find dataconnect.yaml in `c:\\Users\\user\\.gemini\\antigravity-ide\\scratch\\mesma-website\\dataconnect`\n"}}
[debug] [2026-06-11T04:20:10.105Z] E0611 07:20:10.105479    5400 watch.go:40] Failed to load config from "c:\\Users\\user\\.gemini\\antigravity-ide\\scratch\\mesma-website\\dataconnect": could not find dataconnect.yaml in `c:\Users\user\.gemini\antigravity-ide\scratch\mesma-website\dataconnect`
 {"metadata":{"emulator":{"name":"dataconnect"},"message":"E0611 07:20:10.105479    5400 watch.go:40] Failed to load config from \"c:\\\\Users\\\\user\\\\.gemini\\\\antigravity-ide\\\\scratch\\\\mesma-website\\\\dataconnect\": could not find dataconnect.yaml in `c:\\Users\\user\\.gemini\\antigravity-ide\\scratch\\mesma-website\\dataconnect`\n"}}
[info] [Firebase Plugin] Stopping SQL Connect toolkit
[warn] !  SQL Connect Emulator has exited upon receiving signal: SIGINT 
[debug] [2026-06-11T04:29:09.590Z] [Firebase Plugin] Activating Firebase extension.
[debug] [2026-06-11T04:29:14.800Z] [Firebase Plugin] requireAuthWrapper
[debug] [2026-06-11T04:29:14.810Z] > command requires scopes: ["email","openid","https://www.googleapis.com/auth/cloudplatformprojects.readonly","https://www.googleapis.com/auth/firebase","https://www.googleapis.com/auth/cloud-platform"]
[debug] [2026-06-11T04:29:14.811Z] > authorizing via signed-in user (mohammadsaifuddin68@gmail.com)
[debug] [2026-06-11T04:29:14.814Z] Checked if tokens are valid: false, expires at: 1781098301089
[debug] [2026-06-11T04:29:14.815Z] Checked if tokens are valid: false, expires at: 1781098301089
[debug] [2026-06-11T04:29:14.815Z] > refreshing access token with scopes: []
[debug] [2026-06-11T04:29:14.817Z] >>> [apiv2][query] POST https://www.googleapis.com/oauth2/v3/token [none]
[debug] [2026-06-11T04:29:14.817Z] >>> [apiv2][body] POST https://www.googleapis.com/oauth2/v3/token [omitted]
[debug] [2026-06-11T04:29:14.826Z] [Firebase Plugin] VSCode notification server listening on port 40001
[info] [Firebase Plugin] Stopping SQL Connect toolkit
[debug] [2026-06-11T04:29:15.305Z] <<< [apiv2][status] POST https://www.googleapis.com/oauth2/v3/token 200
[debug] [2026-06-11T05:23:06.294Z] [Firebase Plugin] Activating Firebase extension.
[debug] [2026-06-11T05:23:20.058Z] [Firebase Plugin] requireAuthWrapper
[debug] [2026-06-11T05:23:20.063Z] > command requires scopes: ["email","openid","https://www.googleapis.com/auth/cloudplatformprojects.readonly","https://www.googleapis.com/auth/firebase","https://www.googleapis.com/auth/cloud-platform"]
[debug] [2026-06-11T05:23:20.064Z] > authorizing via signed-in user (mohammadsaifuddin68@gmail.com)
[debug] [2026-06-11T05:23:20.068Z] Checked if tokens are valid: true, expires at: 1781158964109
[debug] [2026-06-11T05:23:20.069Z] Checked if tokens are valid: true, expires at: 1781158964109
[debug] [2026-06-11T05:23:20.069Z] [Firebase Plugin] User found:  mohammadsaifuddin68@gmail.com
[info] [Firebase Plugin] (Core:Project) New user detected, fetching projects
[debug] [2026-06-11T05:23:20.071Z] Checked if tokens are valid: true, expires at: 1781158964109
[debug] [2026-06-11T05:23:20.074Z] >>> [apiv2][query] GET https://firebase.googleapis.com/v1beta1/projects pageSize=1000
[debug] [2026-06-11T05:23:20.086Z] [Firebase Plugin] VSCode notification server listening on port 40001
[info] [Firebase Plugin] Starting SQL Connect toolkit (version 3.4.10) on port 50001
[debug] [2026-06-11T05:23:20.667Z] 'fdc build' failed with error: Unable to build your SQL Connect schema and connectors (exit code 1): E0611 08:23:20.652409   19784 cmd.go:43] Error loading data connect config: could not find dataconnect.yaml in `c:\Users\user\.gemini\antigravity-ide\scratch\mesma-website\dataconnect`
 {"metadata":{"emulator":{"name":"dataconnect"},"message":"'fdc build' failed with error: Unable to build your SQL Connect schema and connectors (exit code 1): E0611 08:23:20.652409   19784 cmd.go:43] Error loading data connect config: could not find dataconnect.yaml in `c:\\Users\\user\\.gemini\\antigravity-ide\\scratch\\mesma-website\\dataconnect`\n"}}
[debug] [2026-06-11T05:23:20.669Z] Ignoring unsupported arg: auto_download {"metadata":{"emulator":{"name":"dataconnect"},"message":"Ignoring unsupported arg: auto_download"}}
[debug] [2026-06-11T05:23:20.669Z] Ignoring unsupported arg: port {"metadata":{"emulator":{"name":"dataconnect"},"message":"Ignoring unsupported arg: port"}}
[debug] [2026-06-11T05:23:20.669Z] Starting SQL Connect Emulator with command {"binary":"C:\\Users\\user\\.cache\\firebase\\emulators\\dataconnect-emulator-3.4.10.exe","args":["--logtostderr","-v=2","dev","--listen=localhost:50001","--config_dir=c:\\Users\\user\\.gemini\\antigravity-ide\\scratch\\mesma-website\\dataconnect","--enable_output_schema_extensions=true","--enable_output_generated_sdk=true"],"optionalArgs":["listen","config_dir","enable_output_schema_extensions","enable_output_generated_sdk"],"joinArgs":true,"shell":false,"port":9399} {"metadata":{"emulator":{"name":"dataconnect"},"message":"Starting SQL Connect Emulator with command {\"binary\":\"C:\\\\Users\\\\user\\\\.cache\\\\firebase\\\\emulators\\\\dataconnect-emulator-3.4.10.exe\",\"args\":[\"--logtostderr\",\"-v=2\",\"dev\",\"--listen=localhost:50001\",\"--config_dir=c:\\\\Users\\\\user\\\\.gemini\\\\antigravity-ide\\\\scratch\\\\mesma-website\\\\dataconnect\",\"--enable_output_schema_extensions=true\",\"--enable_output_generated_sdk=true\"],\"optionalArgs\":[\"listen\",\"config_dir\",\"enable_output_schema_extensions\",\"enable_output_generated_sdk\"],\"joinArgs\":true,\"shell\":false,\"port\":9399}"}}
[info] i  dataconnect: SQL Connect Emulator logging to dataconnect-debug.log {"metadata":{"emulator":{"name":"dataconnect"},"message":"SQL Connect Emulator logging to \u001b[1mdataconnect-debug.log\u001b[22m"}}
[debug] [2026-06-11T05:23:20.720Z] E0611 08:23:20.719244   11552 dev.go:83] Failed to load initial config from "c:\\Users\\user\\.gemini\\antigravity-ide\\scratch\\mesma-website\\dataconnect": could not find dataconnect.yaml in `c:\Users\user\.gemini\antigravity-ide\scratch\mesma-website\dataconnect`
 {"metadata":{"emulator":{"name":"dataconnect"},"message":"E0611 08:23:20.719244   11552 dev.go:83] Failed to load initial config from \"c:\\\\Users\\\\user\\\\.gemini\\\\antigravity-ide\\\\scratch\\\\mesma-website\\\\dataconnect\": could not find dataconnect.yaml in `c:\\Users\\user\\.gemini\\antigravity-ide\\scratch\\mesma-website\\dataconnect`\n"}}
[debug] [2026-06-11T05:23:20.724Z] E0611 08:23:20.720832   11552 watch.go:116] watchAllDir unable to walk dir `c:\Users\user\.gemini\antigravity-ide\scratch\mesma-website\dataconnect`: GetFileAttributesEx c:\Users\user\.gemini\antigravity-ide\scratch\mesma-website\dataconnect: The system cannot find the file specified.
 {"metadata":{"emulator":{"name":"dataconnect"},"message":"E0611 08:23:20.720832   11552 watch.go:116] watchAllDir unable to walk dir `c:\\Users\\user\\.gemini\\antigravity-ide\\scratch\\mesma-website\\dataconnect`: GetFileAttributesEx c:\\Users\\user\\.gemini\\antigravity-ide\\scratch\\mesma-website\\dataconnect: The system cannot find the file specified.\n"}}
[debug] [2026-06-11T05:23:20.736Z] I0611 08:23:20.736219   11552 dev.go:104] Listening on address (HTTP + gRPC): 127.0.0.1:50001
 {"metadata":{"emulator":{"name":"dataconnect"},"message":"I0611 08:23:20.736219   11552 dev.go:104] Listening on address (HTTP + gRPC): 127.0.0.1:50001\n"}}
[error] [Firebase Plugin] error:  {}
[debug] [2026-06-11T05:23:21.313Z] <<< [apiv2][status] GET https://firebase.googleapis.com/v1beta1/projects 200
[debug] [2026-06-11T05:23:21.314Z] <<< [apiv2][body] GET https://firebase.googleapis.com/v1beta1/projects [omitted]
[debug] [2026-06-11T05:23:30.723Z] E0611 08:23:30.723574   11552 watch.go:40] Failed to load config from "c:\\Users\\user\\.gemini\\antigravity-ide\\scratch\\mesma-website\\dataconnect": could not find dataconnect.yaml in `c:\Users\user\.gemini\antigravity-ide\scratch\mesma-website\dataconnect`
 {"metadata":{"emulator":{"name":"dataconnect"},"message":"E0611 08:23:30.723574   11552 watch.go:40] Failed to load config from \"c:\\\\Users\\\\user\\\\.gemini\\\\antigravity-ide\\\\scratch\\\\mesma-website\\\\dataconnect\": could not find dataconnect.yaml in `c:\\Users\\user\\.gemini\\antigravity-ide\\scratch\\mesma-website\\dataconnect`\n"}}
[debug] [2026-06-11T05:23:40.723Z] E0611 08:23:40.723375   11552 watch.go:40] Failed to load config from "c:\\Users\\user\\.gemini\\antigravity-ide\\scratch\\mesma-website\\dataconnect": could not find dataconnect.yaml in `c:\Users\user\.gemini\antigravity-ide\scratch\mesma-website\dataconnect`
 {"metadata":{"emulator":{"name":"dataconnect"},"message":"E0611 08:23:40.723375   11552 watch.go:40] Failed to load config from \"c:\\\\Users\\\\user\\\\.gemini\\\\antigravity-ide\\\\scratch\\\\mesma-website\\\\dataconnect\": could not find dataconnect.yaml in `c:\\Users\\user\\.gemini\\antigravity-ide\\scratch\\mesma-website\\dataconnect`\n"}}
[debug] [2026-06-11T05:23:50.723Z] E0611 08:23:50.723513   11552 watch.go:40] Failed to load config from "c:\\Users\\user\\.gemini\\antigravity-ide\\scratch\\mesma-website\\dataconnect": could not find dataconnect.yaml in `c:\Users\user\.gemini\antigravity-ide\scratch\mesma-website\dataconnect`
 {"metadata":{"emulator":{"name":"dataconnect"},"message":"E0611 08:23:50.723513   11552 watch.go:40] Failed to load config from \"c:\\\\Users\\\\user\\\\.gemini\\\\antigravity-ide\\\\scratch\\\\mesma-website\\\\dataconnect\": could not find dataconnect.yaml in `c:\\Users\\user\\.gemini\\antigravity-ide\\scratch\\mesma-website\\dataconnect`\n"}}
[debug] [2026-06-11T05:24:00.723Z] E0611 08:24:00.723497   11552 watch.go:40] Failed to load config from "c:\\Users\\user\\.gemini\\antigravity-ide\\scratch\\mesma-website\\dataconnect": could not find dataconnect.yaml in `c:\Users\user\.gemini\antigravity-ide\scratch\mesma-website\dataconnect`
 {"metadata":{"emulator":{"name":"dataconnect"},"message":"E0611 08:24:00.723497   11552 watch.go:40] Failed to load config from \"c:\\\\Users\\\\user\\\\.gemini\\\\antigravity-ide\\\\scratch\\\\mesma-website\\\\dataconnect\": could not find dataconnect.yaml in `c:\\Users\\user\\.gemini\\antigravity-ide\\scratch\\mesma-website\\dataconnect`\n"}}
[debug] [2026-06-11T05:24:10.724Z] E0611 08:24:10.724125   11552 watch.go:40] Failed to load config from "c:\\Users\\user\\.gemini\\antigravity-ide\\scratch\\mesma-website\\dataconnect": could not find dataconnect.yaml in `c:\Users\user\.gemini\antigravity-ide\scratch\mesma-website\dataconnect`
 {"metadata":{"emulator":{"name":"dataconnect"},"message":"E0611 08:24:10.724125   11552 watch.go:40] Failed to load config from \"c:\\\\Users\\\\user\\\\.gemini\\\\antigravity-ide\\\\scratch\\\\mesma-website\\\\dataconnect\": could not find dataconnect.yaml in `c:\\Users\\user\\.gemini\\antigravity-ide\\scratch\\mesma-website\\dataconnect`\n"}}
[debug] [2026-06-11T05:24:20.723Z] E0611 08:24:20.723520   11552 watch.go:116] watchAllDir unable to walk dir `c:\Users\user\.gemini\antigravity-ide\scratch\mesma-website\dataconnect`: GetFileAttributesEx c:\Users\user\.gemini\antigravity-ide\scratch\mesma-website\dataconnect: The system cannot find the file specified.
 {"metadata":{"emulator":{"name":"dataconnect"},"message":"E0611 08:24:20.723520   11552 watch.go:116] watchAllDir unable to walk dir `c:\\Users\\user\\.gemini\\antigravity-ide\\scratch\\mesma-website\\dataconnect`: GetFileAttributesEx c:\\Users\\user\\.gemini\\antigravity-ide\\scratch\\mesma-website\\dataconnect: The system cannot find the file specified.\n"}}
[debug] [2026-06-11T05:24:20.724Z] E0611 08:24:20.723520   11552 watch.go:40] Failed to load config from "c:\\Users\\user\\.gemini\\antigravity-ide\\scratch\\mesma-website\\dataconnect": could not find dataconnect.yaml in `c:\Users\user\.gemini\antigravity-ide\scratch\mesma-website\dataconnect`
 {"metadata":{"emulator":{"name":"dataconnect"},"message":"E0611 08:24:20.723520   11552 watch.go:40] Failed to load config from \"c:\\\\Users\\\\user\\\\.gemini\\\\antigravity-ide\\\\scratch\\\\mesma-website\\\\dataconnect\": could not find dataconnect.yaml in `c:\\Users\\user\\.gemini\\antigravity-ide\\scratch\\mesma-website\\dataconnect`\n"}}
[debug] [2026-06-11T05:24:30.723Z] E0611 08:24:30.723869   11552 watch.go:40] Failed to load config from "c:\\Users\\user\\.gemini\\antigravity-ide\\scratch\\mesma-website\\dataconnect": could not find dataconnect.yaml in `c:\Users\user\.gemini\antigravity-ide\scratch\mesma-website\dataconnect`
 {"metadata":{"emulator":{"name":"dataconnect"},"message":"E0611 08:24:30.723869   11552 watch.go:40] Failed to load config from \"c:\\\\Users\\\\user\\\\.gemini\\\\antigravity-ide\\\\scratch\\\\mesma-website\\\\dataconnect\": could not find dataconnect.yaml in `c:\\Users\\user\\.gemini\\antigravity-ide\\scratch\\mesma-website\\dataconnect`\n"}}
[debug] [2026-06-11T05:24:40.723Z] E0611 08:24:40.723449   11552 watch.go:40] Failed to load config from "c:\\Users\\user\\.gemini\\antigravity-ide\\scratch\\mesma-website\\dataconnect": could not find dataconnect.yaml in `c:\Users\user\.gemini\antigravity-ide\scratch\mesma-website\dataconnect`
 {"metadata":{"emulator":{"name":"dataconnect"},"message":"E0611 08:24:40.723449   11552 watch.go:40] Failed to load config from \"c:\\\\Users\\\\user\\\\.gemini\\\\antigravity-ide\\\\scratch\\\\mesma-website\\\\dataconnect\": could not find dataconnect.yaml in `c:\\Users\\user\\.gemini\\antigravity-ide\\scratch\\mesma-website\\dataconnect`\n"}}
[debug] [2026-06-11T05:24:50.724Z] E0611 08:24:50.724275   11552 watch.go:40] Failed to load config from "c:\\Users\\user\\.gemini\\antigravity-ide\\scratch\\mesma-website\\dataconnect": could not find dataconnect.yaml in `c:\Users\user\.gemini\antigravity-ide\scratch\mesma-website\dataconnect`
 {"metadata":{"emulator":{"name":"dataconnect"},"message":"E0611 08:24:50.724275   11552 watch.go:40] Failed to load config from \"c:\\\\Users\\\\user\\\\.gemini\\\\antigravity-ide\\\\scratch\\\\mesma-website\\\\dataconnect\": could not find dataconnect.yaml in `c:\\Users\\user\\.gemini\\antigravity-ide\\scratch\\mesma-website\\dataconnect`\n"}}
[debug] [2026-06-11T05:25:00.724Z] E0611 08:25:00.724066   11552 watch.go:40] Failed to load config from "c:\\Users\\user\\.gemini\\antigravity-ide\\scratch\\mesma-website\\dataconnect": could not find dataconnect.yaml in `c:\Users\user\.gemini\antigravity-ide\scratch\mesma-website\dataconnect`
 {"metadata":{"emulator":{"name":"dataconnect"},"message":"E0611 08:25:00.724066   11552 watch.go:40] Failed to load config from \"c:\\\\Users\\\\user\\\\.gemini\\\\antigravity-ide\\\\scratch\\\\mesma-website\\\\dataconnect\": could not find dataconnect.yaml in `c:\\Users\\user\\.gemini\\antigravity-ide\\scratch\\mesma-website\\dataconnect`\n"}}
[debug] [2026-06-11T05:25:10.723Z] E0611 08:25:10.723242   11552 watch.go:40] Failed to load config from "c:\\Users\\user\\.gemini\\antigravity-ide\\scratch\\mesma-website\\dataconnect": could not find dataconnect.yaml in `c:\Users\user\.gemini\antigravity-ide\scratch\mesma-website\dataconnect`
 {"metadata":{"emulator":{"name":"dataconnect"},"message":"E0611 08:25:10.723242   11552 watch.go:40] Failed to load config from \"c:\\\\Users\\\\user\\\\.gemini\\\\antigravity-ide\\\\scratch\\\\mesma-website\\\\dataconnect\": could not find dataconnect.yaml in `c:\\Users\\user\\.gemini\\antigravity-ide\\scratch\\mesma-website\\dataconnect`\n"}}
[debug] [2026-06-11T05:25:20.723Z] E0611 08:25:20.723575   11552 watch.go:116] watchAllDir unable to walk dir `c:\Users\user\.gemini\antigravity-ide\scratch\mesma-website\dataconnect`: GetFileAttributesEx c:\Users\user\.gemini\antigravity-ide\scratch\mesma-website\dataconnect: The system cannot find the file specified.
 {"metadata":{"emulator":{"name":"dataconnect"},"message":"E0611 08:25:20.723575   11552 watch.go:116] watchAllDir unable to walk dir `c:\\Users\\user\\.gemini\\antigravity-ide\\scratch\\mesma-website\\dataconnect`: GetFileAttributesEx c:\\Users\\user\\.gemini\\antigravity-ide\\scratch\\mesma-website\\dataconnect: The system cannot find the file specified.\n"}}
[debug] [2026-06-11T05:25:20.723Z] E0611 08:25:20.723575   11552 watch.go:40] Failed to load config from "c:\\Users\\user\\.gemini\\antigravity-ide\\scratch\\mesma-website\\dataconnect": could not find dataconnect.yaml in `c:\Users\user\.gemini\antigravity-ide\scratch\mesma-website\dataconnect`
 {"metadata":{"emulator":{"name":"dataconnect"},"message":"E0611 08:25:20.723575   11552 watch.go:40] Failed to load config from \"c:\\\\Users\\\\user\\\\.gemini\\\\antigravity-ide\\\\scratch\\\\mesma-website\\\\dataconnect\": could not find dataconnect.yaml in `c:\\Users\\user\\.gemini\\antigravity-ide\\scratch\\mesma-website\\dataconnect`\n"}}
[debug] [2026-06-11T05:25:30.726Z] E0611 08:25:30.725350   11552 watch.go:40] Failed to load config from "c:\\Users\\user\\.gemini\\antigravity-ide\\scratch\\mesma-website\\dataconnect": could not find dataconnect.yaml in `c:\Users\user\.gemini\antigravity-ide\scratch\mesma-website\dataconnect`
 {"metadata":{"emulator":{"name":"dataconnect"},"message":"E0611 08:25:30.725350   11552 watch.go:40] Failed to load config from \"c:\\\\Users\\\\user\\\\.gemini\\\\antigravity-ide\\\\scratch\\\\mesma-website\\\\dataconnect\": could not find dataconnect.yaml in `c:\\Users\\user\\.gemini\\antigravity-ide\\scratch\\mesma-website\\dataconnect`\n"}}
[debug] [2026-06-11T05:25:40.724Z] E0611 08:25:40.723378   11552 watch.go:40] Failed to load config from "c:\\Users\\user\\.gemini\\antigravity-ide\\scratch\\mesma-website\\dataconnect": could not find dataconnect.yaml in `c:\Users\user\.gemini\antigravity-ide\scratch\mesma-website\dataconnect`
 {"metadata":{"emulator":{"name":"dataconnect"},"message":"E0611 08:25:40.723378   11552 watch.go:40] Failed to load config from \"c:\\\\Users\\\\user\\\\.gemini\\\\antigravity-ide\\\\scratch\\\\mesma-website\\\\dataconnect\": could not find dataconnect.yaml in `c:\\Users\\user\\.gemini\\antigravity-ide\\scratch\\mesma-website\\dataconnect`\n"}}
[debug] [2026-06-11T05:25:50.724Z] E0611 08:25:50.723509   11552 watch.go:40] Failed to load config from "c:\\Users\\user\\.gemini\\antigravity-ide\\scratch\\mesma-website\\dataconnect": could not find dataconnect.yaml in `c:\Users\user\.gemini\antigravity-ide\scratch\mesma-website\dataconnect`
 {"metadata":{"emulator":{"name":"dataconnect"},"message":"E0611 08:25:50.723509   11552 watch.go:40] Failed to load config from \"c:\\\\Users\\\\user\\\\.gemini\\\\antigravity-ide\\\\scratch\\\\mesma-website\\\\dataconnect\": could not find dataconnect.yaml in `c:\\Users\\user\\.gemini\\antigravity-ide\\scratch\\mesma-website\\dataconnect`\n"}}
[debug] [2026-06-11T05:26:00.724Z] E0611 08:26:00.724122   11552 watch.go:40] Failed to load config from "c:\\Users\\user\\.gemini\\antigravity-ide\\scratch\\mesma-website\\dataconnect": could not find dataconnect.yaml in `c:\Users\user\.gemini\antigravity-ide\scratch\mesma-website\dataconnect`
 {"metadata":{"emulator":{"name":"dataconnect"},"message":"E0611 08:26:00.724122   11552 watch.go:40] Failed to load config from \"c:\\\\Users\\\\user\\\\.gemini\\\\antigravity-ide\\\\scratch\\\\mesma-website\\\\dataconnect\": could not find dataconnect.yaml in `c:\\Users\\user\\.gemini\\antigravity-ide\\scratch\\mesma-website\\dataconnect`\n"}}
[info] [Firebase Plugin] Stopping SQL Connect toolkit
[warn] !  SQL Connect Emulator has exited upon receiving signal: SIGINT 
[debug] [2026-06-11T05:27:23.973Z] [Firebase Plugin] Activating Firebase extension.
[debug] [2026-06-11T05:27:37.327Z] [Firebase Plugin] requireAuthWrapper
[debug] [2026-06-11T05:27:37.331Z] > command requires scopes: ["email","openid","https://www.googleapis.com/auth/cloudplatformprojects.readonly","https://www.googleapis.com/auth/firebase","https://www.googleapis.com/auth/cloud-platform"]
[debug] [2026-06-11T05:27:37.332Z] > authorizing via signed-in user (mohammadsaifuddin68@gmail.com)
[debug] [2026-06-11T05:27:37.336Z] Checked if tokens are valid: true, expires at: 1781158964109
[debug] [2026-06-11T05:27:37.337Z] Checked if tokens are valid: true, expires at: 1781158964109
[debug] [2026-06-11T05:27:37.337Z] [Firebase Plugin] User found:  mohammadsaifuddin68@gmail.com
[info] [Firebase Plugin] (Core:Project) New user detected, fetching projects
[debug] [2026-06-11T05:27:37.340Z] Checked if tokens are valid: true, expires at: 1781158964109
[debug] [2026-06-11T05:27:37.342Z] >>> [apiv2][query] GET https://firebase.googleapis.com/v1beta1/projects pageSize=1000
[debug] [2026-06-11T05:27:37.360Z] [Firebase Plugin] VSCode notification server listening on port 40001
[info] [Firebase Plugin] Starting SQL Connect toolkit (version 3.4.10) on port 50001
[debug] [2026-06-11T05:27:37.843Z] 'fdc build' failed with error: Unable to build your SQL Connect schema and connectors (exit code 1): E0611 08:27:37.835898   25968 cmd.go:43] Error loading data connect config: could not find dataconnect.yaml in `c:\Users\user\.gemini\antigravity-ide\scratch\mesma-website\dataconnect`
 {"metadata":{"emulator":{"name":"dataconnect"},"message":"'fdc build' failed with error: Unable to build your SQL Connect schema and connectors (exit code 1): E0611 08:27:37.835898   25968 cmd.go:43] Error loading data connect config: could not find dataconnect.yaml in `c:\\Users\\user\\.gemini\\antigravity-ide\\scratch\\mesma-website\\dataconnect`\n"}}
[debug] [2026-06-11T05:27:37.844Z] Ignoring unsupported arg: auto_download {"metadata":{"emulator":{"name":"dataconnect"},"message":"Ignoring unsupported arg: auto_download"}}
[debug] [2026-06-11T05:27:37.845Z] Ignoring unsupported arg: port {"metadata":{"emulator":{"name":"dataconnect"},"message":"Ignoring unsupported arg: port"}}
[debug] [2026-06-11T05:27:37.845Z] Starting SQL Connect Emulator with command {"binary":"C:\\Users\\user\\.cache\\firebase\\emulators\\dataconnect-emulator-3.4.10.exe","args":["--logtostderr","-v=2","dev","--listen=localhost:50001","--config_dir=c:\\Users\\user\\.gemini\\antigravity-ide\\scratch\\mesma-website\\dataconnect","--enable_output_schema_extensions=true","--enable_output_generated_sdk=true"],"optionalArgs":["listen","config_dir","enable_output_schema_extensions","enable_output_generated_sdk"],"joinArgs":true,"shell":false,"port":9399} {"metadata":{"emulator":{"name":"dataconnect"},"message":"Starting SQL Connect Emulator with command {\"binary\":\"C:\\\\Users\\\\user\\\\.cache\\\\firebase\\\\emulators\\\\dataconnect-emulator-3.4.10.exe\",\"args\":[\"--logtostderr\",\"-v=2\",\"dev\",\"--listen=localhost:50001\",\"--config_dir=c:\\\\Users\\\\user\\\\.gemini\\\\antigravity-ide\\\\scratch\\\\mesma-website\\\\dataconnect\",\"--enable_output_schema_extensions=true\",\"--enable_output_generated_sdk=true\"],\"optionalArgs\":[\"listen\",\"config_dir\",\"enable_output_schema_extensions\",\"enable_output_generated_sdk\"],\"joinArgs\":true,\"shell\":false,\"port\":9399}"}}
[info] i  dataconnect: SQL Connect Emulator logging to dataconnect-debug.log {"metadata":{"emulator":{"name":"dataconnect"},"message":"SQL Connect Emulator logging to \u001b[1mdataconnect-debug.log\u001b[22m"}}
[debug] [2026-06-11T05:27:37.884Z] E0611 08:27:37.884437   27344 dev.go:83] Failed to load initial config from "c:\\Users\\user\\.gemini\\antigravity-ide\\scratch\\mesma-website\\dataconnect": could not find dataconnect.yaml in `c:\Users\user\.gemini\antigravity-ide\scratch\mesma-website\dataconnect`
 {"metadata":{"emulator":{"name":"dataconnect"},"message":"E0611 08:27:37.884437   27344 dev.go:83] Failed to load initial config from \"c:\\\\Users\\\\user\\\\.gemini\\\\antigravity-ide\\\\scratch\\\\mesma-website\\\\dataconnect\": could not find dataconnect.yaml in `c:\\Users\\user\\.gemini\\antigravity-ide\\scratch\\mesma-website\\dataconnect`\n"}}
[debug] [2026-06-11T05:27:37.887Z] E0611 08:27:37.886037   27344 watch.go:116] watchAllDir unable to walk dir `c:\Users\user\.gemini\antigravity-ide\scratch\mesma-website\dataconnect`: GetFileAttributesEx c:\Users\user\.gemini\antigravity-ide\scratch\mesma-website\dataconnect: The system cannot find the file specified.
 {"metadata":{"emulator":{"name":"dataconnect"},"message":"E0611 08:27:37.886037   27344 watch.go:116] watchAllDir unable to walk dir `c:\\Users\\user\\.gemini\\antigravity-ide\\scratch\\mesma-website\\dataconnect`: GetFileAttributesEx c:\\Users\\user\\.gemini\\antigravity-ide\\scratch\\mesma-website\\dataconnect: The system cannot find the file specified.\n"}}
[debug] [2026-06-11T05:27:37.907Z] I0611 08:27:37.907907   27344 dev.go:104] Listening on address (HTTP + gRPC): 127.0.0.1:50001
 {"metadata":{"emulator":{"name":"dataconnect"},"message":"I0611 08:27:37.907907   27344 dev.go:104] Listening on address (HTTP + gRPC): 127.0.0.1:50001\n"}}
[error] [Firebase Plugin] error:  {}
[debug] [2026-06-11T05:27:38.512Z] <<< [apiv2][status] GET https://firebase.googleapis.com/v1beta1/projects 200
[debug] [2026-06-11T05:27:38.512Z] <<< [apiv2][body] GET https://firebase.googleapis.com/v1beta1/projects [omitted]
[debug] [2026-06-11T05:27:47.889Z] E0611 08:27:47.889484   27344 watch.go:40] Failed to load config from "c:\\Users\\user\\.gemini\\antigravity-ide\\scratch\\mesma-website\\dataconnect": could not find dataconnect.yaml in `c:\Users\user\.gemini\antigravity-ide\scratch\mesma-website\dataconnect`
 {"metadata":{"emulator":{"name":"dataconnect"},"message":"E0611 08:27:47.889484   27344 watch.go:40] Failed to load config from \"c:\\\\Users\\\\user\\\\.gemini\\\\antigravity-ide\\\\scratch\\\\mesma-website\\\\dataconnect\": could not find dataconnect.yaml in `c:\\Users\\user\\.gemini\\antigravity-ide\\scratch\\mesma-website\\dataconnect`\n"}}
[debug] [2026-06-11T05:27:57.890Z] E0611 08:27:57.890332   27344 watch.go:40] Failed to load config from "c:\\Users\\user\\.gemini\\antigravity-ide\\scratch\\mesma-website\\dataconnect": could not find dataconnect.yaml in `c:\Users\user\.gemini\antigravity-ide\scratch\mesma-website\dataconnect`
 {"metadata":{"emulator":{"name":"dataconnect"},"message":"E0611 08:27:57.890332   27344 watch.go:40] Failed to load config from \"c:\\\\Users\\\\user\\\\.gemini\\\\antigravity-ide\\\\scratch\\\\mesma-website\\\\dataconnect\": could not find dataconnect.yaml in `c:\\Users\\user\\.gemini\\antigravity-ide\\scratch\\mesma-website\\dataconnect`\n"}}
[debug] [2026-06-11T05:28:07.891Z] E0611 08:28:07.891419   27344 watch.go:40] Failed to load config from "c:\\Users\\user\\.gemini\\antigravity-ide\\scratch\\mesma-website\\dataconnect": could not find dataconnect.yaml in `c:\Users\user\.gemini\antigravity-ide\scratch\mesma-website\dataconnect`
 {"metadata":{"emulator":{"name":"dataconnect"},"message":"E0611 08:28:07.891419   27344 watch.go:40] Failed to load config from \"c:\\\\Users\\\\user\\\\.gemini\\\\antigravity-ide\\\\scratch\\\\mesma-website\\\\dataconnect\": could not find dataconnect.yaml in `c:\\Users\\user\\.gemini\\antigravity-ide\\scratch\\mesma-website\\dataconnect`\n"}}
[debug] [2026-06-11T05:28:17.890Z] E0611 08:28:17.889586   27344 watch.go:40] Failed to load config from "c:\\Users\\user\\.gemini\\antigravity-ide\\scratch\\mesma-website\\dataconnect": could not find dataconnect.yaml in `c:\Users\user\.gemini\antigravity-ide\scratch\mesma-website\dataconnect`
 {"metadata":{"emulator":{"name":"dataconnect"},"message":"E0611 08:28:17.889586   27344 watch.go:40] Failed to load config from \"c:\\\\Users\\\\user\\\\.gemini\\\\antigravity-ide\\\\scratch\\\\mesma-website\\\\dataconnect\": could not find dataconnect.yaml in `c:\\Users\\user\\.gemini\\antigravity-ide\\scratch\\mesma-website\\dataconnect`\n"}}
[debug] [2026-06-11T05:28:27.889Z] E0611 08:28:27.889202   27344 watch.go:40] Failed to load config from "c:\\Users\\user\\.gemini\\antigravity-ide\\scratch\\mesma-website\\dataconnect": could not find dataconnect.yaml in `c:\Users\user\.gemini\antigravity-ide\scratch\mesma-website\dataconnect`
 {"metadata":{"emulator":{"name":"dataconnect"},"message":"E0611 08:28:27.889202   27344 watch.go:40] Failed to load config from \"c:\\\\Users\\\\user\\\\.gemini\\\\antigravity-ide\\\\scratch\\\\mesma-website\\\\dataconnect\": could not find dataconnect.yaml in `c:\\Users\\user\\.gemini\\antigravity-ide\\scratch\\mesma-website\\dataconnect`\n"}}
[debug] [2026-06-11T05:28:37.889Z] E0611 08:28:37.889099   27344 watch.go:116] watchAllDir unable to walk dir `c:\Users\user\.gemini\antigravity-ide\scratch\mesma-website\dataconnect`: GetFileAttributesEx c:\Users\user\.gemini\antigravity-ide\scratch\mesma-website\dataconnect: The system cannot find the file specified.
 {"metadata":{"emulator":{"name":"dataconnect"},"message":"E0611 08:28:37.889099   27344 watch.go:116] watchAllDir unable to walk dir `c:\\Users\\user\\.gemini\\antigravity-ide\\scratch\\mesma-website\\dataconnect`: GetFileAttributesEx c:\\Users\\user\\.gemini\\antigravity-ide\\scratch\\mesma-website\\dataconnect: The system cannot find the file specified.\n"}}
[debug] [2026-06-11T05:28:37.892Z] E0611 08:28:37.890359   27344 watch.go:40] Failed to load config from "c:\\Users\\user\\.gemini\\antigravity-ide\\scratch\\mesma-website\\dataconnect": could not find dataconnect.yaml in `c:\Users\user\.gemini\antigravity-ide\scratch\mesma-website\dataconnect`
 {"metadata":{"emulator":{"name":"dataconnect"},"message":"E0611 08:28:37.890359   27344 watch.go:40] Failed to load config from \"c:\\\\Users\\\\user\\\\.gemini\\\\antigravity-ide\\\\scratch\\\\mesma-website\\\\dataconnect\": could not find dataconnect.yaml in `c:\\Users\\user\\.gemini\\antigravity-ide\\scratch\\mesma-website\\dataconnect`\n"}}
[debug] [2026-06-11T05:28:47.891Z] E0611 08:28:47.891747   27344 watch.go:40] Failed to load config from "c:\\Users\\user\\.gemini\\antigravity-ide\\scratch\\mesma-website\\dataconnect": could not find dataconnect.yaml in `c:\Users\user\.gemini\antigravity-ide\scratch\mesma-website\dataconnect`
 {"metadata":{"emulator":{"name":"dataconnect"},"message":"E0611 08:28:47.891747   27344 watch.go:40] Failed to load config from \"c:\\\\Users\\\\user\\\\.gemini\\\\antigravity-ide\\\\scratch\\\\mesma-website\\\\dataconnect\": could not find dataconnect.yaml in `c:\\Users\\user\\.gemini\\antigravity-ide\\scratch\\mesma-website\\dataconnect`\n"}}
[debug] [2026-06-11T05:28:57.892Z] E0611 08:28:57.891987   27344 watch.go:40] Failed to load config from "c:\\Users\\user\\.gemini\\antigravity-ide\\scratch\\mesma-website\\dataconnect": could not find dataconnect.yaml in `c:\Users\user\.gemini\antigravity-ide\scratch\mesma-website\dataconnect`
 {"metadata":{"emulator":{"name":"dataconnect"},"message":"E0611 08:28:57.891987   27344 watch.go:40] Failed to load config from \"c:\\\\Users\\\\user\\\\.gemini\\\\antigravity-ide\\\\scratch\\\\mesma-website\\\\dataconnect\": could not find dataconnect.yaml in `c:\\Users\\user\\.gemini\\antigravity-ide\\scratch\\mesma-website\\dataconnect`\n"}}
[debug] [2026-06-11T05:29:07.890Z] E0611 08:29:07.890222   27344 watch.go:40] Failed to load config from "c:\\Users\\user\\.gemini\\antigravity-ide\\scratch\\mesma-website\\dataconnect": could not find dataconnect.yaml in `c:\Users\user\.gemini\antigravity-ide\scratch\mesma-website\dataconnect`
 {"metadata":{"emulator":{"name":"dataconnect"},"message":"E0611 08:29:07.890222   27344 watch.go:40] Failed to load config from \"c:\\\\Users\\\\user\\\\.gemini\\\\antigravity-ide\\\\scratch\\\\mesma-website\\\\dataconnect\": could not find dataconnect.yaml in `c:\\Users\\user\\.gemini\\antigravity-ide\\scratch\\mesma-website\\dataconnect`\n"}}
[debug] [2026-06-11T05:29:17.889Z] E0611 08:29:17.889367   27344 watch.go:40] Failed to load config from "c:\\Users\\user\\.gemini\\antigravity-ide\\scratch\\mesma-website\\dataconnect": could not find dataconnect.yaml in `c:\Users\user\.gemini\antigravity-ide\scratch\mesma-website\dataconnect`
 {"metadata":{"emulator":{"name":"dataconnect"},"message":"E0611 08:29:17.889367   27344 watch.go:40] Failed to load config from \"c:\\\\Users\\\\user\\\\.gemini\\\\antigravity-ide\\\\scratch\\\\mesma-website\\\\dataconnect\": could not find dataconnect.yaml in `c:\\Users\\user\\.gemini\\antigravity-ide\\scratch\\mesma-website\\dataconnect`\n"}}
[debug] [2026-06-11T05:29:27.891Z] E0611 08:29:27.890525   27344 watch.go:40] Failed to load config from "c:\\Users\\user\\.gemini\\antigravity-ide\\scratch\\mesma-website\\dataconnect": could not find dataconnect.yaml in `c:\Users\user\.gemini\antigravity-ide\scratch\mesma-website\dataconnect`
 {"metadata":{"emulator":{"name":"dataconnect"},"message":"E0611 08:29:27.890525   27344 watch.go:40] Failed to load config from \"c:\\\\Users\\\\user\\\\.gemini\\\\antigravity-ide\\\\scratch\\\\mesma-website\\\\dataconnect\": could not find dataconnect.yaml in `c:\\Users\\user\\.gemini\\antigravity-ide\\scratch\\mesma-website\\dataconnect`\n"}}
[debug] [2026-06-11T05:29:37.893Z] E0611 08:29:37.892365   27344 watch.go:116] watchAllDir unable to walk dir `c:\Users\user\.gemini\antigravity-ide\scratch\mesma-website\dataconnect`: GetFileAttributesEx c:\Users\user\.gemini\antigravity-ide\scratch\mesma-website\dataconnect: The system cannot find the file specified.
E0611 08:29:37.893146   27344 watch.go:40] Failed to load config from "c:\\Users\\user\\.gemini\\antigravity-ide\\scratch\\mesma-website\\dataconnect": could not find dataconnect.yaml in `c:\Users\user\.gemini\antigravity-ide\scratch\mesma-website\dataconnect`
 {"metadata":{"emulator":{"name":"dataconnect"},"message":"E0611 08:29:37.892365   27344 watch.go:116] watchAllDir unable to walk dir `c:\\Users\\user\\.gemini\\antigravity-ide\\scratch\\mesma-website\\dataconnect`: GetFileAttributesEx c:\\Users\\user\\.gemini\\antigravity-ide\\scratch\\mesma-website\\dataconnect: The system cannot find the file specified.\nE0611 08:29:37.893146   27344 watch.go:40] Failed to load config from \"c:\\\\Users\\\\user\\\\.gemini\\\\antigravity-ide\\\\scratch\\\\mesma-website\\\\dataconnect\": could not find dataconnect.yaml in `c:\\Users\\user\\.gemini\\antigravity-ide\\scratch\\mesma-website\\dataconnect`\n"}}
[debug] [2026-06-11T05:29:47.889Z] E0611 08:29:47.889299   27344 watch.go:40] Failed to load config from "c:\\Users\\user\\.gemini\\antigravity-ide\\scratch\\mesma-website\\dataconnect": could not find dataconnect.yaml in `c:\Users\user\.gemini\antigravity-ide\scratch\mesma-website\dataconnect`
 {"metadata":{"emulator":{"name":"dataconnect"},"message":"E0611 08:29:47.889299   27344 watch.go:40] Failed to load config from \"c:\\\\Users\\\\user\\\\.gemini\\\\antigravity-ide\\\\scratch\\\\mesma-website\\\\dataconnect\": could not find dataconnect.yaml in `c:\\Users\\user\\.gemini\\antigravity-ide\\scratch\\mesma-website\\dataconnect`\n"}}
[debug] [2026-06-11T05:29:57.890Z] E0611 08:29:57.890272   27344 watch.go:40] Failed to load config from "c:\\Users\\user\\.gemini\\antigravity-ide\\scratch\\mesma-website\\dataconnect": could not find dataconnect.yaml in `c:\Users\user\.gemini\antigravity-ide\scratch\mesma-website\dataconnect`
 {"metadata":{"emulator":{"name":"dataconnect"},"message":"E0611 08:29:57.890272   27344 watch.go:40] Failed to load config from \"c:\\\\Users\\\\user\\\\.gemini\\\\antigravity-ide\\\\scratch\\\\mesma-website\\\\dataconnect\": could not find dataconnect.yaml in `c:\\Users\\user\\.gemini\\antigravity-ide\\scratch\\mesma-website\\dataconnect`\n"}}
[debug] [2026-06-11T05:30:07.889Z] E0611 08:30:07.889095   27344 watch.go:40] Failed to load config from "c:\\Users\\user\\.gemini\\antigravity-ide\\scratch\\mesma-website\\dataconnect": could not find dataconnect.yaml in `c:\Users\user\.gemini\antigravity-ide\scratch\mesma-website\dataconnect`
 {"metadata":{"emulator":{"name":"dataconnect"},"message":"E0611 08:30:07.889095   27344 watch.go:40] Failed to load config from \"c:\\\\Users\\\\user\\\\.gemini\\\\antigravity-ide\\\\scratch\\\\mesma-website\\\\dataconnect\": could not find dataconnect.yaml in `c:\\Users\\user\\.gemini\\antigravity-ide\\scratch\\mesma-website\\dataconnect`\n"}}
[debug] [2026-06-11T05:30:17.889Z] E0611 08:30:17.889462   27344 watch.go:40] Failed to load config from "c:\\Users\\user\\.gemini\\antigravity-ide\\scratch\\mesma-website\\dataconnect": could not find dataconnect.yaml in `c:\Users\user\.gemini\antigravity-ide\scratch\mesma-website\dataconnect`
 {"metadata":{"emulator":{"name":"dataconnect"},"message":"E0611 08:30:17.889462   27344 watch.go:40] Failed to load config from \"c:\\\\Users\\\\user\\\\.gemini\\\\antigravity-ide\\\\scratch\\\\mesma-website\\\\dataconnect\": could not find dataconnect.yaml in `c:\\Users\\user\\.gemini\\antigravity-ide\\scratch\\mesma-website\\dataconnect`\n"}}
[debug] [2026-06-11T05:30:27.892Z] E0611 08:30:27.891385   27344 watch.go:40] Failed to load config from "c:\\Users\\user\\.gemini\\antigravity-ide\\scratch\\mesma-website\\dataconnect": could not find dataconnect.yaml in `c:\Users\user\.gemini\antigravity-ide\scratch\mesma-website\dataconnect`
 {"metadata":{"emulator":{"name":"dataconnect"},"message":"E0611 08:30:27.891385   27344 watch.go:40] Failed to load config from \"c:\\\\Users\\\\user\\\\.gemini\\\\antigravity-ide\\\\scratch\\\\mesma-website\\\\dataconnect\": could not find dataconnect.yaml in `c:\\Users\\user\\.gemini\\antigravity-ide\\scratch\\mesma-website\\dataconnect`\n"}}
[debug] [2026-06-11T05:30:37.891Z] E0611 08:30:37.890977   27344 watch.go:116] watchAllDir unable to walk dir `c:\Users\user\.gemini\antigravity-ide\scratch\mesma-website\dataconnect`: GetFileAttributesEx c:\Users\user\.gemini\antigravity-ide\scratch\mesma-website\dataconnect: The system cannot find the file specified.
 {"metadata":{"emulator":{"name":"dataconnect"},"message":"E0611 08:30:37.890977   27344 watch.go:116] watchAllDir unable to walk dir `c:\\Users\\user\\.gemini\\antigravity-ide\\scratch\\mesma-website\\dataconnect`: GetFileAttributesEx c:\\Users\\user\\.gemini\\antigravity-ide\\scratch\\mesma-website\\dataconnect: The system cannot find the file specified.\n"}}
[debug] [2026-06-11T05:30:37.892Z] E0611 08:30:37.890977   27344 watch.go:40] Failed to load config from "c:\\Users\\user\\.gemini\\antigravity-ide\\scratch\\mesma-website\\dataconnect": could not find dataconnect.yaml in `c:\Users\user\.gemini\antigravity-ide\scratch\mesma-website\dataconnect`
 {"metadata":{"emulator":{"name":"dataconnect"},"message":"E0611 08:30:37.890977   27344 watch.go:40] Failed to load config from \"c:\\\\Users\\\\user\\\\.gemini\\\\antigravity-ide\\\\scratch\\\\mesma-website\\\\dataconnect\": could not find dataconnect.yaml in `c:\\Users\\user\\.gemini\\antigravity-ide\\scratch\\mesma-website\\dataconnect`\n"}}
[debug] [2026-06-11T05:30:47.889Z] E0611 08:30:47.889280   27344 watch.go:40] Failed to load config from "c:\\Users\\user\\.gemini\\antigravity-ide\\scratch\\mesma-website\\dataconnect": could not find dataconnect.yaml in `c:\Users\user\.gemini\antigravity-ide\scratch\mesma-website\dataconnect`
 {"metadata":{"emulator":{"name":"dataconnect"},"message":"E0611 08:30:47.889280   27344 watch.go:40] Failed to load config from \"c:\\\\Users\\\\user\\\\.gemini\\\\antigravity-ide\\\\scratch\\\\mesma-website\\\\dataconnect\": could not find dataconnect.yaml in `c:\\Users\\user\\.gemini\\antigravity-ide\\scratch\\mesma-website\\dataconnect`\n"}}
[debug] [2026-06-11T05:30:57.889Z] E0611 08:30:57.890150   27344 watch.go:40] Failed to load config from "c:\\Users\\user\\.gemini\\antigravity-ide\\scratch\\mesma-website\\dataconnect": could not find dataconnect.yaml in `c:\Users\user\.gemini\antigravity-ide\scratch\mesma-website\dataconnect`
 {"metadata":{"emulator":{"name":"dataconnect"},"message":"E0611 08:30:57.890150   27344 watch.go:40] Failed to load config from \"c:\\\\Users\\\\user\\\\.gemini\\\\antigravity-ide\\\\scratch\\\\mesma-website\\\\dataconnect\": could not find dataconnect.yaml in `c:\\Users\\user\\.gemini\\antigravity-ide\\scratch\\mesma-website\\dataconnect`\n"}}
[debug] [2026-06-11T05:31:07.890Z] E0611 08:31:07.890451   27344 watch.go:40] Failed to load config from "c:\\Users\\user\\.gemini\\antigravity-ide\\scratch\\mesma-website\\dataconnect": could not find dataconnect.yaml in `c:\Users\user\.gemini\antigravity-ide\scratch\mesma-website\dataconnect`
 {"metadata":{"emulator":{"name":"dataconnect"},"message":"E0611 08:31:07.890451   27344 watch.go:40] Failed to load config from \"c:\\\\Users\\\\user\\\\.gemini\\\\antigravity-ide\\\\scratch\\\\mesma-website\\\\dataconnect\": could not find dataconnect.yaml in `c:\\Users\\user\\.gemini\\antigravity-ide\\scratch\\mesma-website\\dataconnect`\n"}}
[debug] [2026-06-11T05:31:17.890Z] E0611 08:31:17.891248   27344 watch.go:40] Failed to load config from "c:\\Users\\user\\.gemini\\antigravity-ide\\scratch\\mesma-website\\dataconnect": could not find dataconnect.yaml in `c:\Users\user\.gemini\antigravity-ide\scratch\mesma-website\dataconnect`
 {"metadata":{"emulator":{"name":"dataconnect"},"message":"E0611 08:31:17.891248   27344 watch.go:40] Failed to load config from \"c:\\\\Users\\\\user\\\\.gemini\\\\antigravity-ide\\\\scratch\\\\mesma-website\\\\dataconnect\": could not find dataconnect.yaml in `c:\\Users\\user\\.gemini\\antigravity-ide\\scratch\\mesma-website\\dataconnect`\n"}}
[debug] [2026-06-11T05:31:27.889Z] E0611 08:31:27.889600   27344 watch.go:40] Failed to load config from "c:\\Users\\user\\.gemini\\antigravity-ide\\scratch\\mesma-website\\dataconnect": could not find dataconnect.yaml in `c:\Users\user\.gemini\antigravity-ide\scratch\mesma-website\dataconnect`
 {"metadata":{"emulator":{"name":"dataconnect"},"message":"E0611 08:31:27.889600   27344 watch.go:40] Failed to load config from \"c:\\\\Users\\\\user\\\\.gemini\\\\antigravity-ide\\\\scratch\\\\mesma-website\\\\dataconnect\": could not find dataconnect.yaml in `c:\\Users\\user\\.gemini\\antigravity-ide\\scratch\\mesma-website\\dataconnect`\n"}}
[debug] [2026-06-11T05:31:37.888Z] E0611 08:31:37.889151   27344 watch.go:116] watchAllDir unable to walk dir `c:\Users\user\.gemini\antigravity-ide\scratch\mesma-website\dataconnect`: GetFileAttributesEx c:\Users\user\.gemini\antigravity-ide\scratch\mesma-website\dataconnect: The system cannot find the file specified.
 {"metadata":{"emulator":{"name":"dataconnect"},"message":"E0611 08:31:37.889151   27344 watch.go:116] watchAllDir unable to walk dir `c:\\Users\\user\\.gemini\\antigravity-ide\\scratch\\mesma-website\\dataconnect`: GetFileAttributesEx c:\\Users\\user\\.gemini\\antigravity-ide\\scratch\\mesma-website\\dataconnect: The system cannot find the file specified.\n"}}
[debug] [2026-06-11T05:31:37.891Z] E0611 08:31:37.889758   27344 watch.go:40] Failed to load config from "c:\\Users\\user\\.gemini\\antigravity-ide\\scratch\\mesma-website\\dataconnect": could not find dataconnect.yaml in `c:\Users\user\.gemini\antigravity-ide\scratch\mesma-website\dataconnect`
 {"metadata":{"emulator":{"name":"dataconnect"},"message":"E0611 08:31:37.889758   27344 watch.go:40] Failed to load config from \"c:\\\\Users\\\\user\\\\.gemini\\\\antigravity-ide\\\\scratch\\\\mesma-website\\\\dataconnect\": could not find dataconnect.yaml in `c:\\Users\\user\\.gemini\\antigravity-ide\\scratch\\mesma-website\\dataconnect`\n"}}
[debug] [2026-06-11T05:31:47.891Z] E0611 08:31:47.889217   27344 watch.go:40] Failed to load config from "c:\\Users\\user\\.gemini\\antigravity-ide\\scratch\\mesma-website\\dataconnect": could not find dataconnect.yaml in `c:\Users\user\.gemini\antigravity-ide\scratch\mesma-website\dataconnect`
 {"metadata":{"emulator":{"name":"dataconnect"},"message":"E0611 08:31:47.889217   27344 watch.go:40] Failed to load config from \"c:\\\\Users\\\\user\\\\.gemini\\\\antigravity-ide\\\\scratch\\\\mesma-website\\\\dataconnect\": could not find dataconnect.yaml in `c:\\Users\\user\\.gemini\\antigravity-ide\\scratch\\mesma-website\\dataconnect`\n"}}
[debug] [2026-06-11T05:31:57.901Z] E0611 08:31:57.901418   27344 watch.go:40] Failed to load config from "c:\\Users\\user\\.gemini\\antigravity-ide\\scratch\\mesma-website\\dataconnect": could not find dataconnect.yaml in `c:\Users\user\.gemini\antigravity-ide\scratch\mesma-website\dataconnect`
 {"metadata":{"emulator":{"name":"dataconnect"},"message":"E0611 08:31:57.901418   27344 watch.go:40] Failed to load config from \"c:\\\\Users\\\\user\\\\.gemini\\\\antigravity-ide\\\\scratch\\\\mesma-website\\\\dataconnect\": could not find dataconnect.yaml in `c:\\Users\\user\\.gemini\\antigravity-ide\\scratch\\mesma-website\\dataconnect`\n"}}
[debug] [2026-06-11T05:32:07.890Z] E0611 08:32:07.889970   27344 watch.go:40] Failed to load config from "c:\\Users\\user\\.gemini\\antigravity-ide\\scratch\\mesma-website\\dataconnect": could not find dataconnect.yaml in `c:\Users\user\.gemini\antigravity-ide\scratch\mesma-website\dataconnect`
 {"metadata":{"emulator":{"name":"dataconnect"},"message":"E0611 08:32:07.889970   27344 watch.go:40] Failed to load config from \"c:\\\\Users\\\\user\\\\.gemini\\\\antigravity-ide\\\\scratch\\\\mesma-website\\\\dataconnect\": could not find dataconnect.yaml in `c:\\Users\\user\\.gemini\\antigravity-ide\\scratch\\mesma-website\\dataconnect`\n"}}
[debug] [2026-06-11T05:32:17.891Z] E0611 08:32:17.891316   27344 watch.go:40] Failed to load config from "c:\\Users\\user\\.gemini\\antigravity-ide\\scratch\\mesma-website\\dataconnect": could not find dataconnect.yaml in `c:\Users\user\.gemini\antigravity-ide\scratch\mesma-website\dataconnect`
 {"metadata":{"emulator":{"name":"dataconnect"},"message":"E0611 08:32:17.891316   27344 watch.go:40] Failed to load config from \"c:\\\\Users\\\\user\\\\.gemini\\\\antigravity-ide\\\\scratch\\\\mesma-website\\\\dataconnect\": could not find dataconnect.yaml in `c:\\Users\\user\\.gemini\\antigravity-ide\\scratch\\mesma-website\\dataconnect`\n"}}
[debug] [2026-06-11T05:32:27.892Z] E0611 08:32:27.892683   27344 watch.go:40] Failed to load config from "c:\\Users\\user\\.gemini\\antigravity-ide\\scratch\\mesma-website\\dataconnect": could not find dataconnect.yaml in `c:\Users\user\.gemini\antigravity-ide\scratch\mesma-website\dataconnect`
 {"metadata":{"emulator":{"name":"dataconnect"},"message":"E0611 08:32:27.892683   27344 watch.go:40] Failed to load config from \"c:\\\\Users\\\\user\\\\.gemini\\\\antigravity-ide\\\\scratch\\\\mesma-website\\\\dataconnect\": could not find dataconnect.yaml in `c:\\Users\\user\\.gemini\\antigravity-ide\\scratch\\mesma-website\\dataconnect`\n"}}
[debug] [2026-06-11T05:32:37.889Z] E0611 08:32:37.889330   27344 watch.go:116] watchAllDir unable to walk dir `c:\Users\user\.gemini\antigravity-ide\scratch\mesma-website\dataconnect`: GetFileAttributesEx c:\Users\user\.gemini\antigravity-ide\scratch\mesma-website\dataconnect: The system cannot find the file specified.
 {"metadata":{"emulator":{"name":"dataconnect"},"message":"E0611 08:32:37.889330   27344 watch.go:116] watchAllDir unable to walk dir `c:\\Users\\user\\.gemini\\antigravity-ide\\scratch\\mesma-website\\dataconnect`: GetFileAttributesEx c:\\Users\\user\\.gemini\\antigravity-ide\\scratch\\mesma-website\\dataconnect: The system cannot find the file specified.\n"}}
[debug] [2026-06-11T05:32:37.891Z] E0611 08:32:37.889826   27344 watch.go:40] Failed to load config from "c:\\Users\\user\\.gemini\\antigravity-ide\\scratch\\mesma-website\\dataconnect": could not find dataconnect.yaml in `c:\Users\user\.gemini\antigravity-ide\scratch\mesma-website\dataconnect`
 {"metadata":{"emulator":{"name":"dataconnect"},"message":"E0611 08:32:37.889826   27344 watch.go:40] Failed to load config from \"c:\\\\Users\\\\user\\\\.gemini\\\\antigravity-ide\\\\scratch\\\\mesma-website\\\\dataconnect\": could not find dataconnect.yaml in `c:\\Users\\user\\.gemini\\antigravity-ide\\scratch\\mesma-website\\dataconnect`\n"}}
[debug] [2026-06-11T05:32:47.891Z] E0611 08:32:47.890679   27344 watch.go:40] Failed to load config from "c:\\Users\\user\\.gemini\\antigravity-ide\\scratch\\mesma-website\\dataconnect": could not find dataconnect.yaml in `c:\Users\user\.gemini\antigravity-ide\scratch\mesma-website\dataconnect`
 {"metadata":{"emulator":{"name":"dataconnect"},"message":"E0611 08:32:47.890679   27344 watch.go:40] Failed to load config from \"c:\\\\Users\\\\user\\\\.gemini\\\\antigravity-ide\\\\scratch\\\\mesma-website\\\\dataconnect\": could not find dataconnect.yaml in `c:\\Users\\user\\.gemini\\antigravity-ide\\scratch\\mesma-website\\dataconnect`\n"}}
[debug] [2026-06-11T05:32:57.893Z] E0611 08:32:57.892530   27344 watch.go:40] Failed to load config from "c:\\Users\\user\\.gemini\\antigravity-ide\\scratch\\mesma-website\\dataconnect": could not find dataconnect.yaml in `c:\Users\user\.gemini\antigravity-ide\scratch\mesma-website\dataconnect`
 {"metadata":{"emulator":{"name":"dataconnect"},"message":"E0611 08:32:57.892530   27344 watch.go:40] Failed to load config from \"c:\\\\Users\\\\user\\\\.gemini\\\\antigravity-ide\\\\scratch\\\\mesma-website\\\\dataconnect\": could not find dataconnect.yaml in `c:\\Users\\user\\.gemini\\antigravity-ide\\scratch\\mesma-website\\dataconnect`\n"}}
[debug] [2026-06-11T05:33:07.893Z] E0611 08:33:07.891744   27344 watch.go:40] Failed to load config from "c:\\Users\\user\\.gemini\\antigravity-ide\\scratch\\mesma-website\\dataconnect": could not find dataconnect.yaml in `c:\Users\user\.gemini\antigravity-ide\scratch\mesma-website\dataconnect`
 {"metadata":{"emulator":{"name":"dataconnect"},"message":"E0611 08:33:07.891744   27344 watch.go:40] Failed to load config from \"c:\\\\Users\\\\user\\\\.gemini\\\\antigravity-ide\\\\scratch\\\\mesma-website\\\\dataconnect\": could not find dataconnect.yaml in `c:\\Users\\user\\.gemini\\antigravity-ide\\scratch\\mesma-website\\dataconnect`\n"}}
[debug] [2026-06-11T05:33:17.892Z] E0611 08:33:17.891372   27344 watch.go:40] Failed to load config from "c:\\Users\\user\\.gemini\\antigravity-ide\\scratch\\mesma-website\\dataconnect": could not find dataconnect.yaml in `c:\Users\user\.gemini\antigravity-ide\scratch\mesma-website\dataconnect`
 {"metadata":{"emulator":{"name":"dataconnect"},"message":"E0611 08:33:17.891372   27344 watch.go:40] Failed to load config from \"c:\\\\Users\\\\user\\\\.gemini\\\\antigravity-ide\\\\scratch\\\\mesma-website\\\\dataconnect\": could not find dataconnect.yaml in `c:\\Users\\user\\.gemini\\antigravity-ide\\scratch\\mesma-website\\dataconnect`\n"}}
[debug] [2026-06-11T05:33:27.889Z] E0611 08:33:27.889094   27344 watch.go:40] Failed to load config from "c:\\Users\\user\\.gemini\\antigravity-ide\\scratch\\mesma-website\\dataconnect": could not find dataconnect.yaml in `c:\Users\user\.gemini\antigravity-ide\scratch\mesma-website\dataconnect`
 {"metadata":{"emulator":{"name":"dataconnect"},"message":"E0611 08:33:27.889094   27344 watch.go:40] Failed to load config from \"c:\\\\Users\\\\user\\\\.gemini\\\\antigravity-ide\\\\scratch\\\\mesma-website\\\\dataconnect\": could not find dataconnect.yaml in `c:\\Users\\user\\.gemini\\antigravity-ide\\scratch\\mesma-website\\dataconnect`\n"}}
[debug] [2026-06-11T05:33:37.889Z] E0611 08:33:37.888974   27344 watch.go:116] watchAllDir unable to walk dir `c:\Users\user\.gemini\antigravity-ide\scratch\mesma-website\dataconnect`: GetFileAttributesEx c:\Users\user\.gemini\antigravity-ide\scratch\mesma-website\dataconnect: The system cannot find the file specified.
 {"metadata":{"emulator":{"name":"dataconnect"},"message":"E0611 08:33:37.888974   27344 watch.go:116] watchAllDir unable to walk dir `c:\\Users\\user\\.gemini\\antigravity-ide\\scratch\\mesma-website\\dataconnect`: GetFileAttributesEx c:\\Users\\user\\.gemini\\antigravity-ide\\scratch\\mesma-website\\dataconnect: The system cannot find the file specified.\n"}}
[debug] [2026-06-11T05:33:37.891Z] E0611 08:33:37.889632   27344 watch.go:40] Failed to load config from "c:\\Users\\user\\.gemini\\antigravity-ide\\scratch\\mesma-website\\dataconnect": could not find dataconnect.yaml in `c:\Users\user\.gemini\antigravity-ide\scratch\mesma-website\dataconnect`
 {"metadata":{"emulator":{"name":"dataconnect"},"message":"E0611 08:33:37.889632   27344 watch.go:40] Failed to load config from \"c:\\\\Users\\\\user\\\\.gemini\\\\antigravity-ide\\\\scratch\\\\mesma-website\\\\dataconnect\": could not find dataconnect.yaml in `c:\\Users\\user\\.gemini\\antigravity-ide\\scratch\\mesma-website\\dataconnect`\n"}}
[debug] [2026-06-11T05:33:47.890Z] E0611 08:33:47.890130   27344 watch.go:40] Failed to load config from "c:\\Users\\user\\.gemini\\antigravity-ide\\scratch\\mesma-website\\dataconnect": could not find dataconnect.yaml in `c:\Users\user\.gemini\antigravity-ide\scratch\mesma-website\dataconnect`
 {"metadata":{"emulator":{"name":"dataconnect"},"message":"E0611 08:33:47.890130   27344 watch.go:40] Failed to load config from \"c:\\\\Users\\\\user\\\\.gemini\\\\antigravity-ide\\\\scratch\\\\mesma-website\\\\dataconnect\": could not find dataconnect.yaml in `c:\\Users\\user\\.gemini\\antigravity-ide\\scratch\\mesma-website\\dataconnect`\n"}}
[debug] [2026-06-11T05:33:57.890Z] E0611 08:33:57.890872   27344 watch.go:40] Failed to load config from "c:\\Users\\user\\.gemini\\antigravity-ide\\scratch\\mesma-website\\dataconnect": could not find dataconnect.yaml in `c:\Users\user\.gemini\antigravity-ide\scratch\mesma-website\dataconnect`
 {"metadata":{"emulator":{"name":"dataconnect"},"message":"E0611 08:33:57.890872   27344 watch.go:40] Failed to load config from \"c:\\\\Users\\\\user\\\\.gemini\\\\antigravity-ide\\\\scratch\\\\mesma-website\\\\dataconnect\": could not find dataconnect.yaml in `c:\\Users\\user\\.gemini\\antigravity-ide\\scratch\\mesma-website\\dataconnect`\n"}}
[debug] [2026-06-11T05:34:07.890Z] E0611 08:34:07.889469   27344 watch.go:40] Failed to load config from "c:\\Users\\user\\.gemini\\antigravity-ide\\scratch\\mesma-website\\dataconnect": could not find dataconnect.yaml in `c:\Users\user\.gemini\antigravity-ide\scratch\mesma-website\dataconnect`
 {"metadata":{"emulator":{"name":"dataconnect"},"message":"E0611 08:34:07.889469   27344 watch.go:40] Failed to load config from \"c:\\\\Users\\\\user\\\\.gemini\\\\antigravity-ide\\\\scratch\\\\mesma-website\\\\dataconnect\": could not find dataconnect.yaml in `c:\\Users\\user\\.gemini\\antigravity-ide\\scratch\\mesma-website\\dataconnect`\n"}}
[debug] [2026-06-11T05:34:17.892Z] E0611 08:34:17.891925   27344 watch.go:40] Failed to load config from "c:\\Users\\user\\.gemini\\antigravity-ide\\scratch\\mesma-website\\dataconnect": could not find dataconnect.yaml in `c:\Users\user\.gemini\antigravity-ide\scratch\mesma-website\dataconnect`
 {"metadata":{"emulator":{"name":"dataconnect"},"message":"E0611 08:34:17.891925   27344 watch.go:40] Failed to load config from \"c:\\\\Users\\\\user\\\\.gemini\\\\antigravity-ide\\\\scratch\\\\mesma-website\\\\dataconnect\": could not find dataconnect.yaml in `c:\\Users\\user\\.gemini\\antigravity-ide\\scratch\\mesma-website\\dataconnect`\n"}}
[debug] [2026-06-11T05:34:27.889Z] E0611 08:34:27.889206   27344 watch.go:40] Failed to load config from "c:\\Users\\user\\.gemini\\antigravity-ide\\scratch\\mesma-website\\dataconnect": could not find dataconnect.yaml in `c:\Users\user\.gemini\antigravity-ide\scratch\mesma-website\dataconnect`
 {"metadata":{"emulator":{"name":"dataconnect"},"message":"E0611 08:34:27.889206   27344 watch.go:40] Failed to load config from \"c:\\\\Users\\\\user\\\\.gemini\\\\antigravity-ide\\\\scratch\\\\mesma-website\\\\dataconnect\": could not find dataconnect.yaml in `c:\\Users\\user\\.gemini\\antigravity-ide\\scratch\\mesma-website\\dataconnect`\n"}}
[debug] [2026-06-11T05:34:37.889Z] E0611 08:34:37.888943   27344 watch.go:116] watchAllDir unable to walk dir `c:\Users\user\.gemini\antigravity-ide\scratch\mesma-website\dataconnect`: GetFileAttributesEx c:\Users\user\.gemini\antigravity-ide\scratch\mesma-website\dataconnect: The system cannot find the file specified.
 {"metadata":{"emulator":{"name":"dataconnect"},"message":"E0611 08:34:37.888943   27344 watch.go:116] watchAllDir unable to walk dir `c:\\Users\\user\\.gemini\\antigravity-ide\\scratch\\mesma-website\\dataconnect`: GetFileAttributesEx c:\\Users\\user\\.gemini\\antigravity-ide\\scratch\\mesma-website\\dataconnect: The system cannot find the file specified.\n"}}
[debug] [2026-06-11T05:34:37.890Z] E0611 08:34:37.889560   27344 watch.go:40] Failed to load config from "c:\\Users\\user\\.gemini\\antigravity-ide\\scratch\\mesma-website\\dataconnect": could not find dataconnect.yaml in `c:\Users\user\.gemini\antigravity-ide\scratch\mesma-website\dataconnect`
 {"metadata":{"emulator":{"name":"dataconnect"},"message":"E0611 08:34:37.889560   27344 watch.go:40] Failed to load config from \"c:\\\\Users\\\\user\\\\.gemini\\\\antigravity-ide\\\\scratch\\\\mesma-website\\\\dataconnect\": could not find dataconnect.yaml in `c:\\Users\\user\\.gemini\\antigravity-ide\\scratch\\mesma-website\\dataconnect`\n"}}
[debug] [2026-06-11T05:34:47.890Z] E0611 08:34:47.889727   27344 watch.go:40] Failed to load config from "c:\\Users\\user\\.gemini\\antigravity-ide\\scratch\\mesma-website\\dataconnect": could not find dataconnect.yaml in `c:\Users\user\.gemini\antigravity-ide\scratch\mesma-website\dataconnect`
 {"metadata":{"emulator":{"name":"dataconnect"},"message":"E0611 08:34:47.889727   27344 watch.go:40] Failed to load config from \"c:\\\\Users\\\\user\\\\.gemini\\\\antigravity-ide\\\\scratch\\\\mesma-website\\\\dataconnect\": could not find dataconnect.yaml in `c:\\Users\\user\\.gemini\\antigravity-ide\\scratch\\mesma-website\\dataconnect`\n"}}
[debug] [2026-06-11T05:34:57.890Z] E0611 08:34:57.889901   27344 watch.go:40] Failed to load config from "c:\\Users\\user\\.gemini\\antigravity-ide\\scratch\\mesma-website\\dataconnect": could not find dataconnect.yaml in `c:\Users\user\.gemini\antigravity-ide\scratch\mesma-website\dataconnect`
 {"metadata":{"emulator":{"name":"dataconnect"},"message":"E0611 08:34:57.889901   27344 watch.go:40] Failed to load config from \"c:\\\\Users\\\\user\\\\.gemini\\\\antigravity-ide\\\\scratch\\\\mesma-website\\\\dataconnect\": could not find dataconnect.yaml in `c:\\Users\\user\\.gemini\\antigravity-ide\\scratch\\mesma-website\\dataconnect`\n"}}
[debug] [2026-06-11T05:35:07.889Z] E0611 08:35:07.889033   27344 watch.go:40] Failed to load config from "c:\\Users\\user\\.gemini\\antigravity-ide\\scratch\\mesma-website\\dataconnect": could not find dataconnect.yaml in `c:\Users\user\.gemini\antigravity-ide\scratch\mesma-website\dataconnect`
 {"metadata":{"emulator":{"name":"dataconnect"},"message":"E0611 08:35:07.889033   27344 watch.go:40] Failed to load config from \"c:\\\\Users\\\\user\\\\.gemini\\\\antigravity-ide\\\\scratch\\\\mesma-website\\\\dataconnect\": could not find dataconnect.yaml in `c:\\Users\\user\\.gemini\\antigravity-ide\\scratch\\mesma-website\\dataconnect`\n"}}
[debug] [2026-06-11T05:35:17.891Z] E0611 08:35:17.890058   27344 watch.go:40] Failed to load config from "c:\\Users\\user\\.gemini\\antigravity-ide\\scratch\\mesma-website\\dataconnect": could not find dataconnect.yaml in `c:\Users\user\.gemini\antigravity-ide\scratch\mesma-website\dataconnect`
 {"metadata":{"emulator":{"name":"dataconnect"},"message":"E0611 08:35:17.890058   27344 watch.go:40] Failed to load config from \"c:\\\\Users\\\\user\\\\.gemini\\\\antigravity-ide\\\\scratch\\\\mesma-website\\\\dataconnect\": could not find dataconnect.yaml in `c:\\Users\\user\\.gemini\\antigravity-ide\\scratch\\mesma-website\\dataconnect`\n"}}
[debug] [2026-06-11T05:35:27.890Z] E0611 08:35:27.890107   27344 watch.go:40] Failed to load config from "c:\\Users\\user\\.gemini\\antigravity-ide\\scratch\\mesma-website\\dataconnect": could not find dataconnect.yaml in `c:\Users\user\.gemini\antigravity-ide\scratch\mesma-website\dataconnect`
 {"metadata":{"emulator":{"name":"dataconnect"},"message":"E0611 08:35:27.890107   27344 watch.go:40] Failed to load config from \"c:\\\\Users\\\\user\\\\.gemini\\\\antigravity-ide\\\\scratch\\\\mesma-website\\\\dataconnect\": could not find dataconnect.yaml in `c:\\Users\\user\\.gemini\\antigravity-ide\\scratch\\mesma-website\\dataconnect`\n"}}
[debug] [2026-06-11T05:35:37.889Z] E0611 08:35:37.889423   27344 watch.go:116] watchAllDir unable to walk dir `c:\Users\user\.gemini\antigravity-ide\scratch\mesma-website\dataconnect`: GetFileAttributesEx c:\Users\user\.gemini\antigravity-ide\scratch\mesma-website\dataconnect: The system cannot find the file specified.
 {"metadata":{"emulator":{"name":"dataconnect"},"message":"E0611 08:35:37.889423   27344 watch.go:116] watchAllDir unable to walk dir `c:\\Users\\user\\.gemini\\antigravity-ide\\scratch\\mesma-website\\dataconnect`: GetFileAttributesEx c:\\Users\\user\\.gemini\\antigravity-ide\\scratch\\mesma-website\\dataconnect: The system cannot find the file specified.\n"}}
[debug] [2026-06-11T05:35:37.890Z] E0611 08:35:37.889423   27344 watch.go:40] Failed to load config from "c:\\Users\\user\\.gemini\\antigravity-ide\\scratch\\mesma-website\\dataconnect": could not find dataconnect.yaml in `c:\Users\user\.gemini\antigravity-ide\scratch\mesma-website\dataconnect`
 {"metadata":{"emulator":{"name":"dataconnect"},"message":"E0611 08:35:37.889423   27344 watch.go:40] Failed to load config from \"c:\\\\Users\\\\user\\\\.gemini\\\\antigravity-ide\\\\scratch\\\\mesma-website\\\\dataconnect\": could not find dataconnect.yaml in `c:\\Users\\user\\.gemini\\antigravity-ide\\scratch\\mesma-website\\dataconnect`\n"}}
[debug] [2026-06-11T05:35:47.889Z] E0611 08:35:47.889479   27344 watch.go:40] Failed to load config from "c:\\Users\\user\\.gemini\\antigravity-ide\\scratch\\mesma-website\\dataconnect": could not find dataconnect.yaml in `c:\Users\user\.gemini\antigravity-ide\scratch\mesma-website\dataconnect`
 {"metadata":{"emulator":{"name":"dataconnect"},"message":"E0611 08:35:47.889479   27344 watch.go:40] Failed to load config from \"c:\\\\Users\\\\user\\\\.gemini\\\\antigravity-ide\\\\scratch\\\\mesma-website\\\\dataconnect\": could not find dataconnect.yaml in `c:\\Users\\user\\.gemini\\antigravity-ide\\scratch\\mesma-website\\dataconnect`\n"}}
[debug] [2026-06-11T05:35:57.896Z] E0611 08:35:57.895737   27344 watch.go:40] Failed to load config from "c:\\Users\\user\\.gemini\\antigravity-ide\\scratch\\mesma-website\\dataconnect": could not find dataconnect.yaml in `c:\Users\user\.gemini\antigravity-ide\scratch\mesma-website\dataconnect`
 {"metadata":{"emulator":{"name":"dataconnect"},"message":"E0611 08:35:57.895737   27344 watch.go:40] Failed to load config from \"c:\\\\Users\\\\user\\\\.gemini\\\\antigravity-ide\\\\scratch\\\\mesma-website\\\\dataconnect\": could not find dataconnect.yaml in `c:\\Users\\user\\.gemini\\antigravity-ide\\scratch\\mesma-website\\dataconnect`\n"}}
[debug] [2026-06-11T05:36:07.889Z] E0611 08:36:07.889810   27344 watch.go:40] Failed to load config from "c:\\Users\\user\\.gemini\\antigravity-ide\\scratch\\mesma-website\\dataconnect": could not find dataconnect.yaml in `c:\Users\user\.gemini\antigravity-ide\scratch\mesma-website\dataconnect`
 {"metadata":{"emulator":{"name":"dataconnect"},"message":"E0611 08:36:07.889810   27344 watch.go:40] Failed to load config from \"c:\\\\Users\\\\user\\\\.gemini\\\\antigravity-ide\\\\scratch\\\\mesma-website\\\\dataconnect\": could not find dataconnect.yaml in `c:\\Users\\user\\.gemini\\antigravity-ide\\scratch\\mesma-website\\dataconnect`\n"}}
[debug] [2026-06-11T05:36:17.889Z] E0611 08:36:17.889793   27344 watch.go:40] Failed to load config from "c:\\Users\\user\\.gemini\\antigravity-ide\\scratch\\mesma-website\\dataconnect": could not find dataconnect.yaml in `c:\Users\user\.gemini\antigravity-ide\scratch\mesma-website\dataconnect`
 {"metadata":{"emulator":{"name":"dataconnect"},"message":"E0611 08:36:17.889793   27344 watch.go:40] Failed to load config from \"c:\\\\Users\\\\user\\\\.gemini\\\\antigravity-ide\\\\scratch\\\\mesma-website\\\\dataconnect\": could not find dataconnect.yaml in `c:\\Users\\user\\.gemini\\antigravity-ide\\scratch\\mesma-website\\dataconnect`\n"}}
[debug] [2026-06-11T05:36:27.889Z] E0611 08:36:27.889923   27344 watch.go:40] Failed to load config from "c:\\Users\\user\\.gemini\\antigravity-ide\\scratch\\mesma-website\\dataconnect": could not find dataconnect.yaml in `c:\Users\user\.gemini\antigravity-ide\scratch\mesma-website\dataconnect`
 {"metadata":{"emulator":{"name":"dataconnect"},"message":"E0611 08:36:27.889923   27344 watch.go:40] Failed to load config from \"c:\\\\Users\\\\user\\\\.gemini\\\\antigravity-ide\\\\scratch\\\\mesma-website\\\\dataconnect\": could not find dataconnect.yaml in `c:\\Users\\user\\.gemini\\antigravity-ide\\scratch\\mesma-website\\dataconnect`\n"}}
[debug] [2026-06-11T05:36:37.888Z] E0611 08:36:37.888958   27344 watch.go:116] watchAllDir unable to walk dir `c:\Users\user\.gemini\antigravity-ide\scratch\mesma-website\dataconnect`: GetFileAttributesEx c:\Users\user\.gemini\antigravity-ide\scratch\mesma-website\dataconnect: The system cannot find the file specified.
 {"metadata":{"emulator":{"name":"dataconnect"},"message":"E0611 08:36:37.888958   27344 watch.go:116] watchAllDir unable to walk dir `c:\\Users\\user\\.gemini\\antigravity-ide\\scratch\\mesma-website\\dataconnect`: GetFileAttributesEx c:\\Users\\user\\.gemini\\antigravity-ide\\scratch\\mesma-website\\dataconnect: The system cannot find the file specified.\n"}}
[debug] [2026-06-11T05:36:37.890Z] E0611 08:36:37.889368   27344 watch.go:40] Failed to load config from "c:\\Users\\user\\.gemini\\antigravity-ide\\scratch\\mesma-website\\dataconnect": could not find dataconnect.yaml in `c:\Users\user\.gemini\antigravity-ide\scratch\mesma-website\dataconnect`
 {"metadata":{"emulator":{"name":"dataconnect"},"message":"E0611 08:36:37.889368   27344 watch.go:40] Failed to load config from \"c:\\\\Users\\\\user\\\\.gemini\\\\antigravity-ide\\\\scratch\\\\mesma-website\\\\dataconnect\": could not find dataconnect.yaml in `c:\\Users\\user\\.gemini\\antigravity-ide\\scratch\\mesma-website\\dataconnect`\n"}}
[debug] [2026-06-11T05:36:47.889Z] E0611 08:36:47.889111   27344 watch.go:40] Failed to load config from "c:\\Users\\user\\.gemini\\antigravity-ide\\scratch\\mesma-website\\dataconnect": could not find dataconnect.yaml in `c:\Users\user\.gemini\antigravity-ide\scratch\mesma-website\dataconnect`
 {"metadata":{"emulator":{"name":"dataconnect"},"message":"E0611 08:36:47.889111   27344 watch.go:40] Failed to load config from \"c:\\\\Users\\\\user\\\\.gemini\\\\antigravity-ide\\\\scratch\\\\mesma-website\\\\dataconnect\": could not find dataconnect.yaml in `c:\\Users\\user\\.gemini\\antigravity-ide\\scratch\\mesma-website\\dataconnect`\n"}}
[debug] [2026-06-11T05:36:57.890Z] E0611 08:36:57.891570   27344 watch.go:40] Failed to load config from "c:\\Users\\user\\.gemini\\antigravity-ide\\scratch\\mesma-website\\dataconnect": could not find dataconnect.yaml in `c:\Users\user\.gemini\antigravity-ide\scratch\mesma-website\dataconnect`
 {"metadata":{"emulator":{"name":"dataconnect"},"message":"E0611 08:36:57.891570   27344 watch.go:40] Failed to load config from \"c:\\\\Users\\\\user\\\\.gemini\\\\antigravity-ide\\\\scratch\\\\mesma-website\\\\dataconnect\": could not find dataconnect.yaml in `c:\\Users\\user\\.gemini\\antigravity-ide\\scratch\\mesma-website\\dataconnect`\n"}}
[debug] [2026-06-11T05:37:07.891Z] E0611 08:37:07.891623   27344 watch.go:40] Failed to load config from "c:\\Users\\user\\.gemini\\antigravity-ide\\scratch\\mesma-website\\dataconnect": could not find dataconnect.yaml in `c:\Users\user\.gemini\antigravity-ide\scratch\mesma-website\dataconnect`
 {"metadata":{"emulator":{"name":"dataconnect"},"message":"E0611 08:37:07.891623   27344 watch.go:40] Failed to load config from \"c:\\\\Users\\\\user\\\\.gemini\\\\antigravity-ide\\\\scratch\\\\mesma-website\\\\dataconnect\": could not find dataconnect.yaml in `c:\\Users\\user\\.gemini\\antigravity-ide\\scratch\\mesma-website\\dataconnect`\n"}}
[debug] [2026-06-11T05:37:17.889Z] E0611 08:37:17.890463   27344 watch.go:40] Failed to load config from "c:\\Users\\user\\.gemini\\antigravity-ide\\scratch\\mesma-website\\dataconnect": could not find dataconnect.yaml in `c:\Users\user\.gemini\antigravity-ide\scratch\mesma-website\dataconnect`
 {"metadata":{"emulator":{"name":"dataconnect"},"message":"E0611 08:37:17.890463   27344 watch.go:40] Failed to load config from \"c:\\\\Users\\\\user\\\\.gemini\\\\antigravity-ide\\\\scratch\\\\mesma-website\\\\dataconnect\": could not find dataconnect.yaml in `c:\\Users\\user\\.gemini\\antigravity-ide\\scratch\\mesma-website\\dataconnect`\n"}}
[debug] [2026-06-11T05:37:27.889Z] E0611 08:37:27.889670   27344 watch.go:40] Failed to load config from "c:\\Users\\user\\.gemini\\antigravity-ide\\scratch\\mesma-website\\dataconnect": could not find dataconnect.yaml in `c:\Users\user\.gemini\antigravity-ide\scratch\mesma-website\dataconnect`
 {"metadata":{"emulator":{"name":"dataconnect"},"message":"E0611 08:37:27.889670   27344 watch.go:40] Failed to load config from \"c:\\\\Users\\\\user\\\\.gemini\\\\antigravity-ide\\\\scratch\\\\mesma-website\\\\dataconnect\": could not find dataconnect.yaml in `c:\\Users\\user\\.gemini\\antigravity-ide\\scratch\\mesma-website\\dataconnect`\n"}}
[debug] [2026-06-11T05:37:37.889Z] E0611 08:37:37.890318   27344 watch.go:116] watchAllDir unable to walk dir `c:\Users\user\.gemini\antigravity-ide\scratch\mesma-website\dataconnect`: GetFileAttributesEx c:\Users\user\.gemini\antigravity-ide\scratch\mesma-website\dataconnect: The system cannot find the file specified.
E0611 08:37:37.890318   27344 watch.go:40] Failed to load config from "c:\\Users\\user\\.gemini\\antigravity-ide\\scratch\\mesma-website\\dataconnect": could not find dataconnect.yaml in `c:\Users\user\.gemini\antigravity-ide\scratch\mesma-website\dataconnect`
 {"metadata":{"emulator":{"name":"dataconnect"},"message":"E0611 08:37:37.890318   27344 watch.go:116] watchAllDir unable to walk dir `c:\\Users\\user\\.gemini\\antigravity-ide\\scratch\\mesma-website\\dataconnect`: GetFileAttributesEx c:\\Users\\user\\.gemini\\antigravity-ide\\scratch\\mesma-website\\dataconnect: The system cannot find the file specified.\nE0611 08:37:37.890318   27344 watch.go:40] Failed to load config from \"c:\\\\Users\\\\user\\\\.gemini\\\\antigravity-ide\\\\scratch\\\\mesma-website\\\\dataconnect\": could not find dataconnect.yaml in `c:\\Users\\user\\.gemini\\antigravity-ide\\scratch\\mesma-website\\dataconnect`\n"}}
[debug] [2026-06-11T05:37:47.889Z] E0611 08:37:47.889555   27344 watch.go:40] Failed to load config from "c:\\Users\\user\\.gemini\\antigravity-ide\\scratch\\mesma-website\\dataconnect": could not find dataconnect.yaml in `c:\Users\user\.gemini\antigravity-ide\scratch\mesma-website\dataconnect`
 {"metadata":{"emulator":{"name":"dataconnect"},"message":"E0611 08:37:47.889555   27344 watch.go:40] Failed to load config from \"c:\\\\Users\\\\user\\\\.gemini\\\\antigravity-ide\\\\scratch\\\\mesma-website\\\\dataconnect\": could not find dataconnect.yaml in `c:\\Users\\user\\.gemini\\antigravity-ide\\scratch\\mesma-website\\dataconnect`\n"}}
[debug] [2026-06-11T05:37:57.889Z] E0611 08:37:57.889922   27344 watch.go:40] Failed to load config from "c:\\Users\\user\\.gemini\\antigravity-ide\\scratch\\mesma-website\\dataconnect": could not find dataconnect.yaml in `c:\Users\user\.gemini\antigravity-ide\scratch\mesma-website\dataconnect`
 {"metadata":{"emulator":{"name":"dataconnect"},"message":"E0611 08:37:57.889922   27344 watch.go:40] Failed to load config from \"c:\\\\Users\\\\user\\\\.gemini\\\\antigravity-ide\\\\scratch\\\\mesma-website\\\\dataconnect\": could not find dataconnect.yaml in `c:\\Users\\user\\.gemini\\antigravity-ide\\scratch\\mesma-website\\dataconnect`\n"}}
[debug] [2026-06-11T05:38:07.895Z] E0611 08:38:07.894161   27344 watch.go:40] Failed to load config from "c:\\Users\\user\\.gemini\\antigravity-ide\\scratch\\mesma-website\\dataconnect": could not find dataconnect.yaml in `c:\Users\user\.gemini\antigravity-ide\scratch\mesma-website\dataconnect`
 {"metadata":{"emulator":{"name":"dataconnect"},"message":"E0611 08:38:07.894161   27344 watch.go:40] Failed to load config from \"c:\\\\Users\\\\user\\\\.gemini\\\\antigravity-ide\\\\scratch\\\\mesma-website\\\\dataconnect\": could not find dataconnect.yaml in `c:\\Users\\user\\.gemini\\antigravity-ide\\scratch\\mesma-website\\dataconnect`\n"}}
[debug] [2026-06-11T05:38:17.893Z] E0611 08:38:17.893807   27344 watch.go:40] Failed to load config from "c:\\Users\\user\\.gemini\\antigravity-ide\\scratch\\mesma-website\\dataconnect": could not find dataconnect.yaml in `c:\Users\user\.gemini\antigravity-ide\scratch\mesma-website\dataconnect`
 {"metadata":{"emulator":{"name":"dataconnect"},"message":"E0611 08:38:17.893807   27344 watch.go:40] Failed to load config from \"c:\\\\Users\\\\user\\\\.gemini\\\\antigravity-ide\\\\scratch\\\\mesma-website\\\\dataconnect\": could not find dataconnect.yaml in `c:\\Users\\user\\.gemini\\antigravity-ide\\scratch\\mesma-website\\dataconnect`\n"}}
[debug] [2026-06-11T05:38:27.889Z] E0611 08:38:27.889790   27344 watch.go:40] Failed to load config from "c:\\Users\\user\\.gemini\\antigravity-ide\\scratch\\mesma-website\\dataconnect": could not find dataconnect.yaml in `c:\Users\user\.gemini\antigravity-ide\scratch\mesma-website\dataconnect`
 {"metadata":{"emulator":{"name":"dataconnect"},"message":"E0611 08:38:27.889790   27344 watch.go:40] Failed to load config from \"c:\\\\Users\\\\user\\\\.gemini\\\\antigravity-ide\\\\scratch\\\\mesma-website\\\\dataconnect\": could not find dataconnect.yaml in `c:\\Users\\user\\.gemini\\antigravity-ide\\scratch\\mesma-website\\dataconnect`\n"}}
[debug] [2026-06-11T05:38:37.888Z] E0611 08:38:37.889191   27344 watch.go:116] watchAllDir unable to walk dir `c:\Users\user\.gemini\antigravity-ide\scratch\mesma-website\dataconnect`: GetFileAttributesEx c:\Users\user\.gemini\antigravity-ide\scratch\mesma-website\dataconnect: The system cannot find the file specified.
 {"metadata":{"emulator":{"name":"dataconnect"},"message":"E0611 08:38:37.889191   27344 watch.go:116] watchAllDir unable to walk dir `c:\\Users\\user\\.gemini\\antigravity-ide\\scratch\\mesma-website\\dataconnect`: GetFileAttributesEx c:\\Users\\user\\.gemini\\antigravity-ide\\scratch\\mesma-website\\dataconnect: The system cannot find the file specified.\n"}}
[debug] [2026-06-11T05:38:37.890Z] E0611 08:38:37.889620   27344 watch.go:40] Failed to load config from "c:\\Users\\user\\.gemini\\antigravity-ide\\scratch\\mesma-website\\dataconnect": could not find dataconnect.yaml in `c:\Users\user\.gemini\antigravity-ide\scratch\mesma-website\dataconnect`
 {"metadata":{"emulator":{"name":"dataconnect"},"message":"E0611 08:38:37.889620   27344 watch.go:40] Failed to load config from \"c:\\\\Users\\\\user\\\\.gemini\\\\antigravity-ide\\\\scratch\\\\mesma-website\\\\dataconnect\": could not find dataconnect.yaml in `c:\\Users\\user\\.gemini\\antigravity-ide\\scratch\\mesma-website\\dataconnect`\n"}}
[debug] [2026-06-11T05:38:47.890Z] E0611 08:38:47.890557   27344 watch.go:40] Failed to load config from "c:\\Users\\user\\.gemini\\antigravity-ide\\scratch\\mesma-website\\dataconnect": could not find dataconnect.yaml in `c:\Users\user\.gemini\antigravity-ide\scratch\mesma-website\dataconnect`
 {"metadata":{"emulator":{"name":"dataconnect"},"message":"E0611 08:38:47.890557   27344 watch.go:40] Failed to load config from \"c:\\\\Users\\\\user\\\\.gemini\\\\antigravity-ide\\\\scratch\\\\mesma-website\\\\dataconnect\": could not find dataconnect.yaml in `c:\\Users\\user\\.gemini\\antigravity-ide\\scratch\\mesma-website\\dataconnect`\n"}}
[debug] [2026-06-11T05:38:57.891Z] E0611 08:38:57.891588   27344 watch.go:40] Failed to load config from "c:\\Users\\user\\.gemini\\antigravity-ide\\scratch\\mesma-website\\dataconnect": could not find dataconnect.yaml in `c:\Users\user\.gemini\antigravity-ide\scratch\mesma-website\dataconnect`
 {"metadata":{"emulator":{"name":"dataconnect"},"message":"E0611 08:38:57.891588   27344 watch.go:40] Failed to load config from \"c:\\\\Users\\\\user\\\\.gemini\\\\antigravity-ide\\\\scratch\\\\mesma-website\\\\dataconnect\": could not find dataconnect.yaml in `c:\\Users\\user\\.gemini\\antigravity-ide\\scratch\\mesma-website\\dataconnect`\n"}}
[debug] [2026-06-11T05:39:07.889Z] E0611 08:39:07.890115   27344 watch.go:40] Failed to load config from "c:\\Users\\user\\.gemini\\antigravity-ide\\scratch\\mesma-website\\dataconnect": could not find dataconnect.yaml in `c:\Users\user\.gemini\antigravity-ide\scratch\mesma-website\dataconnect`
 {"metadata":{"emulator":{"name":"dataconnect"},"message":"E0611 08:39:07.890115   27344 watch.go:40] Failed to load config from \"c:\\\\Users\\\\user\\\\.gemini\\\\antigravity-ide\\\\scratch\\\\mesma-website\\\\dataconnect\": could not find dataconnect.yaml in `c:\\Users\\user\\.gemini\\antigravity-ide\\scratch\\mesma-website\\dataconnect`\n"}}
[debug] [2026-06-11T05:39:17.889Z] E0611 08:39:17.889957   27344 watch.go:40] Failed to load config from "c:\\Users\\user\\.gemini\\antigravity-ide\\scratch\\mesma-website\\dataconnect": could not find dataconnect.yaml in `c:\Users\user\.gemini\antigravity-ide\scratch\mesma-website\dataconnect`
 {"metadata":{"emulator":{"name":"dataconnect"},"message":"E0611 08:39:17.889957   27344 watch.go:40] Failed to load config from \"c:\\\\Users\\\\user\\\\.gemini\\\\antigravity-ide\\\\scratch\\\\mesma-website\\\\dataconnect\": could not find dataconnect.yaml in `c:\\Users\\user\\.gemini\\antigravity-ide\\scratch\\mesma-website\\dataconnect`\n"}}
[debug] [2026-06-11T05:39:27.889Z] E0611 08:39:27.890127   27344 watch.go:40] Failed to load config from "c:\\Users\\user\\.gemini\\antigravity-ide\\scratch\\mesma-website\\dataconnect": could not find dataconnect.yaml in `c:\Users\user\.gemini\antigravity-ide\scratch\mesma-website\dataconnect`
 {"metadata":{"emulator":{"name":"dataconnect"},"message":"E0611 08:39:27.890127   27344 watch.go:40] Failed to load config from \"c:\\\\Users\\\\user\\\\.gemini\\\\antigravity-ide\\\\scratch\\\\mesma-website\\\\dataconnect\": could not find dataconnect.yaml in `c:\\Users\\user\\.gemini\\antigravity-ide\\scratch\\mesma-website\\dataconnect`\n"}}
[debug] [2026-06-11T05:39:37.888Z] E0611 08:39:37.889176   27344 watch.go:116] watchAllDir unable to walk dir `c:\Users\user\.gemini\antigravity-ide\scratch\mesma-website\dataconnect`: GetFileAttributesEx c:\Users\user\.gemini\antigravity-ide\scratch\mesma-website\dataconnect: The system cannot find the file specified.
 {"metadata":{"emulator":{"name":"dataconnect"},"message":"E0611 08:39:37.889176   27344 watch.go:116] watchAllDir unable to walk dir `c:\\Users\\user\\.gemini\\antigravity-ide\\scratch\\mesma-website\\dataconnect`: GetFileAttributesEx c:\\Users\\user\\.gemini\\antigravity-ide\\scratch\\mesma-website\\dataconnect: The system cannot find the file specified.\n"}}
[debug] [2026-06-11T05:39:37.891Z] E0611 08:39:37.889176   27344 watch.go:40] Failed to load config from "c:\\Users\\user\\.gemini\\antigravity-ide\\scratch\\mesma-website\\dataconnect": could not find dataconnect.yaml in `c:\Users\user\.gemini\antigravity-ide\scratch\mesma-website\dataconnect`
 {"metadata":{"emulator":{"name":"dataconnect"},"message":"E0611 08:39:37.889176   27344 watch.go:40] Failed to load config from \"c:\\\\Users\\\\user\\\\.gemini\\\\antigravity-ide\\\\scratch\\\\mesma-website\\\\dataconnect\": could not find dataconnect.yaml in `c:\\Users\\user\\.gemini\\antigravity-ide\\scratch\\mesma-website\\dataconnect`\n"}}
[debug] [2026-06-11T05:39:47.889Z] E0611 08:39:47.889887   27344 watch.go:40] Failed to load config from "c:\\Users\\user\\.gemini\\antigravity-ide\\scratch\\mesma-website\\dataconnect": could not find dataconnect.yaml in `c:\Users\user\.gemini\antigravity-ide\scratch\mesma-website\dataconnect`
 {"metadata":{"emulator":{"name":"dataconnect"},"message":"E0611 08:39:47.889887   27344 watch.go:40] Failed to load config from \"c:\\\\Users\\\\user\\\\.gemini\\\\antigravity-ide\\\\scratch\\\\mesma-website\\\\dataconnect\": could not find dataconnect.yaml in `c:\\Users\\user\\.gemini\\antigravity-ide\\scratch\\mesma-website\\dataconnect`\n"}}
[debug] [2026-06-11T05:39:57.889Z] E0611 08:39:57.889515   27344 watch.go:40] Failed to load config from "c:\\Users\\user\\.gemini\\antigravity-ide\\scratch\\mesma-website\\dataconnect": could not find dataconnect.yaml in `c:\Users\user\.gemini\antigravity-ide\scratch\mesma-website\dataconnect`
 {"metadata":{"emulator":{"name":"dataconnect"},"message":"E0611 08:39:57.889515   27344 watch.go:40] Failed to load config from \"c:\\\\Users\\\\user\\\\.gemini\\\\antigravity-ide\\\\scratch\\\\mesma-website\\\\dataconnect\": could not find dataconnect.yaml in `c:\\Users\\user\\.gemini\\antigravity-ide\\scratch\\mesma-website\\dataconnect`\n"}}
[debug] [2026-06-11T05:40:07.888Z] E0611 08:40:07.889043   27344 watch.go:40] Failed to load config from "c:\\Users\\user\\.gemini\\antigravity-ide\\scratch\\mesma-website\\dataconnect": could not find dataconnect.yaml in `c:\Users\user\.gemini\antigravity-ide\scratch\mesma-website\dataconnect`
 {"metadata":{"emulator":{"name":"dataconnect"},"message":"E0611 08:40:07.889043   27344 watch.go:40] Failed to load config from \"c:\\\\Users\\\\user\\\\.gemini\\\\antigravity-ide\\\\scratch\\\\mesma-website\\\\dataconnect\": could not find dataconnect.yaml in `c:\\Users\\user\\.gemini\\antigravity-ide\\scratch\\mesma-website\\dataconnect`\n"}}
[debug] [2026-06-11T05:40:17.904Z] E0611 08:40:17.900651   27344 watch.go:40] Failed to load config from "c:\\Users\\user\\.gemini\\antigravity-ide\\scratch\\mesma-website\\dataconnect": could not find dataconnect.yaml in `c:\Users\user\.gemini\antigravity-ide\scratch\mesma-website\dataconnect`
 {"metadata":{"emulator":{"name":"dataconnect"},"message":"E0611 08:40:17.900651   27344 watch.go:40] Failed to load config from \"c:\\\\Users\\\\user\\\\.gemini\\\\antigravity-ide\\\\scratch\\\\mesma-website\\\\dataconnect\": could not find dataconnect.yaml in `c:\\Users\\user\\.gemini\\antigravity-ide\\scratch\\mesma-website\\dataconnect`\n"}}
[debug] [2026-06-11T05:40:27.896Z] E0611 08:40:27.893492   27344 watch.go:40] Failed to load config from "c:\\Users\\user\\.gemini\\antigravity-ide\\scratch\\mesma-website\\dataconnect": could not find dataconnect.yaml in `c:\Users\user\.gemini\antigravity-ide\scratch\mesma-website\dataconnect`
 {"metadata":{"emulator":{"name":"dataconnect"},"message":"E0611 08:40:27.893492   27344 watch.go:40] Failed to load config from \"c:\\\\Users\\\\user\\\\.gemini\\\\antigravity-ide\\\\scratch\\\\mesma-website\\\\dataconnect\": could not find dataconnect.yaml in `c:\\Users\\user\\.gemini\\antigravity-ide\\scratch\\mesma-website\\dataconnect`\n"}}
[debug] [2026-06-11T05:40:37.890Z] E0611 08:40:37.889391   27344 watch.go:116] watchAllDir unable to walk dir `c:\Users\user\.gemini\antigravity-ide\scratch\mesma-website\dataconnect`: GetFileAttributesEx c:\Users\user\.gemini\antigravity-ide\scratch\mesma-website\dataconnect: The system cannot find the file specified.
 {"metadata":{"emulator":{"name":"dataconnect"},"message":"E0611 08:40:37.889391   27344 watch.go:116] watchAllDir unable to walk dir `c:\\Users\\user\\.gemini\\antigravity-ide\\scratch\\mesma-website\\dataconnect`: GetFileAttributesEx c:\\Users\\user\\.gemini\\antigravity-ide\\scratch\\mesma-website\\dataconnect: The system cannot find the file specified.\n"}}
[debug] [2026-06-11T05:40:37.893Z] E0611 08:40:37.891612   27344 watch.go:40] Failed to load config from "c:\\Users\\user\\.gemini\\antigravity-ide\\scratch\\mesma-website\\dataconnect": could not find dataconnect.yaml in `c:\Users\user\.gemini\antigravity-ide\scratch\mesma-website\dataconnect`
 {"metadata":{"emulator":{"name":"dataconnect"},"message":"E0611 08:40:37.891612   27344 watch.go:40] Failed to load config from \"c:\\\\Users\\\\user\\\\.gemini\\\\antigravity-ide\\\\scratch\\\\mesma-website\\\\dataconnect\": could not find dataconnect.yaml in `c:\\Users\\user\\.gemini\\antigravity-ide\\scratch\\mesma-website\\dataconnect`\n"}}
[debug] [2026-06-11T05:40:47.891Z] E0611 08:40:47.892073   27344 watch.go:40] Failed to load config from "c:\\Users\\user\\.gemini\\antigravity-ide\\scratch\\mesma-website\\dataconnect": could not find dataconnect.yaml in `c:\Users\user\.gemini\antigravity-ide\scratch\mesma-website\dataconnect`
 {"metadata":{"emulator":{"name":"dataconnect"},"message":"E0611 08:40:47.892073   27344 watch.go:40] Failed to load config from \"c:\\\\Users\\\\user\\\\.gemini\\\\antigravity-ide\\\\scratch\\\\mesma-website\\\\dataconnect\": could not find dataconnect.yaml in `c:\\Users\\user\\.gemini\\antigravity-ide\\scratch\\mesma-website\\dataconnect`\n"}}
[debug] [2026-06-11T05:40:57.889Z] E0611 08:40:57.890105   27344 watch.go:40] Failed to load config from "c:\\Users\\user\\.gemini\\antigravity-ide\\scratch\\mesma-website\\dataconnect": could not find dataconnect.yaml in `c:\Users\user\.gemini\antigravity-ide\scratch\mesma-website\dataconnect`
 {"metadata":{"emulator":{"name":"dataconnect"},"message":"E0611 08:40:57.890105   27344 watch.go:40] Failed to load config from \"c:\\\\Users\\\\user\\\\.gemini\\\\antigravity-ide\\\\scratch\\\\mesma-website\\\\dataconnect\": could not find dataconnect.yaml in `c:\\Users\\user\\.gemini\\antigravity-ide\\scratch\\mesma-website\\dataconnect`\n"}}
[debug] [2026-06-11T05:41:07.889Z] E0611 08:41:07.889019   27344 watch.go:40] Failed to load config from "c:\\Users\\user\\.gemini\\antigravity-ide\\scratch\\mesma-website\\dataconnect": could not find dataconnect.yaml in `c:\Users\user\.gemini\antigravity-ide\scratch\mesma-website\dataconnect`
 {"metadata":{"emulator":{"name":"dataconnect"},"message":"E0611 08:41:07.889019   27344 watch.go:40] Failed to load config from \"c:\\\\Users\\\\user\\\\.gemini\\\\antigravity-ide\\\\scratch\\\\mesma-website\\\\dataconnect\": could not find dataconnect.yaml in `c:\\Users\\user\\.gemini\\antigravity-ide\\scratch\\mesma-website\\dataconnect`\n"}}
[debug] [2026-06-11T05:41:17.889Z] E0611 08:41:17.889385   27344 watch.go:40] Failed to load config from "c:\\Users\\user\\.gemini\\antigravity-ide\\scratch\\mesma-website\\dataconnect": could not find dataconnect.yaml in `c:\Users\user\.gemini\antigravity-ide\scratch\mesma-website\dataconnect`
 {"metadata":{"emulator":{"name":"dataconnect"},"message":"E0611 08:41:17.889385   27344 watch.go:40] Failed to load config from \"c:\\\\Users\\\\user\\\\.gemini\\\\antigravity-ide\\\\scratch\\\\mesma-website\\\\dataconnect\": could not find dataconnect.yaml in `c:\\Users\\user\\.gemini\\antigravity-ide\\scratch\\mesma-website\\dataconnect`\n"}}
[debug] [2026-06-11T05:41:27.890Z] E0611 08:41:27.890246   27344 watch.go:40] Failed to load config from "c:\\Users\\user\\.gemini\\antigravity-ide\\scratch\\mesma-website\\dataconnect": could not find dataconnect.yaml in `c:\Users\user\.gemini\antigravity-ide\scratch\mesma-website\dataconnect`
 {"metadata":{"emulator":{"name":"dataconnect"},"message":"E0611 08:41:27.890246   27344 watch.go:40] Failed to load config from \"c:\\\\Users\\\\user\\\\.gemini\\\\antigravity-ide\\\\scratch\\\\mesma-website\\\\dataconnect\": could not find dataconnect.yaml in `c:\\Users\\user\\.gemini\\antigravity-ide\\scratch\\mesma-website\\dataconnect`\n"}}
[debug] [2026-06-11T05:41:37.888Z] E0611 08:41:37.889060   27344 watch.go:116] watchAllDir unable to walk dir `c:\Users\user\.gemini\antigravity-ide\scratch\mesma-website\dataconnect`: GetFileAttributesEx c:\Users\user\.gemini\antigravity-ide\scratch\mesma-website\dataconnect: The system cannot find the file specified.
 {"metadata":{"emulator":{"name":"dataconnect"},"message":"E0611 08:41:37.889060   27344 watch.go:116] watchAllDir unable to walk dir `c:\\Users\\user\\.gemini\\antigravity-ide\\scratch\\mesma-website\\dataconnect`: GetFileAttributesEx c:\\Users\\user\\.gemini\\antigravity-ide\\scratch\\mesma-website\\dataconnect: The system cannot find the file specified.\n"}}
[debug] [2026-06-11T05:41:37.890Z] E0611 08:41:37.889060   27344 watch.go:40] Failed to load config from "c:\\Users\\user\\.gemini\\antigravity-ide\\scratch\\mesma-website\\dataconnect": could not find dataconnect.yaml in `c:\Users\user\.gemini\antigravity-ide\scratch\mesma-website\dataconnect`
 {"metadata":{"emulator":{"name":"dataconnect"},"message":"E0611 08:41:37.889060   27344 watch.go:40] Failed to load config from \"c:\\\\Users\\\\user\\\\.gemini\\\\antigravity-ide\\\\scratch\\\\mesma-website\\\\dataconnect\": could not find dataconnect.yaml in `c:\\Users\\user\\.gemini\\antigravity-ide\\scratch\\mesma-website\\dataconnect`\n"}}
[debug] [2026-06-11T05:41:47.889Z] E0611 08:41:47.889415   27344 watch.go:40] Failed to load config from "c:\\Users\\user\\.gemini\\antigravity-ide\\scratch\\mesma-website\\dataconnect": could not find dataconnect.yaml in `c:\Users\user\.gemini\antigravity-ide\scratch\mesma-website\dataconnect`
 {"metadata":{"emulator":{"name":"dataconnect"},"message":"E0611 08:41:47.889415   27344 watch.go:40] Failed to load config from \"c:\\\\Users\\\\user\\\\.gemini\\\\antigravity-ide\\\\scratch\\\\mesma-website\\\\dataconnect\": could not find dataconnect.yaml in `c:\\Users\\user\\.gemini\\antigravity-ide\\scratch\\mesma-website\\dataconnect`\n"}}
[debug] [2026-06-11T05:41:57.889Z] E0611 08:41:57.889246   27344 watch.go:40] Failed to load config from "c:\\Users\\user\\.gemini\\antigravity-ide\\scratch\\mesma-website\\dataconnect": could not find dataconnect.yaml in `c:\Users\user\.gemini\antigravity-ide\scratch\mesma-website\dataconnect`
 {"metadata":{"emulator":{"name":"dataconnect"},"message":"E0611 08:41:57.889246   27344 watch.go:40] Failed to load config from \"c:\\\\Users\\\\user\\\\.gemini\\\\antigravity-ide\\\\scratch\\\\mesma-website\\\\dataconnect\": could not find dataconnect.yaml in `c:\\Users\\user\\.gemini\\antigravity-ide\\scratch\\mesma-website\\dataconnect`\n"}}
[debug] [2026-06-11T05:42:07.890Z] E0611 08:42:07.890496   27344 watch.go:40] Failed to load config from "c:\\Users\\user\\.gemini\\antigravity-ide\\scratch\\mesma-website\\dataconnect": could not find dataconnect.yaml in `c:\Users\user\.gemini\antigravity-ide\scratch\mesma-website\dataconnect`
 {"metadata":{"emulator":{"name":"dataconnect"},"message":"E0611 08:42:07.890496   27344 watch.go:40] Failed to load config from \"c:\\\\Users\\\\user\\\\.gemini\\\\antigravity-ide\\\\scratch\\\\mesma-website\\\\dataconnect\": could not find dataconnect.yaml in `c:\\Users\\user\\.gemini\\antigravity-ide\\scratch\\mesma-website\\dataconnect`\n"}}
[debug] [2026-06-11T05:42:17.892Z] E0611 08:42:17.892015   27344 watch.go:40] Failed to load config from "c:\\Users\\user\\.gemini\\antigravity-ide\\scratch\\mesma-website\\dataconnect": could not find dataconnect.yaml in `c:\Users\user\.gemini\antigravity-ide\scratch\mesma-website\dataconnect`
 {"metadata":{"emulator":{"name":"dataconnect"},"message":"E0611 08:42:17.892015   27344 watch.go:40] Failed to load config from \"c:\\\\Users\\\\user\\\\.gemini\\\\antigravity-ide\\\\scratch\\\\mesma-website\\\\dataconnect\": could not find dataconnect.yaml in `c:\\Users\\user\\.gemini\\antigravity-ide\\scratch\\mesma-website\\dataconnect`\n"}}
[debug] [2026-06-11T05:42:27.889Z] E0611 08:42:27.888876   27344 watch.go:40] Failed to load config from "c:\\Users\\user\\.gemini\\antigravity-ide\\scratch\\mesma-website\\dataconnect": could not find dataconnect.yaml in `c:\Users\user\.gemini\antigravity-ide\scratch\mesma-website\dataconnect`
 {"metadata":{"emulator":{"name":"dataconnect"},"message":"E0611 08:42:27.888876   27344 watch.go:40] Failed to load config from \"c:\\\\Users\\\\user\\\\.gemini\\\\antigravity-ide\\\\scratch\\\\mesma-website\\\\dataconnect\": could not find dataconnect.yaml in `c:\\Users\\user\\.gemini\\antigravity-ide\\scratch\\mesma-website\\dataconnect`\n"}}
[debug] [2026-06-11T05:42:37.889Z] E0611 08:42:37.889036   27344 watch.go:116] watchAllDir unable to walk dir `c:\Users\user\.gemini\antigravity-ide\scratch\mesma-website\dataconnect`: GetFileAttributesEx c:\Users\user\.gemini\antigravity-ide\scratch\mesma-website\dataconnect: The system cannot find the file specified.
 {"metadata":{"emulator":{"name":"dataconnect"},"message":"E0611 08:42:37.889036   27344 watch.go:116] watchAllDir unable to walk dir `c:\\Users\\user\\.gemini\\antigravity-ide\\scratch\\mesma-website\\dataconnect`: GetFileAttributesEx c:\\Users\\user\\.gemini\\antigravity-ide\\scratch\\mesma-website\\dataconnect: The system cannot find the file specified.\n"}}
[debug] [2026-06-11T05:42:37.892Z] E0611 08:42:37.891605   27344 watch.go:40] Failed to load config from "c:\\Users\\user\\.gemini\\antigravity-ide\\scratch\\mesma-website\\dataconnect": could not find dataconnect.yaml in `c:\Users\user\.gemini\antigravity-ide\scratch\mesma-website\dataconnect`
 {"metadata":{"emulator":{"name":"dataconnect"},"message":"E0611 08:42:37.891605   27344 watch.go:40] Failed to load config from \"c:\\\\Users\\\\user\\\\.gemini\\\\antigravity-ide\\\\scratch\\\\mesma-website\\\\dataconnect\": could not find dataconnect.yaml in `c:\\Users\\user\\.gemini\\antigravity-ide\\scratch\\mesma-website\\dataconnect`\n"}}
[debug] [2026-06-11T05:42:47.889Z] E0611 08:42:47.889747   27344 watch.go:40] Failed to load config from "c:\\Users\\user\\.gemini\\antigravity-ide\\scratch\\mesma-website\\dataconnect": could not find dataconnect.yaml in `c:\Users\user\.gemini\antigravity-ide\scratch\mesma-website\dataconnect`
 {"metadata":{"emulator":{"name":"dataconnect"},"message":"E0611 08:42:47.889747   27344 watch.go:40] Failed to load config from \"c:\\\\Users\\\\user\\\\.gemini\\\\antigravity-ide\\\\scratch\\\\mesma-website\\\\dataconnect\": could not find dataconnect.yaml in `c:\\Users\\user\\.gemini\\antigravity-ide\\scratch\\mesma-website\\dataconnect`\n"}}
[debug] [2026-06-11T05:42:57.893Z] E0611 08:42:57.893506   27344 watch.go:40] Failed to load config from "c:\\Users\\user\\.gemini\\antigravity-ide\\scratch\\mesma-website\\dataconnect": could not find dataconnect.yaml in `c:\Users\user\.gemini\antigravity-ide\scratch\mesma-website\dataconnect`
 {"metadata":{"emulator":{"name":"dataconnect"},"message":"E0611 08:42:57.893506   27344 watch.go:40] Failed to load config from \"c:\\\\Users\\\\user\\\\.gemini\\\\antigravity-ide\\\\scratch\\\\mesma-website\\\\dataconnect\": could not find dataconnect.yaml in `c:\\Users\\user\\.gemini\\antigravity-ide\\scratch\\mesma-website\\dataconnect`\n"}}
[debug] [2026-06-11T05:43:07.894Z] E0611 08:43:07.892710   27344 watch.go:40] Failed to load config from "c:\\Users\\user\\.gemini\\antigravity-ide\\scratch\\mesma-website\\dataconnect": could not find dataconnect.yaml in `c:\Users\user\.gemini\antigravity-ide\scratch\mesma-website\dataconnect`
 {"metadata":{"emulator":{"name":"dataconnect"},"message":"E0611 08:43:07.892710   27344 watch.go:40] Failed to load config from \"c:\\\\Users\\\\user\\\\.gemini\\\\antigravity-ide\\\\scratch\\\\mesma-website\\\\dataconnect\": could not find dataconnect.yaml in `c:\\Users\\user\\.gemini\\antigravity-ide\\scratch\\mesma-website\\dataconnect`\n"}}
[debug] [2026-06-11T05:43:17.890Z] E0611 08:43:17.890443   27344 watch.go:40] Failed to load config from "c:\\Users\\user\\.gemini\\antigravity-ide\\scratch\\mesma-website\\dataconnect": could not find dataconnect.yaml in `c:\Users\user\.gemini\antigravity-ide\scratch\mesma-website\dataconnect`
 {"metadata":{"emulator":{"name":"dataconnect"},"message":"E0611 08:43:17.890443   27344 watch.go:40] Failed to load config from \"c:\\\\Users\\\\user\\\\.gemini\\\\antigravity-ide\\\\scratch\\\\mesma-website\\\\dataconnect\": could not find dataconnect.yaml in `c:\\Users\\user\\.gemini\\antigravity-ide\\scratch\\mesma-website\\dataconnect`\n"}}
[debug] [2026-06-11T05:43:27.889Z] E0611 08:43:27.890388   27344 watch.go:40] Failed to load config from "c:\\Users\\user\\.gemini\\antigravity-ide\\scratch\\mesma-website\\dataconnect": could not find dataconnect.yaml in `c:\Users\user\.gemini\antigravity-ide\scratch\mesma-website\dataconnect`
 {"metadata":{"emulator":{"name":"dataconnect"},"message":"E0611 08:43:27.890388   27344 watch.go:40] Failed to load config from \"c:\\\\Users\\\\user\\\\.gemini\\\\antigravity-ide\\\\scratch\\\\mesma-website\\\\dataconnect\": could not find dataconnect.yaml in `c:\\Users\\user\\.gemini\\antigravity-ide\\scratch\\mesma-website\\dataconnect`\n"}}
[debug] [2026-06-11T05:43:37.888Z] E0611 08:43:37.888983   27344 watch.go:116] watchAllDir unable to walk dir `c:\Users\user\.gemini\antigravity-ide\scratch\mesma-website\dataconnect`: GetFileAttributesEx c:\Users\user\.gemini\antigravity-ide\scratch\mesma-website\dataconnect: The system cannot find the file specified.
 {"metadata":{"emulator":{"name":"dataconnect"},"message":"E0611 08:43:37.888983   27344 watch.go:116] watchAllDir unable to walk dir `c:\\Users\\user\\.gemini\\antigravity-ide\\scratch\\mesma-website\\dataconnect`: GetFileAttributesEx c:\\Users\\user\\.gemini\\antigravity-ide\\scratch\\mesma-website\\dataconnect: The system cannot find the file specified.\n"}}
[debug] [2026-06-11T05:43:37.889Z] E0611 08:43:37.889975   27344 watch.go:40] Failed to load config from "c:\\Users\\user\\.gemini\\antigravity-ide\\scratch\\mesma-website\\dataconnect": could not find dataconnect.yaml in `c:\Users\user\.gemini\antigravity-ide\scratch\mesma-website\dataconnect`
 {"metadata":{"emulator":{"name":"dataconnect"},"message":"E0611 08:43:37.889975   27344 watch.go:40] Failed to load config from \"c:\\\\Users\\\\user\\\\.gemini\\\\antigravity-ide\\\\scratch\\\\mesma-website\\\\dataconnect\": could not find dataconnect.yaml in `c:\\Users\\user\\.gemini\\antigravity-ide\\scratch\\mesma-website\\dataconnect`\n"}}
[debug] [2026-06-11T05:43:47.890Z] E0611 08:43:47.890147   27344 watch.go:40] Failed to load config from "c:\\Users\\user\\.gemini\\antigravity-ide\\scratch\\mesma-website\\dataconnect": could not find dataconnect.yaml in `c:\Users\user\.gemini\antigravity-ide\scratch\mesma-website\dataconnect`
 {"metadata":{"emulator":{"name":"dataconnect"},"message":"E0611 08:43:47.890147   27344 watch.go:40] Failed to load config from \"c:\\\\Users\\\\user\\\\.gemini\\\\antigravity-ide\\\\scratch\\\\mesma-website\\\\dataconnect\": could not find dataconnect.yaml in `c:\\Users\\user\\.gemini\\antigravity-ide\\scratch\\mesma-website\\dataconnect`\n"}}
[debug] [2026-06-11T05:43:57.889Z] E0611 08:43:57.889050   27344 watch.go:40] Failed to load config from "c:\\Users\\user\\.gemini\\antigravity-ide\\scratch\\mesma-website\\dataconnect": could not find dataconnect.yaml in `c:\Users\user\.gemini\antigravity-ide\scratch\mesma-website\dataconnect`
 {"metadata":{"emulator":{"name":"dataconnect"},"message":"E0611 08:43:57.889050   27344 watch.go:40] Failed to load config from \"c:\\\\Users\\\\user\\\\.gemini\\\\antigravity-ide\\\\scratch\\\\mesma-website\\\\dataconnect\": could not find dataconnect.yaml in `c:\\Users\\user\\.gemini\\antigravity-ide\\scratch\\mesma-website\\dataconnect`\n"}}
[debug] [2026-06-11T05:44:07.891Z] E0611 08:44:07.892016   27344 watch.go:40] Failed to load config from "c:\\Users\\user\\.gemini\\antigravity-ide\\scratch\\mesma-website\\dataconnect": could not find dataconnect.yaml in `c:\Users\user\.gemini\antigravity-ide\scratch\mesma-website\dataconnect`
 {"metadata":{"emulator":{"name":"dataconnect"},"message":"E0611 08:44:07.892016   27344 watch.go:40] Failed to load config from \"c:\\\\Users\\\\user\\\\.gemini\\\\antigravity-ide\\\\scratch\\\\mesma-website\\\\dataconnect\": could not find dataconnect.yaml in `c:\\Users\\user\\.gemini\\antigravity-ide\\scratch\\mesma-website\\dataconnect`\n"}}
[debug] [2026-06-11T05:44:17.889Z] E0611 08:44:17.889408   27344 watch.go:40] Failed to load config from "c:\\Users\\user\\.gemini\\antigravity-ide\\scratch\\mesma-website\\dataconnect": could not find dataconnect.yaml in `c:\Users\user\.gemini\antigravity-ide\scratch\mesma-website\dataconnect`
 {"metadata":{"emulator":{"name":"dataconnect"},"message":"E0611 08:44:17.889408   27344 watch.go:40] Failed to load config from \"c:\\\\Users\\\\user\\\\.gemini\\\\antigravity-ide\\\\scratch\\\\mesma-website\\\\dataconnect\": could not find dataconnect.yaml in `c:\\Users\\user\\.gemini\\antigravity-ide\\scratch\\mesma-website\\dataconnect`\n"}}
[debug] [2026-06-11T05:44:27.890Z] E0611 08:44:27.890067   27344 watch.go:40] Failed to load config from "c:\\Users\\user\\.gemini\\antigravity-ide\\scratch\\mesma-website\\dataconnect": could not find dataconnect.yaml in `c:\Users\user\.gemini\antigravity-ide\scratch\mesma-website\dataconnect`
 {"metadata":{"emulator":{"name":"dataconnect"},"message":"E0611 08:44:27.890067   27344 watch.go:40] Failed to load config from \"c:\\\\Users\\\\user\\\\.gemini\\\\antigravity-ide\\\\scratch\\\\mesma-website\\\\dataconnect\": could not find dataconnect.yaml in `c:\\Users\\user\\.gemini\\antigravity-ide\\scratch\\mesma-website\\dataconnect`\n"}}
[debug] [2026-06-11T05:44:37.889Z] E0611 08:44:37.889650   27344 watch.go:116] watchAllDir unable to walk dir `c:\Users\user\.gemini\antigravity-ide\scratch\mesma-website\dataconnect`: GetFileAttributesEx c:\Users\user\.gemini\antigravity-ide\scratch\mesma-website\dataconnect: The system cannot find the file specified.
 {"metadata":{"emulator":{"name":"dataconnect"},"message":"E0611 08:44:37.889650   27344 watch.go:116] watchAllDir unable to walk dir `c:\\Users\\user\\.gemini\\antigravity-ide\\scratch\\mesma-website\\dataconnect`: GetFileAttributesEx c:\\Users\\user\\.gemini\\antigravity-ide\\scratch\\mesma-website\\dataconnect: The system cannot find the file specified.\n"}}
[debug] [2026-06-11T05:44:37.891Z] E0611 08:44:37.890113   27344 watch.go:40] Failed to load config from "c:\\Users\\user\\.gemini\\antigravity-ide\\scratch\\mesma-website\\dataconnect": could not find dataconnect.yaml in `c:\Users\user\.gemini\antigravity-ide\scratch\mesma-website\dataconnect`
 {"metadata":{"emulator":{"name":"dataconnect"},"message":"E0611 08:44:37.890113   27344 watch.go:40] Failed to load config from \"c:\\\\Users\\\\user\\\\.gemini\\\\antigravity-ide\\\\scratch\\\\mesma-website\\\\dataconnect\": could not find dataconnect.yaml in `c:\\Users\\user\\.gemini\\antigravity-ide\\scratch\\mesma-website\\dataconnect`\n"}}
[debug] [2026-06-11T05:44:47.889Z] E0611 08:44:47.889711   27344 watch.go:40] Failed to load config from "c:\\Users\\user\\.gemini\\antigravity-ide\\scratch\\mesma-website\\dataconnect": could not find dataconnect.yaml in `c:\Users\user\.gemini\antigravity-ide\scratch\mesma-website\dataconnect`
 {"metadata":{"emulator":{"name":"dataconnect"},"message":"E0611 08:44:47.889711   27344 watch.go:40] Failed to load config from \"c:\\\\Users\\\\user\\\\.gemini\\\\antigravity-ide\\\\scratch\\\\mesma-website\\\\dataconnect\": could not find dataconnect.yaml in `c:\\Users\\user\\.gemini\\antigravity-ide\\scratch\\mesma-website\\dataconnect`\n"}}
[debug] [2026-06-11T05:44:57.889Z] E0611 08:44:57.889714   27344 watch.go:40] Failed to load config from "c:\\Users\\user\\.gemini\\antigravity-ide\\scratch\\mesma-website\\dataconnect": could not find dataconnect.yaml in `c:\Users\user\.gemini\antigravity-ide\scratch\mesma-website\dataconnect`
 {"metadata":{"emulator":{"name":"dataconnect"},"message":"E0611 08:44:57.889714   27344 watch.go:40] Failed to load config from \"c:\\\\Users\\\\user\\\\.gemini\\\\antigravity-ide\\\\scratch\\\\mesma-website\\\\dataconnect\": could not find dataconnect.yaml in `c:\\Users\\user\\.gemini\\antigravity-ide\\scratch\\mesma-website\\dataconnect`\n"}}
[info] [Firebase Plugin] Stopping SQL Connect toolkit
[warn] !  SQL Connect Emulator has exited upon receiving signal: SIGINT 
[debug] [2026-06-11T06:08:11.782Z] [Firebase Plugin] Activating Firebase extension.
[debug] [2026-06-11T06:08:24.687Z] [Firebase Plugin] requireAuthWrapper
[debug] [2026-06-11T06:08:24.691Z] > command requires scopes: ["email","openid","https://www.googleapis.com/auth/cloudplatformprojects.readonly","https://www.googleapis.com/auth/firebase","https://www.googleapis.com/auth/cloud-platform"]
[debug] [2026-06-11T06:08:24.692Z] > authorizing via signed-in user (mohammadsaifuddin68@gmail.com)
[debug] [2026-06-11T06:08:24.696Z] Checked if tokens are valid: false, expires at: 1781158964109
[debug] [2026-06-11T06:08:24.696Z] Checked if tokens are valid: false, expires at: 1781158964109
[debug] [2026-06-11T06:08:24.697Z] > refreshing access token with scopes: []
[debug] [2026-06-11T06:08:24.699Z] >>> [apiv2][query] POST https://www.googleapis.com/oauth2/v3/token [none]
[debug] [2026-06-11T06:08:24.699Z] >>> [apiv2][body] POST https://www.googleapis.com/oauth2/v3/token [omitted]
[debug] [2026-06-11T06:08:24.708Z] [Firebase Plugin] VSCode notification server listening on port 40001
[info] [Firebase Plugin] Starting SQL Connect toolkit (version 3.4.10) on port 50001
[debug] [2026-06-11T06:08:25.249Z] 'fdc build' failed with error: Unable to build your SQL Connect schema and connectors (exit code 1): E0611 09:08:25.245339    9044 cmd.go:43] Error loading data connect config: could not find dataconnect.yaml in `c:\Users\user\.gemini\antigravity-ide\scratch\mesma-website\dataconnect`
 {"metadata":{"emulator":{"name":"dataconnect"},"message":"'fdc build' failed with error: Unable to build your SQL Connect schema and connectors (exit code 1): E0611 09:08:25.245339    9044 cmd.go:43] Error loading data connect config: could not find dataconnect.yaml in `c:\\Users\\user\\.gemini\\antigravity-ide\\scratch\\mesma-website\\dataconnect`\n"}}
[debug] [2026-06-11T06:08:25.251Z] Ignoring unsupported arg: auto_download {"metadata":{"emulator":{"name":"dataconnect"},"message":"Ignoring unsupported arg: auto_download"}}
[debug] [2026-06-11T06:08:25.251Z] Ignoring unsupported arg: port {"metadata":{"emulator":{"name":"dataconnect"},"message":"Ignoring unsupported arg: port"}}
[debug] [2026-06-11T06:08:25.251Z] Starting SQL Connect Emulator with command {"binary":"C:\\Users\\user\\.cache\\firebase\\emulators\\dataconnect-emulator-3.4.10.exe","args":["--logtostderr","-v=2","dev","--listen=localhost:50001","--config_dir=c:\\Users\\user\\.gemini\\antigravity-ide\\scratch\\mesma-website\\dataconnect","--enable_output_schema_extensions=true","--enable_output_generated_sdk=true"],"optionalArgs":["listen","config_dir","enable_output_schema_extensions","enable_output_generated_sdk"],"joinArgs":true,"shell":false,"port":9399} {"metadata":{"emulator":{"name":"dataconnect"},"message":"Starting SQL Connect Emulator with command {\"binary\":\"C:\\\\Users\\\\user\\\\.cache\\\\firebase\\\\emulators\\\\dataconnect-emulator-3.4.10.exe\",\"args\":[\"--logtostderr\",\"-v=2\",\"dev\",\"--listen=localhost:50001\",\"--config_dir=c:\\\\Users\\\\user\\\\.gemini\\\\antigravity-ide\\\\scratch\\\\mesma-website\\\\dataconnect\",\"--enable_output_schema_extensions=true\",\"--enable_output_generated_sdk=true\"],\"optionalArgs\":[\"listen\",\"config_dir\",\"enable_output_schema_extensions\",\"enable_output_generated_sdk\"],\"joinArgs\":true,\"shell\":false,\"port\":9399}"}}
[info] i  dataconnect: SQL Connect Emulator logging to dataconnect-debug.log {"metadata":{"emulator":{"name":"dataconnect"},"message":"SQL Connect Emulator logging to \u001b[1mdataconnect-debug.log\u001b[22m"}}
[debug] [2026-06-11T06:08:25.299Z] E0611 09:08:25.298230    8132 dev.go:83] Failed to load initial config from "c:\\Users\\user\\.gemini\\antigravity-ide\\scratch\\mesma-website\\dataconnect": could not find dataconnect.yaml in `c:\Users\user\.gemini\antigravity-ide\scratch\mesma-website\dataconnect`
 {"metadata":{"emulator":{"name":"dataconnect"},"message":"E0611 09:08:25.298230    8132 dev.go:83] Failed to load initial config from \"c:\\\\Users\\\\user\\\\.gemini\\\\antigravity-ide\\\\scratch\\\\mesma-website\\\\dataconnect\": could not find dataconnect.yaml in `c:\\Users\\user\\.gemini\\antigravity-ide\\scratch\\mesma-website\\dataconnect`\n"}}
[debug] [2026-06-11T06:08:25.300Z] E0611 09:08:25.298740    8132 watch.go:116] watchAllDir unable to walk dir `c:\Users\user\.gemini\antigravity-ide\scratch\mesma-website\dataconnect`: GetFileAttributesEx c:\Users\user\.gemini\antigravity-ide\scratch\mesma-website\dataconnect: The system cannot find the file specified.
 {"metadata":{"emulator":{"name":"dataconnect"},"message":"E0611 09:08:25.298740    8132 watch.go:116] watchAllDir unable to walk dir `c:\\Users\\user\\.gemini\\antigravity-ide\\scratch\\mesma-website\\dataconnect`: GetFileAttributesEx c:\\Users\\user\\.gemini\\antigravity-ide\\scratch\\mesma-website\\dataconnect: The system cannot find the file specified.\n"}}
[debug] [2026-06-11T06:08:25.315Z] I0611 09:08:25.313457    8132 dev.go:104] Listening on address (HTTP + gRPC): 127.0.0.1:50001
 {"metadata":{"emulator":{"name":"dataconnect"},"message":"I0611 09:08:25.313457    8132 dev.go:104] Listening on address (HTTP + gRPC): 127.0.0.1:50001\n"}}
[error] [Firebase Plugin] error:  {}
[debug] [2026-06-11T06:08:25.526Z] <<< [apiv2][status] POST https://www.googleapis.com/oauth2/v3/token 200
[debug] [2026-06-11T06:08:25.527Z] <<< [apiv2][body] POST https://www.googleapis.com/oauth2/v3/token [omitted]
[debug] [2026-06-11T06:08:25.566Z] [Firebase Plugin] User found:  mohammadsaifuddin68@gmail.com
[info] [Firebase Plugin] (Core:Project) New user detected, fetching projects
[debug] [2026-06-11T06:08:25.568Z] Checked if tokens are valid: true, expires at: 1781161704527
[debug] [2026-06-11T06:08:25.569Z] >>> [apiv2][query] GET https://firebase.googleapis.com/v1beta1/projects pageSize=1000
[debug] [2026-06-11T06:08:26.321Z] <<< [apiv2][status] GET https://firebase.googleapis.com/v1beta1/projects 200
[debug] [2026-06-11T06:08:26.321Z] <<< [apiv2][body] GET https://firebase.googleapis.com/v1beta1/projects [omitted]
[debug] [2026-06-11T06:08:35.300Z] E0611 09:08:35.299121    8132 watch.go:40] Failed to load config from "c:\\Users\\user\\.gemini\\antigravity-ide\\scratch\\mesma-website\\dataconnect": could not find dataconnect.yaml in `c:\Users\user\.gemini\antigravity-ide\scratch\mesma-website\dataconnect`
 {"metadata":{"emulator":{"name":"dataconnect"},"message":"E0611 09:08:35.299121    8132 watch.go:40] Failed to load config from \"c:\\\\Users\\\\user\\\\.gemini\\\\antigravity-ide\\\\scratch\\\\mesma-website\\\\dataconnect\": could not find dataconnect.yaml in `c:\\Users\\user\\.gemini\\antigravity-ide\\scratch\\mesma-website\\dataconnect`\n"}}
[debug] [2026-06-11T06:08:45.299Z] E0611 09:08:45.299329    8132 watch.go:40] Failed to load config from "c:\\Users\\user\\.gemini\\antigravity-ide\\scratch\\mesma-website\\dataconnect": could not find dataconnect.yaml in `c:\Users\user\.gemini\antigravity-ide\scratch\mesma-website\dataconnect`
 {"metadata":{"emulator":{"name":"dataconnect"},"message":"E0611 09:08:45.299329    8132 watch.go:40] Failed to load config from \"c:\\\\Users\\\\user\\\\.gemini\\\\antigravity-ide\\\\scratch\\\\mesma-website\\\\dataconnect\": could not find dataconnect.yaml in `c:\\Users\\user\\.gemini\\antigravity-ide\\scratch\\mesma-website\\dataconnect`\n"}}
[debug] [2026-06-11T06:08:55.299Z] E0611 09:08:55.299215    8132 watch.go:40] Failed to load config from "c:\\Users\\user\\.gemini\\antigravity-ide\\scratch\\mesma-website\\dataconnect": could not find dataconnect.yaml in `c:\Users\user\.gemini\antigravity-ide\scratch\mesma-website\dataconnect`
 {"metadata":{"emulator":{"name":"dataconnect"},"message":"E0611 09:08:55.299215    8132 watch.go:40] Failed to load config from \"c:\\\\Users\\\\user\\\\.gemini\\\\antigravity-ide\\\\scratch\\\\mesma-website\\\\dataconnect\": could not find dataconnect.yaml in `c:\\Users\\user\\.gemini\\antigravity-ide\\scratch\\mesma-website\\dataconnect`\n"}}
[debug] [2026-06-11T06:09:05.299Z] E0611 09:09:05.299439    8132 watch.go:40] Failed to load config from "c:\\Users\\user\\.gemini\\antigravity-ide\\scratch\\mesma-website\\dataconnect": could not find dataconnect.yaml in `c:\Users\user\.gemini\antigravity-ide\scratch\mesma-website\dataconnect`
 {"metadata":{"emulator":{"name":"dataconnect"},"message":"E0611 09:09:05.299439    8132 watch.go:40] Failed to load config from \"c:\\\\Users\\\\user\\\\.gemini\\\\antigravity-ide\\\\scratch\\\\mesma-website\\\\dataconnect\": could not find dataconnect.yaml in `c:\\Users\\user\\.gemini\\antigravity-ide\\scratch\\mesma-website\\dataconnect`\n"}}
[debug] [2026-06-11T06:09:15.299Z] E0611 09:09:15.299072    8132 watch.go:40] Failed to load config from "c:\\Users\\user\\.gemini\\antigravity-ide\\scratch\\mesma-website\\dataconnect": could not find dataconnect.yaml in `c:\Users\user\.gemini\antigravity-ide\scratch\mesma-website\dataconnect`
 {"metadata":{"emulator":{"name":"dataconnect"},"message":"E0611 09:09:15.299072    8132 watch.go:40] Failed to load config from \"c:\\\\Users\\\\user\\\\.gemini\\\\antigravity-ide\\\\scratch\\\\mesma-website\\\\dataconnect\": could not find dataconnect.yaml in `c:\\Users\\user\\.gemini\\antigravity-ide\\scratch\\mesma-website\\dataconnect`\n"}}
[debug] [2026-06-11T06:09:25.299Z] E0611 09:09:25.299365    8132 watch.go:116] watchAllDir unable to walk dir `c:\Users\user\.gemini\antigravity-ide\scratch\mesma-website\dataconnect`: GetFileAttributesEx c:\Users\user\.gemini\antigravity-ide\scratch\mesma-website\dataconnect: The system cannot find the file specified.
E0611 09:09:25.299811    8132 watch.go:40] Failed to load config from "c:\\Users\\user\\.gemini\\antigravity-ide\\scratch\\mesma-website\\dataconnect": could not find dataconnect.yaml in `c:\Users\user\.gemini\antigravity-ide\scratch\mesma-website\dataconnect`
 {"metadata":{"emulator":{"name":"dataconnect"},"message":"E0611 09:09:25.299365    8132 watch.go:116] watchAllDir unable to walk dir `c:\\Users\\user\\.gemini\\antigravity-ide\\scratch\\mesma-website\\dataconnect`: GetFileAttributesEx c:\\Users\\user\\.gemini\\antigravity-ide\\scratch\\mesma-website\\dataconnect: The system cannot find the file specified.\nE0611 09:09:25.299811    8132 watch.go:40] Failed to load config from \"c:\\\\Users\\\\user\\\\.gemini\\\\antigravity-ide\\\\scratch\\\\mesma-website\\\\dataconnect\": could not find dataconnect.yaml in `c:\\Users\\user\\.gemini\\antigravity-ide\\scratch\\mesma-website\\dataconnect`\n"}}
[debug] [2026-06-11T06:09:35.299Z] E0611 09:09:35.299277    8132 watch.go:40] Failed to load config from "c:\\Users\\user\\.gemini\\antigravity-ide\\scratch\\mesma-website\\dataconnect": could not find dataconnect.yaml in `c:\Users\user\.gemini\antigravity-ide\scratch\mesma-website\dataconnect`
 {"metadata":{"emulator":{"name":"dataconnect"},"message":"E0611 09:09:35.299277    8132 watch.go:40] Failed to load config from \"c:\\\\Users\\\\user\\\\.gemini\\\\antigravity-ide\\\\scratch\\\\mesma-website\\\\dataconnect\": could not find dataconnect.yaml in `c:\\Users\\user\\.gemini\\antigravity-ide\\scratch\\mesma-website\\dataconnect`\n"}}
[debug] [2026-06-11T06:09:45.299Z] E0611 09:09:45.299290    8132 watch.go:40] Failed to load config from "c:\\Users\\user\\.gemini\\antigravity-ide\\scratch\\mesma-website\\dataconnect": could not find dataconnect.yaml in `c:\Users\user\.gemini\antigravity-ide\scratch\mesma-website\dataconnect`
 {"metadata":{"emulator":{"name":"dataconnect"},"message":"E0611 09:09:45.299290    8132 watch.go:40] Failed to load config from \"c:\\\\Users\\\\user\\\\.gemini\\\\antigravity-ide\\\\scratch\\\\mesma-website\\\\dataconnect\": could not find dataconnect.yaml in `c:\\Users\\user\\.gemini\\antigravity-ide\\scratch\\mesma-website\\dataconnect`\n"}}
[debug] [2026-06-11T06:09:55.299Z] E0611 09:09:55.299095    8132 watch.go:40] Failed to load config from "c:\\Users\\user\\.gemini\\antigravity-ide\\scratch\\mesma-website\\dataconnect": could not find dataconnect.yaml in `c:\Users\user\.gemini\antigravity-ide\scratch\mesma-website\dataconnect`
 {"metadata":{"emulator":{"name":"dataconnect"},"message":"E0611 09:09:55.299095    8132 watch.go:40] Failed to load config from \"c:\\\\Users\\\\user\\\\.gemini\\\\antigravity-ide\\\\scratch\\\\mesma-website\\\\dataconnect\": could not find dataconnect.yaml in `c:\\Users\\user\\.gemini\\antigravity-ide\\scratch\\mesma-website\\dataconnect`\n"}}
[info] [Firebase Plugin] Stopping SQL Connect toolkit
[warn] !  SQL Connect Emulator has exited upon receiving signal: SIGINT 
[debug] [2026-06-15T05:03:48.301Z] [Firebase Plugin] Activating Firebase extension.
[debug] [2026-06-15T05:03:51.853Z] [Firebase Plugin] requireAuthWrapper
[debug] [2026-06-15T05:03:51.856Z] > command requires scopes: ["email","openid","https://www.googleapis.com/auth/cloudplatformprojects.readonly","https://www.googleapis.com/auth/firebase","https://www.googleapis.com/auth/cloud-platform"]
[debug] [2026-06-15T05:03:51.856Z] > authorizing via signed-in user (mohammadsaifuddin68@gmail.com)
[debug] [2026-06-15T05:03:51.858Z] Checked if tokens are valid: true, expires at: 1781502188445
[debug] [2026-06-15T05:03:51.859Z] Checked if tokens are valid: true, expires at: 1781502188445
[debug] [2026-06-15T05:03:51.859Z] [Firebase Plugin] User found:  mohammadsaifuddin68@gmail.com
[info] [Firebase Plugin] (Core:Project) New user detected, fetching projects
[debug] [2026-06-15T05:03:51.860Z] Checked if tokens are valid: true, expires at: 1781502188445
[debug] [2026-06-15T05:03:51.861Z] >>> [apiv2][query] GET https://firebase.googleapis.com/v1beta1/projects pageSize=1000
[info] [Firebase Plugin] Starting SQL Connect toolkit (version 3.4.10) on port 50001
[debug] [2026-06-15T05:03:52.409Z] 'fdc build' failed with error: Unable to build your SQL Connect schema and connectors (exit code 1): E0615 08:03:52.402529   25456 cmd.go:43] Error loading data connect config: could not find dataconnect.yaml in `c:\Users\user\.gemini\antigravity-ide\scratch\mesma-website\dataconnect`
 {"metadata":{"emulator":{"name":"dataconnect"},"message":"'fdc build' failed with error: Unable to build your SQL Connect schema and connectors (exit code 1): E0615 08:03:52.402529   25456 cmd.go:43] Error loading data connect config: could not find dataconnect.yaml in `c:\\Users\\user\\.gemini\\antigravity-ide\\scratch\\mesma-website\\dataconnect`\n"}}
[debug] [2026-06-15T05:03:52.410Z] Ignoring unsupported arg: auto_download {"metadata":{"emulator":{"name":"dataconnect"},"message":"Ignoring unsupported arg: auto_download"}}
[debug] [2026-06-15T05:03:52.411Z] Ignoring unsupported arg: port {"metadata":{"emulator":{"name":"dataconnect"},"message":"Ignoring unsupported arg: port"}}
[debug] [2026-06-15T05:03:52.411Z] Starting SQL Connect Emulator with command {"binary":"C:\\Users\\user\\.cache\\firebase\\emulators\\dataconnect-emulator-3.4.10.exe","args":["--logtostderr","-v=2","dev","--listen=localhost:50001","--config_dir=c:\\Users\\user\\.gemini\\antigravity-ide\\scratch\\mesma-website\\dataconnect","--enable_output_schema_extensions=true","--enable_output_generated_sdk=true"],"optionalArgs":["listen","config_dir","enable_output_schema_extensions","enable_output_generated_sdk"],"joinArgs":true,"shell":false,"port":9399} {"metadata":{"emulator":{"name":"dataconnect"},"message":"Starting SQL Connect Emulator with command {\"binary\":\"C:\\\\Users\\\\user\\\\.cache\\\\firebase\\\\emulators\\\\dataconnect-emulator-3.4.10.exe\",\"args\":[\"--logtostderr\",\"-v=2\",\"dev\",\"--listen=localhost:50001\",\"--config_dir=c:\\\\Users\\\\user\\\\.gemini\\\\antigravity-ide\\\\scratch\\\\mesma-website\\\\dataconnect\",\"--enable_output_schema_extensions=true\",\"--enable_output_generated_sdk=true\"],\"optionalArgs\":[\"listen\",\"config_dir\",\"enable_output_schema_extensions\",\"enable_output_generated_sdk\"],\"joinArgs\":true,\"shell\":false,\"port\":9399}"}}
[info] i  dataconnect: SQL Connect Emulator logging to dataconnect-debug.log {"metadata":{"emulator":{"name":"dataconnect"},"message":"SQL Connect Emulator logging to \u001b[1mdataconnect-debug.log\u001b[22m"}}
[debug] [2026-06-15T05:03:52.455Z] E0615 08:03:52.453905   30392 dev.go:83] Failed to load initial config from "c:\\Users\\user\\.gemini\\antigravity-ide\\scratch\\mesma-website\\dataconnect": could not find dataconnect.yaml in `c:\Users\user\.gemini\antigravity-ide\scratch\mesma-website\dataconnect`
 {"metadata":{"emulator":{"name":"dataconnect"},"message":"E0615 08:03:52.453905   30392 dev.go:83] Failed to load initial config from \"c:\\\\Users\\\\user\\\\.gemini\\\\antigravity-ide\\\\scratch\\\\mesma-website\\\\dataconnect\": could not find dataconnect.yaml in `c:\\Users\\user\\.gemini\\antigravity-ide\\scratch\\mesma-website\\dataconnect`\n"}}
[debug] [2026-06-15T05:03:52.464Z] E0615 08:03:52.455467   30392 watch.go:116] watchAllDir unable to walk dir `c:\Users\user\.gemini\antigravity-ide\scratch\mesma-website\dataconnect`: GetFileAttributesEx c:\Users\user\.gemini\antigravity-ide\scratch\mesma-website\dataconnect: The system cannot find the file specified.
 {"metadata":{"emulator":{"name":"dataconnect"},"message":"E0615 08:03:52.455467   30392 watch.go:116] watchAllDir unable to walk dir `c:\\Users\\user\\.gemini\\antigravity-ide\\scratch\\mesma-website\\dataconnect`: GetFileAttributesEx c:\\Users\\user\\.gemini\\antigravity-ide\\scratch\\mesma-website\\dataconnect: The system cannot find the file specified.\n"}}
[debug] [2026-06-15T05:03:52.472Z] I0615 08:03:52.472688   30392 dev.go:104] Listening on address (HTTP + gRPC): 127.0.0.1:50001
 {"metadata":{"emulator":{"name":"dataconnect"},"message":"I0615 08:03:52.472688   30392 dev.go:104] Listening on address (HTTP + gRPC): 127.0.0.1:50001\n"}}
[error] [Firebase Plugin] error:  {}
[debug] [2026-06-15T05:03:53.247Z] <<< [apiv2][status] GET https://firebase.googleapis.com/v1beta1/projects 200
[debug] [2026-06-15T05:03:53.248Z] <<< [apiv2][body] GET https://firebase.googleapis.com/v1beta1/projects [omitted]
[debug] [2026-06-15T05:04:02.460Z] E0615 08:04:02.460087   30392 watch.go:40] Failed to load config from "c:\\Users\\user\\.gemini\\antigravity-ide\\scratch\\mesma-website\\dataconnect": could not find dataconnect.yaml in `c:\Users\user\.gemini\antigravity-ide\scratch\mesma-website\dataconnect`
 {"metadata":{"emulator":{"name":"dataconnect"},"message":"E0615 08:04:02.460087   30392 watch.go:40] Failed to load config from \"c:\\\\Users\\\\user\\\\.gemini\\\\antigravity-ide\\\\scratch\\\\mesma-website\\\\dataconnect\": could not find dataconnect.yaml in `c:\\Users\\user\\.gemini\\antigravity-ide\\scratch\\mesma-website\\dataconnect`\n"}}
[debug] [2026-06-15T05:04:12.460Z] E0615 08:04:12.460226   30392 watch.go:40] Failed to load config from "c:\\Users\\user\\.gemini\\antigravity-ide\\scratch\\mesma-website\\dataconnect": could not find dataconnect.yaml in `c:\Users\user\.gemini\antigravity-ide\scratch\mesma-website\dataconnect`
 {"metadata":{"emulator":{"name":"dataconnect"},"message":"E0615 08:04:12.460226   30392 watch.go:40] Failed to load config from \"c:\\\\Users\\\\user\\\\.gemini\\\\antigravity-ide\\\\scratch\\\\mesma-website\\\\dataconnect\": could not find dataconnect.yaml in `c:\\Users\\user\\.gemini\\antigravity-ide\\scratch\\mesma-website\\dataconnect`\n"}}
[debug] [2026-06-15T05:04:22.460Z] E0615 08:04:22.459956   30392 watch.go:40] Failed to load config from "c:\\Users\\user\\.gemini\\antigravity-ide\\scratch\\mesma-website\\dataconnect": could not find dataconnect.yaml in `c:\Users\user\.gemini\antigravity-ide\scratch\mesma-website\dataconnect`
 {"metadata":{"emulator":{"name":"dataconnect"},"message":"E0615 08:04:22.459956   30392 watch.go:40] Failed to load config from \"c:\\\\Users\\\\user\\\\.gemini\\\\antigravity-ide\\\\scratch\\\\mesma-website\\\\dataconnect\": could not find dataconnect.yaml in `c:\\Users\\user\\.gemini\\antigravity-ide\\scratch\\mesma-website\\dataconnect`\n"}}
[debug] [2026-06-15T05:04:32.461Z] E0615 08:04:32.461172   30392 watch.go:40] Failed to load config from "c:\\Users\\user\\.gemini\\antigravity-ide\\scratch\\mesma-website\\dataconnect": could not find dataconnect.yaml in `c:\Users\user\.gemini\antigravity-ide\scratch\mesma-website\dataconnect`
 {"metadata":{"emulator":{"name":"dataconnect"},"message":"E0615 08:04:32.461172   30392 watch.go:40] Failed to load config from \"c:\\\\Users\\\\user\\\\.gemini\\\\antigravity-ide\\\\scratch\\\\mesma-website\\\\dataconnect\": could not find dataconnect.yaml in `c:\\Users\\user\\.gemini\\antigravity-ide\\scratch\\mesma-website\\dataconnect`\n"}}
[debug] [2026-06-15T05:04:42.460Z] E0615 08:04:42.460512   30392 watch.go:40] Failed to load config from "c:\\Users\\user\\.gemini\\antigravity-ide\\scratch\\mesma-website\\dataconnect": could not find dataconnect.yaml in `c:\Users\user\.gemini\antigravity-ide\scratch\mesma-website\dataconnect`
 {"metadata":{"emulator":{"name":"dataconnect"},"message":"E0615 08:04:42.460512   30392 watch.go:40] Failed to load config from \"c:\\\\Users\\\\user\\\\.gemini\\\\antigravity-ide\\\\scratch\\\\mesma-website\\\\dataconnect\": could not find dataconnect.yaml in `c:\\Users\\user\\.gemini\\antigravity-ide\\scratch\\mesma-website\\dataconnect`\n"}}
[debug] [2026-06-15T05:04:52.459Z] E0615 08:04:52.460023   30392 watch.go:116] watchAllDir unable to walk dir `c:\Users\user\.gemini\antigravity-ide\scratch\mesma-website\dataconnect`: GetFileAttributesEx c:\Users\user\.gemini\antigravity-ide\scratch\mesma-website\dataconnect: The system cannot find the file specified.
 {"metadata":{"emulator":{"name":"dataconnect"},"message":"E0615 08:04:52.460023   30392 watch.go:116] watchAllDir unable to walk dir `c:\\Users\\user\\.gemini\\antigravity-ide\\scratch\\mesma-website\\dataconnect`: GetFileAttributesEx c:\\Users\\user\\.gemini\\antigravity-ide\\scratch\\mesma-website\\dataconnect: The system cannot find the file specified.\n"}}
[debug] [2026-06-15T05:04:52.460Z] E0615 08:04:52.460023   30392 watch.go:40] Failed to load config from "c:\\Users\\user\\.gemini\\antigravity-ide\\scratch\\mesma-website\\dataconnect": could not find dataconnect.yaml in `c:\Users\user\.gemini\antigravity-ide\scratch\mesma-website\dataconnect`
 {"metadata":{"emulator":{"name":"dataconnect"},"message":"E0615 08:04:52.460023   30392 watch.go:40] Failed to load config from \"c:\\\\Users\\\\user\\\\.gemini\\\\antigravity-ide\\\\scratch\\\\mesma-website\\\\dataconnect\": could not find dataconnect.yaml in `c:\\Users\\user\\.gemini\\antigravity-ide\\scratch\\mesma-website\\dataconnect`\n"}}
[debug] [2026-06-15T05:05:02.460Z] E0615 08:05:02.460593   30392 watch.go:40] Failed to load config from "c:\\Users\\user\\.gemini\\antigravity-ide\\scratch\\mesma-website\\dataconnect": could not find dataconnect.yaml in `c:\Users\user\.gemini\antigravity-ide\scratch\mesma-website\dataconnect`
 {"metadata":{"emulator":{"name":"dataconnect"},"message":"E0615 08:05:02.460593   30392 watch.go:40] Failed to load config from \"c:\\\\Users\\\\user\\\\.gemini\\\\antigravity-ide\\\\scratch\\\\mesma-website\\\\dataconnect\": could not find dataconnect.yaml in `c:\\Users\\user\\.gemini\\antigravity-ide\\scratch\\mesma-website\\dataconnect`\n"}}
[debug] [2026-06-15T05:05:12.460Z] E0615 08:05:12.460329   30392 watch.go:40] Failed to load config from "c:\\Users\\user\\.gemini\\antigravity-ide\\scratch\\mesma-website\\dataconnect": could not find dataconnect.yaml in `c:\Users\user\.gemini\antigravity-ide\scratch\mesma-website\dataconnect`
 {"metadata":{"emulator":{"name":"dataconnect"},"message":"E0615 08:05:12.460329   30392 watch.go:40] Failed to load config from \"c:\\\\Users\\\\user\\\\.gemini\\\\antigravity-ide\\\\scratch\\\\mesma-website\\\\dataconnect\": could not find dataconnect.yaml in `c:\\Users\\user\\.gemini\\antigravity-ide\\scratch\\mesma-website\\dataconnect`\n"}}
[debug] [2026-06-15T05:05:22.460Z] E0615 08:05:22.460783   30392 watch.go:40] Failed to load config from "c:\\Users\\user\\.gemini\\antigravity-ide\\scratch\\mesma-website\\dataconnect": could not find dataconnect.yaml in `c:\Users\user\.gemini\antigravity-ide\scratch\mesma-website\dataconnect`
 {"metadata":{"emulator":{"name":"dataconnect"},"message":"E0615 08:05:22.460783   30392 watch.go:40] Failed to load config from \"c:\\\\Users\\\\user\\\\.gemini\\\\antigravity-ide\\\\scratch\\\\mesma-website\\\\dataconnect\": could not find dataconnect.yaml in `c:\\Users\\user\\.gemini\\antigravity-ide\\scratch\\mesma-website\\dataconnect`\n"}}
[debug] [2026-06-15T05:05:32.462Z] E0615 08:05:32.462454   30392 watch.go:40] Failed to load config from "c:\\Users\\user\\.gemini\\antigravity-ide\\scratch\\mesma-website\\dataconnect": could not find dataconnect.yaml in `c:\Users\user\.gemini\antigravity-ide\scratch\mesma-website\dataconnect`
 {"metadata":{"emulator":{"name":"dataconnect"},"message":"E0615 08:05:32.462454   30392 watch.go:40] Failed to load config from \"c:\\\\Users\\\\user\\\\.gemini\\\\antigravity-ide\\\\scratch\\\\mesma-website\\\\dataconnect\": could not find dataconnect.yaml in `c:\\Users\\user\\.gemini\\antigravity-ide\\scratch\\mesma-website\\dataconnect`\n"}}
[debug] [2026-06-15T05:05:42.459Z] E0615 08:05:42.459912   30392 watch.go:40] Failed to load config from "c:\\Users\\user\\.gemini\\antigravity-ide\\scratch\\mesma-website\\dataconnect": could not find dataconnect.yaml in `c:\Users\user\.gemini\antigravity-ide\scratch\mesma-website\dataconnect`
 {"metadata":{"emulator":{"name":"dataconnect"},"message":"E0615 08:05:42.459912   30392 watch.go:40] Failed to load config from \"c:\\\\Users\\\\user\\\\.gemini\\\\antigravity-ide\\\\scratch\\\\mesma-website\\\\dataconnect\": could not find dataconnect.yaml in `c:\\Users\\user\\.gemini\\antigravity-ide\\scratch\\mesma-website\\dataconnect`\n"}}
[debug] [2026-06-15T05:05:52.460Z] E0615 08:05:52.460594   30392 watch.go:116] watchAllDir unable to walk dir `c:\Users\user\.gemini\antigravity-ide\scratch\mesma-website\dataconnect`: GetFileAttributesEx c:\Users\user\.gemini\antigravity-ide\scratch\mesma-website\dataconnect: The system cannot find the file specified.
 {"metadata":{"emulator":{"name":"dataconnect"},"message":"E0615 08:05:52.460594   30392 watch.go:116] watchAllDir unable to walk dir `c:\\Users\\user\\.gemini\\antigravity-ide\\scratch\\mesma-website\\dataconnect`: GetFileAttributesEx c:\\Users\\user\\.gemini\\antigravity-ide\\scratch\\mesma-website\\dataconnect: The system cannot find the file specified.\n"}}
[debug] [2026-06-15T05:05:52.461Z] E0615 08:05:52.460594   30392 watch.go:40] Failed to load config from "c:\\Users\\user\\.gemini\\antigravity-ide\\scratch\\mesma-website\\dataconnect": could not find dataconnect.yaml in `c:\Users\user\.gemini\antigravity-ide\scratch\mesma-website\dataconnect`
 {"metadata":{"emulator":{"name":"dataconnect"},"message":"E0615 08:05:52.460594   30392 watch.go:40] Failed to load config from \"c:\\\\Users\\\\user\\\\.gemini\\\\antigravity-ide\\\\scratch\\\\mesma-website\\\\dataconnect\": could not find dataconnect.yaml in `c:\\Users\\user\\.gemini\\antigravity-ide\\scratch\\mesma-website\\dataconnect`\n"}}
[debug] [2026-06-15T05:06:02.463Z] E0615 08:06:02.463589   30392 watch.go:40] Failed to load config from "c:\\Users\\user\\.gemini\\antigravity-ide\\scratch\\mesma-website\\dataconnect": could not find dataconnect.yaml in `c:\Users\user\.gemini\antigravity-ide\scratch\mesma-website\dataconnect`
 {"metadata":{"emulator":{"name":"dataconnect"},"message":"E0615 08:06:02.463589   30392 watch.go:40] Failed to load config from \"c:\\\\Users\\\\user\\\\.gemini\\\\antigravity-ide\\\\scratch\\\\mesma-website\\\\dataconnect\": could not find dataconnect.yaml in `c:\\Users\\user\\.gemini\\antigravity-ide\\scratch\\mesma-website\\dataconnect`\n"}}
[debug] [2026-06-15T05:06:12.459Z] E0615 08:06:12.460094   30392 watch.go:40] Failed to load config from "c:\\Users\\user\\.gemini\\antigravity-ide\\scratch\\mesma-website\\dataconnect": could not find dataconnect.yaml in `c:\Users\user\.gemini\antigravity-ide\scratch\mesma-website\dataconnect`
 {"metadata":{"emulator":{"name":"dataconnect"},"message":"E0615 08:06:12.460094   30392 watch.go:40] Failed to load config from \"c:\\\\Users\\\\user\\\\.gemini\\\\antigravity-ide\\\\scratch\\\\mesma-website\\\\dataconnect\": could not find dataconnect.yaml in `c:\\Users\\user\\.gemini\\antigravity-ide\\scratch\\mesma-website\\dataconnect`\n"}}
[debug] [2026-06-15T05:06:22.460Z] E0615 08:06:22.460726   30392 watch.go:40] Failed to load config from "c:\\Users\\user\\.gemini\\antigravity-ide\\scratch\\mesma-website\\dataconnect": could not find dataconnect.yaml in `c:\Users\user\.gemini\antigravity-ide\scratch\mesma-website\dataconnect`
 {"metadata":{"emulator":{"name":"dataconnect"},"message":"E0615 08:06:22.460726   30392 watch.go:40] Failed to load config from \"c:\\\\Users\\\\user\\\\.gemini\\\\antigravity-ide\\\\scratch\\\\mesma-website\\\\dataconnect\": could not find dataconnect.yaml in `c:\\Users\\user\\.gemini\\antigravity-ide\\scratch\\mesma-website\\dataconnect`\n"}}
[debug] [2026-06-15T05:06:32.460Z] E0615 08:06:32.460832   30392 watch.go:40] Failed to load config from "c:\\Users\\user\\.gemini\\antigravity-ide\\scratch\\mesma-website\\dataconnect": could not find dataconnect.yaml in `c:\Users\user\.gemini\antigravity-ide\scratch\mesma-website\dataconnect`
 {"metadata":{"emulator":{"name":"dataconnect"},"message":"E0615 08:06:32.460832   30392 watch.go:40] Failed to load config from \"c:\\\\Users\\\\user\\\\.gemini\\\\antigravity-ide\\\\scratch\\\\mesma-website\\\\dataconnect\": could not find dataconnect.yaml in `c:\\Users\\user\\.gemini\\antigravity-ide\\scratch\\mesma-website\\dataconnect`\n"}}
[debug] [2026-06-15T05:06:42.460Z] E0615 08:06:42.460141   30392 watch.go:40] Failed to load config from "c:\\Users\\user\\.gemini\\antigravity-ide\\scratch\\mesma-website\\dataconnect": could not find dataconnect.yaml in `c:\Users\user\.gemini\antigravity-ide\scratch\mesma-website\dataconnect`
 {"metadata":{"emulator":{"name":"dataconnect"},"message":"E0615 08:06:42.460141   30392 watch.go:40] Failed to load config from \"c:\\\\Users\\\\user\\\\.gemini\\\\antigravity-ide\\\\scratch\\\\mesma-website\\\\dataconnect\": could not find dataconnect.yaml in `c:\\Users\\user\\.gemini\\antigravity-ide\\scratch\\mesma-website\\dataconnect`\n"}}
[debug] [2026-06-15T05:06:52.460Z] E0615 08:06:52.460224   30392 watch.go:116] watchAllDir unable to walk dir `c:\Users\user\.gemini\antigravity-ide\scratch\mesma-website\dataconnect`: GetFileAttributesEx c:\Users\user\.gemini\antigravity-ide\scratch\mesma-website\dataconnect: The system cannot find the file specified.
 {"metadata":{"emulator":{"name":"dataconnect"},"message":"E0615 08:06:52.460224   30392 watch.go:116] watchAllDir unable to walk dir `c:\\Users\\user\\.gemini\\antigravity-ide\\scratch\\mesma-website\\dataconnect`: GetFileAttributesEx c:\\Users\\user\\.gemini\\antigravity-ide\\scratch\\mesma-website\\dataconnect: The system cannot find the file specified.\n"}}
[debug] [2026-06-15T05:06:52.462Z] E0615 08:06:52.460895   30392 watch.go:40] Failed to load config from "c:\\Users\\user\\.gemini\\antigravity-ide\\scratch\\mesma-website\\dataconnect": could not find dataconnect.yaml in `c:\Users\user\.gemini\antigravity-ide\scratch\mesma-website\dataconnect`
 {"metadata":{"emulator":{"name":"dataconnect"},"message":"E0615 08:06:52.460895   30392 watch.go:40] Failed to load config from \"c:\\\\Users\\\\user\\\\.gemini\\\\antigravity-ide\\\\scratch\\\\mesma-website\\\\dataconnect\": could not find dataconnect.yaml in `c:\\Users\\user\\.gemini\\antigravity-ide\\scratch\\mesma-website\\dataconnect`\n"}}
[debug] [2026-06-15T05:07:02.460Z] E0615 08:07:02.459966   30392 watch.go:40] Failed to load config from "c:\\Users\\user\\.gemini\\antigravity-ide\\scratch\\mesma-website\\dataconnect": could not find dataconnect.yaml in `c:\Users\user\.gemini\antigravity-ide\scratch\mesma-website\dataconnect`
 {"metadata":{"emulator":{"name":"dataconnect"},"message":"E0615 08:07:02.459966   30392 watch.go:40] Failed to load config from \"c:\\\\Users\\\\user\\\\.gemini\\\\antigravity-ide\\\\scratch\\\\mesma-website\\\\dataconnect\": could not find dataconnect.yaml in `c:\\Users\\user\\.gemini\\antigravity-ide\\scratch\\mesma-website\\dataconnect`\n"}}
[debug] [2026-06-15T05:07:12.460Z] E0615 08:07:12.460625   30392 watch.go:40] Failed to load config from "c:\\Users\\user\\.gemini\\antigravity-ide\\scratch\\mesma-website\\dataconnect": could not find dataconnect.yaml in `c:\Users\user\.gemini\antigravity-ide\scratch\mesma-website\dataconnect`
 {"metadata":{"emulator":{"name":"dataconnect"},"message":"E0615 08:07:12.460625   30392 watch.go:40] Failed to load config from \"c:\\\\Users\\\\user\\\\.gemini\\\\antigravity-ide\\\\scratch\\\\mesma-website\\\\dataconnect\": could not find dataconnect.yaml in `c:\\Users\\user\\.gemini\\antigravity-ide\\scratch\\mesma-website\\dataconnect`\n"}}
[debug] [2026-06-15T05:07:22.460Z] E0615 08:07:22.460162   30392 watch.go:40] Failed to load config from "c:\\Users\\user\\.gemini\\antigravity-ide\\scratch\\mesma-website\\dataconnect": could not find dataconnect.yaml in `c:\Users\user\.gemini\antigravity-ide\scratch\mesma-website\dataconnect`
 {"metadata":{"emulator":{"name":"dataconnect"},"message":"E0615 08:07:22.460162   30392 watch.go:40] Failed to load config from \"c:\\\\Users\\\\user\\\\.gemini\\\\antigravity-ide\\\\scratch\\\\mesma-website\\\\dataconnect\": could not find dataconnect.yaml in `c:\\Users\\user\\.gemini\\antigravity-ide\\scratch\\mesma-website\\dataconnect`\n"}}
[debug] [2026-06-15T05:07:32.460Z] E0615 08:07:32.459943   30392 watch.go:40] Failed to load config from "c:\\Users\\user\\.gemini\\antigravity-ide\\scratch\\mesma-website\\dataconnect": could not find dataconnect.yaml in `c:\Users\user\.gemini\antigravity-ide\scratch\mesma-website\dataconnect`
 {"metadata":{"emulator":{"name":"dataconnect"},"message":"E0615 08:07:32.459943   30392 watch.go:40] Failed to load config from \"c:\\\\Users\\\\user\\\\.gemini\\\\antigravity-ide\\\\scratch\\\\mesma-website\\\\dataconnect\": could not find dataconnect.yaml in `c:\\Users\\user\\.gemini\\antigravity-ide\\scratch\\mesma-website\\dataconnect`\n"}}
[debug] [2026-06-15T05:07:42.460Z] E0615 08:07:42.460446   30392 watch.go:40] Failed to load config from "c:\\Users\\user\\.gemini\\antigravity-ide\\scratch\\mesma-website\\dataconnect": could not find dataconnect.yaml in `c:\Users\user\.gemini\antigravity-ide\scratch\mesma-website\dataconnect`
 {"metadata":{"emulator":{"name":"dataconnect"},"message":"E0615 08:07:42.460446   30392 watch.go:40] Failed to load config from \"c:\\\\Users\\\\user\\\\.gemini\\\\antigravity-ide\\\\scratch\\\\mesma-website\\\\dataconnect\": could not find dataconnect.yaml in `c:\\Users\\user\\.gemini\\antigravity-ide\\scratch\\mesma-website\\dataconnect`\n"}}
[debug] [2026-06-15T05:07:52.459Z] E0615 08:07:52.459850   30392 watch.go:116] watchAllDir unable to walk dir `c:\Users\user\.gemini\antigravity-ide\scratch\mesma-website\dataconnect`: GetFileAttributesEx c:\Users\user\.gemini\antigravity-ide\scratch\mesma-website\dataconnect: The system cannot find the file specified.
E0615 08:07:52.459850   30392 watch.go:40] Failed to load config from "c:\\Users\\user\\.gemini\\antigravity-ide\\scratch\\mesma-website\\dataconnect": could not find dataconnect.yaml in `c:\Users\user\.gemini\antigravity-ide\scratch\mesma-website\dataconnect`
 {"metadata":{"emulator":{"name":"dataconnect"},"message":"E0615 08:07:52.459850   30392 watch.go:116] watchAllDir unable to walk dir `c:\\Users\\user\\.gemini\\antigravity-ide\\scratch\\mesma-website\\dataconnect`: GetFileAttributesEx c:\\Users\\user\\.gemini\\antigravity-ide\\scratch\\mesma-website\\dataconnect: The system cannot find the file specified.\nE0615 08:07:52.459850   30392 watch.go:40] Failed to load config from \"c:\\\\Users\\\\user\\\\.gemini\\\\antigravity-ide\\\\scratch\\\\mesma-website\\\\dataconnect\": could not find dataconnect.yaml in `c:\\Users\\user\\.gemini\\antigravity-ide\\scratch\\mesma-website\\dataconnect`\n"}}
[debug] [2026-06-15T05:08:02.460Z] E0615 08:08:02.460435   30392 watch.go:40] Failed to load config from "c:\\Users\\user\\.gemini\\antigravity-ide\\scratch\\mesma-website\\dataconnect": could not find dataconnect.yaml in `c:\Users\user\.gemini\antigravity-ide\scratch\mesma-website\dataconnect`
 {"metadata":{"emulator":{"name":"dataconnect"},"message":"E0615 08:08:02.460435   30392 watch.go:40] Failed to load config from \"c:\\\\Users\\\\user\\\\.gemini\\\\antigravity-ide\\\\scratch\\\\mesma-website\\\\dataconnect\": could not find dataconnect.yaml in `c:\\Users\\user\\.gemini\\antigravity-ide\\scratch\\mesma-website\\dataconnect`\n"}}
[debug] [2026-06-15T05:08:12.460Z] E0615 08:08:12.460180   30392 watch.go:40] Failed to load config from "c:\\Users\\user\\.gemini\\antigravity-ide\\scratch\\mesma-website\\dataconnect": could not find dataconnect.yaml in `c:\Users\user\.gemini\antigravity-ide\scratch\mesma-website\dataconnect`
 {"metadata":{"emulator":{"name":"dataconnect"},"message":"E0615 08:08:12.460180   30392 watch.go:40] Failed to load config from \"c:\\\\Users\\\\user\\\\.gemini\\\\antigravity-ide\\\\scratch\\\\mesma-website\\\\dataconnect\": could not find dataconnect.yaml in `c:\\Users\\user\\.gemini\\antigravity-ide\\scratch\\mesma-website\\dataconnect`\n"}}
[debug] [2026-06-15T05:08:22.460Z] E0615 08:08:22.460170   30392 watch.go:40] Failed to load config from "c:\\Users\\user\\.gemini\\antigravity-ide\\scratch\\mesma-website\\dataconnect": could not find dataconnect.yaml in `c:\Users\user\.gemini\antigravity-ide\scratch\mesma-website\dataconnect`
 {"metadata":{"emulator":{"name":"dataconnect"},"message":"E0615 08:08:22.460170   30392 watch.go:40] Failed to load config from \"c:\\\\Users\\\\user\\\\.gemini\\\\antigravity-ide\\\\scratch\\\\mesma-website\\\\dataconnect\": could not find dataconnect.yaml in `c:\\Users\\user\\.gemini\\antigravity-ide\\scratch\\mesma-website\\dataconnect`\n"}}
[debug] [2026-06-15T05:08:32.460Z] E0615 08:08:32.460326   30392 watch.go:40] Failed to load config from "c:\\Users\\user\\.gemini\\antigravity-ide\\scratch\\mesma-website\\dataconnect": could not find dataconnect.yaml in `c:\Users\user\.gemini\antigravity-ide\scratch\mesma-website\dataconnect`
 {"metadata":{"emulator":{"name":"dataconnect"},"message":"E0615 08:08:32.460326   30392 watch.go:40] Failed to load config from \"c:\\\\Users\\\\user\\\\.gemini\\\\antigravity-ide\\\\scratch\\\\mesma-website\\\\dataconnect\": could not find dataconnect.yaml in `c:\\Users\\user\\.gemini\\antigravity-ide\\scratch\\mesma-website\\dataconnect`\n"}}
[debug] [2026-06-15T05:08:42.460Z] E0615 08:08:42.460014   30392 watch.go:40] Failed to load config from "c:\\Users\\user\\.gemini\\antigravity-ide\\scratch\\mesma-website\\dataconnect": could not find dataconnect.yaml in `c:\Users\user\.gemini\antigravity-ide\scratch\mesma-website\dataconnect`
 {"metadata":{"emulator":{"name":"dataconnect"},"message":"E0615 08:08:42.460014   30392 watch.go:40] Failed to load config from \"c:\\\\Users\\\\user\\\\.gemini\\\\antigravity-ide\\\\scratch\\\\mesma-website\\\\dataconnect\": could not find dataconnect.yaml in `c:\\Users\\user\\.gemini\\antigravity-ide\\scratch\\mesma-website\\dataconnect`\n"}}
[debug] [2026-06-15T05:08:52.460Z] E0615 08:08:52.460337   30392 watch.go:116] watchAllDir unable to walk dir `c:\Users\user\.gemini\antigravity-ide\scratch\mesma-website\dataconnect`: GetFileAttributesEx c:\Users\user\.gemini\antigravity-ide\scratch\mesma-website\dataconnect: The system cannot find the file specified.
E0615 08:08:52.460337   30392 watch.go:40] Failed to load config from "c:\\Users\\user\\.gemini\\antigravity-ide\\scratch\\mesma-website\\dataconnect": could not find dataconnect.yaml in `c:\Users\user\.gemini\antigravity-ide\scratch\mesma-website\dataconnect`
 {"metadata":{"emulator":{"name":"dataconnect"},"message":"E0615 08:08:52.460337   30392 watch.go:116] watchAllDir unable to walk dir `c:\\Users\\user\\.gemini\\antigravity-ide\\scratch\\mesma-website\\dataconnect`: GetFileAttributesEx c:\\Users\\user\\.gemini\\antigravity-ide\\scratch\\mesma-website\\dataconnect: The system cannot find the file specified.\nE0615 08:08:52.460337   30392 watch.go:40] Failed to load config from \"c:\\\\Users\\\\user\\\\.gemini\\\\antigravity-ide\\\\scratch\\\\mesma-website\\\\dataconnect\": could not find dataconnect.yaml in `c:\\Users\\user\\.gemini\\antigravity-ide\\scratch\\mesma-website\\dataconnect`\n"}}
[debug] [2026-06-15T05:09:02.460Z] E0615 08:09:02.460250   30392 watch.go:40] Failed to load config from "c:\\Users\\user\\.gemini\\antigravity-ide\\scratch\\mesma-website\\dataconnect": could not find dataconnect.yaml in `c:\Users\user\.gemini\antigravity-ide\scratch\mesma-website\dataconnect`
 {"metadata":{"emulator":{"name":"dataconnect"},"message":"E0615 08:09:02.460250   30392 watch.go:40] Failed to load config from \"c:\\\\Users\\\\user\\\\.gemini\\\\antigravity-ide\\\\scratch\\\\mesma-website\\\\dataconnect\": could not find dataconnect.yaml in `c:\\Users\\user\\.gemini\\antigravity-ide\\scratch\\mesma-website\\dataconnect`\n"}}
[debug] [2026-06-15T05:09:12.460Z] E0615 08:09:12.460378   30392 watch.go:40] Failed to load config from "c:\\Users\\user\\.gemini\\antigravity-ide\\scratch\\mesma-website\\dataconnect": could not find dataconnect.yaml in `c:\Users\user\.gemini\antigravity-ide\scratch\mesma-website\dataconnect`
 {"metadata":{"emulator":{"name":"dataconnect"},"message":"E0615 08:09:12.460378   30392 watch.go:40] Failed to load config from \"c:\\\\Users\\\\user\\\\.gemini\\\\antigravity-ide\\\\scratch\\\\mesma-website\\\\dataconnect\": could not find dataconnect.yaml in `c:\\Users\\user\\.gemini\\antigravity-ide\\scratch\\mesma-website\\dataconnect`\n"}}
[debug] [2026-06-15T05:09:22.460Z] E0615 08:09:22.460207   30392 watch.go:40] Failed to load config from "c:\\Users\\user\\.gemini\\antigravity-ide\\scratch\\mesma-website\\dataconnect": could not find dataconnect.yaml in `c:\Users\user\.gemini\antigravity-ide\scratch\mesma-website\dataconnect`
 {"metadata":{"emulator":{"name":"dataconnect"},"message":"E0615 08:09:22.460207   30392 watch.go:40] Failed to load config from \"c:\\\\Users\\\\user\\\\.gemini\\\\antigravity-ide\\\\scratch\\\\mesma-website\\\\dataconnect\": could not find dataconnect.yaml in `c:\\Users\\user\\.gemini\\antigravity-ide\\scratch\\mesma-website\\dataconnect`\n"}}
[debug] [2026-06-15T05:09:32.460Z] E0615 08:09:32.460399   30392 watch.go:40] Failed to load config from "c:\\Users\\user\\.gemini\\antigravity-ide\\scratch\\mesma-website\\dataconnect": could not find dataconnect.yaml in `c:\Users\user\.gemini\antigravity-ide\scratch\mesma-website\dataconnect`
 {"metadata":{"emulator":{"name":"dataconnect"},"message":"E0615 08:09:32.460399   30392 watch.go:40] Failed to load config from \"c:\\\\Users\\\\user\\\\.gemini\\\\antigravity-ide\\\\scratch\\\\mesma-website\\\\dataconnect\": could not find dataconnect.yaml in `c:\\Users\\user\\.gemini\\antigravity-ide\\scratch\\mesma-website\\dataconnect`\n"}}
[debug] [2026-06-15T05:09:42.460Z] E0615 08:09:42.460423   30392 watch.go:40] Failed to load config from "c:\\Users\\user\\.gemini\\antigravity-ide\\scratch\\mesma-website\\dataconnect": could not find dataconnect.yaml in `c:\Users\user\.gemini\antigravity-ide\scratch\mesma-website\dataconnect`
 {"metadata":{"emulator":{"name":"dataconnect"},"message":"E0615 08:09:42.460423   30392 watch.go:40] Failed to load config from \"c:\\\\Users\\\\user\\\\.gemini\\\\antigravity-ide\\\\scratch\\\\mesma-website\\\\dataconnect\": could not find dataconnect.yaml in `c:\\Users\\user\\.gemini\\antigravity-ide\\scratch\\mesma-website\\dataconnect`\n"}}
[debug] [2026-06-15T05:09:52.460Z] E0615 08:09:52.460506   30392 watch.go:116] watchAllDir unable to walk dir `c:\Users\user\.gemini\antigravity-ide\scratch\mesma-website\dataconnect`: GetFileAttributesEx c:\Users\user\.gemini\antigravity-ide\scratch\mesma-website\dataconnect: The system cannot find the file specified.
E0615 08:09:52.460506   30392 watch.go:40] Failed to load config from "c:\\Users\\user\\.gemini\\antigravity-ide\\scratch\\mesma-website\\dataconnect": could not find dataconnect.yaml in `c:\Users\user\.gemini\antigravity-ide\scratch\mesma-website\dataconnect`
 {"metadata":{"emulator":{"name":"dataconnect"},"message":"E0615 08:09:52.460506   30392 watch.go:116] watchAllDir unable to walk dir `c:\\Users\\user\\.gemini\\antigravity-ide\\scratch\\mesma-website\\dataconnect`: GetFileAttributesEx c:\\Users\\user\\.gemini\\antigravity-ide\\scratch\\mesma-website\\dataconnect: The system cannot find the file specified.\nE0615 08:09:52.460506   30392 watch.go:40] Failed to load config from \"c:\\\\Users\\\\user\\\\.gemini\\\\antigravity-ide\\\\scratch\\\\mesma-website\\\\dataconnect\": could not find dataconnect.yaml in `c:\\Users\\user\\.gemini\\antigravity-ide\\scratch\\mesma-website\\dataconnect`\n"}}
[debug] [2026-06-15T05:10:02.461Z] E0615 08:10:02.460794   30392 watch.go:40] Failed to load config from "c:\\Users\\user\\.gemini\\antigravity-ide\\scratch\\mesma-website\\dataconnect": could not find dataconnect.yaml in `c:\Users\user\.gemini\antigravity-ide\scratch\mesma-website\dataconnect`
 {"metadata":{"emulator":{"name":"dataconnect"},"message":"E0615 08:10:02.460794   30392 watch.go:40] Failed to load config from \"c:\\\\Users\\\\user\\\\.gemini\\\\antigravity-ide\\\\scratch\\\\mesma-website\\\\dataconnect\": could not find dataconnect.yaml in `c:\\Users\\user\\.gemini\\antigravity-ide\\scratch\\mesma-website\\dataconnect`\n"}}
[debug] [2026-06-15T05:10:12.460Z] E0615 08:10:12.460063   30392 watch.go:40] Failed to load config from "c:\\Users\\user\\.gemini\\antigravity-ide\\scratch\\mesma-website\\dataconnect": could not find dataconnect.yaml in `c:\Users\user\.gemini\antigravity-ide\scratch\mesma-website\dataconnect`
 {"metadata":{"emulator":{"name":"dataconnect"},"message":"E0615 08:10:12.460063   30392 watch.go:40] Failed to load config from \"c:\\\\Users\\\\user\\\\.gemini\\\\antigravity-ide\\\\scratch\\\\mesma-website\\\\dataconnect\": could not find dataconnect.yaml in `c:\\Users\\user\\.gemini\\antigravity-ide\\scratch\\mesma-website\\dataconnect`\n"}}
[debug] [2026-06-15T05:10:22.460Z] E0615 08:10:22.460865   30392 watch.go:40] Failed to load config from "c:\\Users\\user\\.gemini\\antigravity-ide\\scratch\\mesma-website\\dataconnect": could not find dataconnect.yaml in `c:\Users\user\.gemini\antigravity-ide\scratch\mesma-website\dataconnect`
 {"metadata":{"emulator":{"name":"dataconnect"},"message":"E0615 08:10:22.460865   30392 watch.go:40] Failed to load config from \"c:\\\\Users\\\\user\\\\.gemini\\\\antigravity-ide\\\\scratch\\\\mesma-website\\\\dataconnect\": could not find dataconnect.yaml in `c:\\Users\\user\\.gemini\\antigravity-ide\\scratch\\mesma-website\\dataconnect`\n"}}
[debug] [2026-06-15T05:10:32.460Z] E0615 08:10:32.460049   30392 watch.go:40] Failed to load config from "c:\\Users\\user\\.gemini\\antigravity-ide\\scratch\\mesma-website\\dataconnect": could not find dataconnect.yaml in `c:\Users\user\.gemini\antigravity-ide\scratch\mesma-website\dataconnect`
 {"metadata":{"emulator":{"name":"dataconnect"},"message":"E0615 08:10:32.460049   30392 watch.go:40] Failed to load config from \"c:\\\\Users\\\\user\\\\.gemini\\\\antigravity-ide\\\\scratch\\\\mesma-website\\\\dataconnect\": could not find dataconnect.yaml in `c:\\Users\\user\\.gemini\\antigravity-ide\\scratch\\mesma-website\\dataconnect`\n"}}
[debug] [2026-06-15T05:10:42.460Z] E0615 08:10:42.460354   30392 watch.go:40] Failed to load config from "c:\\Users\\user\\.gemini\\antigravity-ide\\scratch\\mesma-website\\dataconnect": could not find dataconnect.yaml in `c:\Users\user\.gemini\antigravity-ide\scratch\mesma-website\dataconnect`
 {"metadata":{"emulator":{"name":"dataconnect"},"message":"E0615 08:10:42.460354   30392 watch.go:40] Failed to load config from \"c:\\\\Users\\\\user\\\\.gemini\\\\antigravity-ide\\\\scratch\\\\mesma-website\\\\dataconnect\": could not find dataconnect.yaml in `c:\\Users\\user\\.gemini\\antigravity-ide\\scratch\\mesma-website\\dataconnect`\n"}}
[debug] [2026-06-15T05:10:52.460Z] E0615 08:10:52.460077   30392 watch.go:116] watchAllDir unable to walk dir `c:\Users\user\.gemini\antigravity-ide\scratch\mesma-website\dataconnect`: GetFileAttributesEx c:\Users\user\.gemini\antigravity-ide\scratch\mesma-website\dataconnect: The system cannot find the file specified.
E0615 08:10:52.460585   30392 watch.go:40] Failed to load config from "c:\\Users\\user\\.gemini\\antigravity-ide\\scratch\\mesma-website\\dataconnect": could not find dataconnect.yaml in `c:\Users\user\.gemini\antigravity-ide\scratch\mesma-website\dataconnect`
 {"metadata":{"emulator":{"name":"dataconnect"},"message":"E0615 08:10:52.460077   30392 watch.go:116] watchAllDir unable to walk dir `c:\\Users\\user\\.gemini\\antigravity-ide\\scratch\\mesma-website\\dataconnect`: GetFileAttributesEx c:\\Users\\user\\.gemini\\antigravity-ide\\scratch\\mesma-website\\dataconnect: The system cannot find the file specified.\nE0615 08:10:52.460585   30392 watch.go:40] Failed to load config from \"c:\\\\Users\\\\user\\\\.gemini\\\\antigravity-ide\\\\scratch\\\\mesma-website\\\\dataconnect\": could not find dataconnect.yaml in `c:\\Users\\user\\.gemini\\antigravity-ide\\scratch\\mesma-website\\dataconnect`\n"}}
[debug] [2026-06-15T05:11:02.461Z] E0615 08:11:02.460579   30392 watch.go:40] Failed to load config from "c:\\Users\\user\\.gemini\\antigravity-ide\\scratch\\mesma-website\\dataconnect": could not find dataconnect.yaml in `c:\Users\user\.gemini\antigravity-ide\scratch\mesma-website\dataconnect`
 {"metadata":{"emulator":{"name":"dataconnect"},"message":"E0615 08:11:02.460579   30392 watch.go:40] Failed to load config from \"c:\\\\Users\\\\user\\\\.gemini\\\\antigravity-ide\\\\scratch\\\\mesma-website\\\\dataconnect\": could not find dataconnect.yaml in `c:\\Users\\user\\.gemini\\antigravity-ide\\scratch\\mesma-website\\dataconnect`\n"}}
[debug] [2026-06-15T05:11:12.460Z] E0615 08:11:12.460418   30392 watch.go:40] Failed to load config from "c:\\Users\\user\\.gemini\\antigravity-ide\\scratch\\mesma-website\\dataconnect": could not find dataconnect.yaml in `c:\Users\user\.gemini\antigravity-ide\scratch\mesma-website\dataconnect`
 {"metadata":{"emulator":{"name":"dataconnect"},"message":"E0615 08:11:12.460418   30392 watch.go:40] Failed to load config from \"c:\\\\Users\\\\user\\\\.gemini\\\\antigravity-ide\\\\scratch\\\\mesma-website\\\\dataconnect\": could not find dataconnect.yaml in `c:\\Users\\user\\.gemini\\antigravity-ide\\scratch\\mesma-website\\dataconnect`\n"}}
[debug] [2026-06-15T05:11:22.460Z] E0615 08:11:22.459809   30392 watch.go:40] Failed to load config from "c:\\Users\\user\\.gemini\\antigravity-ide\\scratch\\mesma-website\\dataconnect": could not find dataconnect.yaml in `c:\Users\user\.gemini\antigravity-ide\scratch\mesma-website\dataconnect`
 {"metadata":{"emulator":{"name":"dataconnect"},"message":"E0615 08:11:22.459809   30392 watch.go:40] Failed to load config from \"c:\\\\Users\\\\user\\\\.gemini\\\\antigravity-ide\\\\scratch\\\\mesma-website\\\\dataconnect\": could not find dataconnect.yaml in `c:\\Users\\user\\.gemini\\antigravity-ide\\scratch\\mesma-website\\dataconnect`\n"}}
[debug] [2026-06-15T05:11:32.460Z] E0615 08:11:32.460464   30392 watch.go:40] Failed to load config from "c:\\Users\\user\\.gemini\\antigravity-ide\\scratch\\mesma-website\\dataconnect": could not find dataconnect.yaml in `c:\Users\user\.gemini\antigravity-ide\scratch\mesma-website\dataconnect`
 {"metadata":{"emulator":{"name":"dataconnect"},"message":"E0615 08:11:32.460464   30392 watch.go:40] Failed to load config from \"c:\\\\Users\\\\user\\\\.gemini\\\\antigravity-ide\\\\scratch\\\\mesma-website\\\\dataconnect\": could not find dataconnect.yaml in `c:\\Users\\user\\.gemini\\antigravity-ide\\scratch\\mesma-website\\dataconnect`\n"}}
[debug] [2026-06-15T05:11:42.460Z] E0615 08:11:42.460325   30392 watch.go:40] Failed to load config from "c:\\Users\\user\\.gemini\\antigravity-ide\\scratch\\mesma-website\\dataconnect": could not find dataconnect.yaml in `c:\Users\user\.gemini\antigravity-ide\scratch\mesma-website\dataconnect`
 {"metadata":{"emulator":{"name":"dataconnect"},"message":"E0615 08:11:42.460325   30392 watch.go:40] Failed to load config from \"c:\\\\Users\\\\user\\\\.gemini\\\\antigravity-ide\\\\scratch\\\\mesma-website\\\\dataconnect\": could not find dataconnect.yaml in `c:\\Users\\user\\.gemini\\antigravity-ide\\scratch\\mesma-website\\dataconnect`\n"}}
[debug] [2026-06-15T05:11:52.460Z] E0615 08:11:52.460387   30392 watch.go:116] watchAllDir unable to walk dir `c:\Users\user\.gemini\antigravity-ide\scratch\mesma-website\dataconnect`: GetFileAttributesEx c:\Users\user\.gemini\antigravity-ide\scratch\mesma-website\dataconnect: The system cannot find the file specified.
 {"metadata":{"emulator":{"name":"dataconnect"},"message":"E0615 08:11:52.460387   30392 watch.go:116] watchAllDir unable to walk dir `c:\\Users\\user\\.gemini\\antigravity-ide\\scratch\\mesma-website\\dataconnect`: GetFileAttributesEx c:\\Users\\user\\.gemini\\antigravity-ide\\scratch\\mesma-website\\dataconnect: The system cannot find the file specified.\n"}}
[debug] [2026-06-15T05:11:52.461Z] E0615 08:11:52.460387   30392 watch.go:40] Failed to load config from "c:\\Users\\user\\.gemini\\antigravity-ide\\scratch\\mesma-website\\dataconnect": could not find dataconnect.yaml in `c:\Users\user\.gemini\antigravity-ide\scratch\mesma-website\dataconnect`
 {"metadata":{"emulator":{"name":"dataconnect"},"message":"E0615 08:11:52.460387   30392 watch.go:40] Failed to load config from \"c:\\\\Users\\\\user\\\\.gemini\\\\antigravity-ide\\\\scratch\\\\mesma-website\\\\dataconnect\": could not find dataconnect.yaml in `c:\\Users\\user\\.gemini\\antigravity-ide\\scratch\\mesma-website\\dataconnect`\n"}}
[debug] [2026-06-15T05:12:02.459Z] E0615 08:12:02.459824   30392 watch.go:40] Failed to load config from "c:\\Users\\user\\.gemini\\antigravity-ide\\scratch\\mesma-website\\dataconnect": could not find dataconnect.yaml in `c:\Users\user\.gemini\antigravity-ide\scratch\mesma-website\dataconnect`
 {"metadata":{"emulator":{"name":"dataconnect"},"message":"E0615 08:12:02.459824   30392 watch.go:40] Failed to load config from \"c:\\\\Users\\\\user\\\\.gemini\\\\antigravity-ide\\\\scratch\\\\mesma-website\\\\dataconnect\": could not find dataconnect.yaml in `c:\\Users\\user\\.gemini\\antigravity-ide\\scratch\\mesma-website\\dataconnect`\n"}}
[debug] [2026-06-15T05:12:12.460Z] E0615 08:12:12.459985   30392 watch.go:40] Failed to load config from "c:\\Users\\user\\.gemini\\antigravity-ide\\scratch\\mesma-website\\dataconnect": could not find dataconnect.yaml in `c:\Users\user\.gemini\antigravity-ide\scratch\mesma-website\dataconnect`
 {"metadata":{"emulator":{"name":"dataconnect"},"message":"E0615 08:12:12.459985   30392 watch.go:40] Failed to load config from \"c:\\\\Users\\\\user\\\\.gemini\\\\antigravity-ide\\\\scratch\\\\mesma-website\\\\dataconnect\": could not find dataconnect.yaml in `c:\\Users\\user\\.gemini\\antigravity-ide\\scratch\\mesma-website\\dataconnect`\n"}}
[debug] [2026-06-15T05:12:22.460Z] E0615 08:12:22.461098   30392 watch.go:40] Failed to load config from "c:\\Users\\user\\.gemini\\antigravity-ide\\scratch\\mesma-website\\dataconnect": could not find dataconnect.yaml in `c:\Users\user\.gemini\antigravity-ide\scratch\mesma-website\dataconnect`
 {"metadata":{"emulator":{"name":"dataconnect"},"message":"E0615 08:12:22.461098   30392 watch.go:40] Failed to load config from \"c:\\\\Users\\\\user\\\\.gemini\\\\antigravity-ide\\\\scratch\\\\mesma-website\\\\dataconnect\": could not find dataconnect.yaml in `c:\\Users\\user\\.gemini\\antigravity-ide\\scratch\\mesma-website\\dataconnect`\n"}}
[debug] [2026-06-15T05:12:32.460Z] E0615 08:12:32.460127   30392 watch.go:40] Failed to load config from "c:\\Users\\user\\.gemini\\antigravity-ide\\scratch\\mesma-website\\dataconnect": could not find dataconnect.yaml in `c:\Users\user\.gemini\antigravity-ide\scratch\mesma-website\dataconnect`
 {"metadata":{"emulator":{"name":"dataconnect"},"message":"E0615 08:12:32.460127   30392 watch.go:40] Failed to load config from \"c:\\\\Users\\\\user\\\\.gemini\\\\antigravity-ide\\\\scratch\\\\mesma-website\\\\dataconnect\": could not find dataconnect.yaml in `c:\\Users\\user\\.gemini\\antigravity-ide\\scratch\\mesma-website\\dataconnect`\n"}}
[debug] [2026-06-15T05:12:42.460Z] E0615 08:12:42.460026   30392 watch.go:40] Failed to load config from "c:\\Users\\user\\.gemini\\antigravity-ide\\scratch\\mesma-website\\dataconnect": could not find dataconnect.yaml in `c:\Users\user\.gemini\antigravity-ide\scratch\mesma-website\dataconnect`
 {"metadata":{"emulator":{"name":"dataconnect"},"message":"E0615 08:12:42.460026   30392 watch.go:40] Failed to load config from \"c:\\\\Users\\\\user\\\\.gemini\\\\antigravity-ide\\\\scratch\\\\mesma-website\\\\dataconnect\": could not find dataconnect.yaml in `c:\\Users\\user\\.gemini\\antigravity-ide\\scratch\\mesma-website\\dataconnect`\n"}}
[debug] [2026-06-15T05:12:52.461Z] E0615 08:12:52.460763   30392 watch.go:116] watchAllDir unable to walk dir `c:\Users\user\.gemini\antigravity-ide\scratch\mesma-website\dataconnect`: GetFileAttributesEx c:\Users\user\.gemini\antigravity-ide\scratch\mesma-website\dataconnect: The system cannot find the file specified.
 {"metadata":{"emulator":{"name":"dataconnect"},"message":"E0615 08:12:52.460763   30392 watch.go:116] watchAllDir unable to walk dir `c:\\Users\\user\\.gemini\\antigravity-ide\\scratch\\mesma-website\\dataconnect`: GetFileAttributesEx c:\\Users\\user\\.gemini\\antigravity-ide\\scratch\\mesma-website\\dataconnect: The system cannot find the file specified.\n"}}
[debug] [2026-06-15T05:12:52.463Z] E0615 08:12:52.461620   30392 watch.go:40] Failed to load config from "c:\\Users\\user\\.gemini\\antigravity-ide\\scratch\\mesma-website\\dataconnect": could not find dataconnect.yaml in `c:\Users\user\.gemini\antigravity-ide\scratch\mesma-website\dataconnect`
 {"metadata":{"emulator":{"name":"dataconnect"},"message":"E0615 08:12:52.461620   30392 watch.go:40] Failed to load config from \"c:\\\\Users\\\\user\\\\.gemini\\\\antigravity-ide\\\\scratch\\\\mesma-website\\\\dataconnect\": could not find dataconnect.yaml in `c:\\Users\\user\\.gemini\\antigravity-ide\\scratch\\mesma-website\\dataconnect`\n"}}
[debug] [2026-06-15T05:13:02.462Z] E0615 08:13:02.461324   30392 watch.go:40] Failed to load config from "c:\\Users\\user\\.gemini\\antigravity-ide\\scratch\\mesma-website\\dataconnect": could not find dataconnect.yaml in `c:\Users\user\.gemini\antigravity-ide\scratch\mesma-website\dataconnect`
 {"metadata":{"emulator":{"name":"dataconnect"},"message":"E0615 08:13:02.461324   30392 watch.go:40] Failed to load config from \"c:\\\\Users\\\\user\\\\.gemini\\\\antigravity-ide\\\\scratch\\\\mesma-website\\\\dataconnect\": could not find dataconnect.yaml in `c:\\Users\\user\\.gemini\\antigravity-ide\\scratch\\mesma-website\\dataconnect`\n"}}
[debug] [2026-06-15T05:13:12.461Z] E0615 08:13:12.461515   30392 watch.go:40] Failed to load config from "c:\\Users\\user\\.gemini\\antigravity-ide\\scratch\\mesma-website\\dataconnect": could not find dataconnect.yaml in `c:\Users\user\.gemini\antigravity-ide\scratch\mesma-website\dataconnect`
 {"metadata":{"emulator":{"name":"dataconnect"},"message":"E0615 08:13:12.461515   30392 watch.go:40] Failed to load config from \"c:\\\\Users\\\\user\\\\.gemini\\\\antigravity-ide\\\\scratch\\\\mesma-website\\\\dataconnect\": could not find dataconnect.yaml in `c:\\Users\\user\\.gemini\\antigravity-ide\\scratch\\mesma-website\\dataconnect`\n"}}
[debug] [2026-06-15T05:13:22.461Z] E0615 08:13:22.460630   30392 watch.go:40] Failed to load config from "c:\\Users\\user\\.gemini\\antigravity-ide\\scratch\\mesma-website\\dataconnect": could not find dataconnect.yaml in `c:\Users\user\.gemini\antigravity-ide\scratch\mesma-website\dataconnect`
 {"metadata":{"emulator":{"name":"dataconnect"},"message":"E0615 08:13:22.460630   30392 watch.go:40] Failed to load config from \"c:\\\\Users\\\\user\\\\.gemini\\\\antigravity-ide\\\\scratch\\\\mesma-website\\\\dataconnect\": could not find dataconnect.yaml in `c:\\Users\\user\\.gemini\\antigravity-ide\\scratch\\mesma-website\\dataconnect`\n"}}
[debug] [2026-06-15T05:13:32.461Z] E0615 08:13:32.460440   30392 watch.go:40] Failed to load config from "c:\\Users\\user\\.gemini\\antigravity-ide\\scratch\\mesma-website\\dataconnect": could not find dataconnect.yaml in `c:\Users\user\.gemini\antigravity-ide\scratch\mesma-website\dataconnect`
 {"metadata":{"emulator":{"name":"dataconnect"},"message":"E0615 08:13:32.460440   30392 watch.go:40] Failed to load config from \"c:\\\\Users\\\\user\\\\.gemini\\\\antigravity-ide\\\\scratch\\\\mesma-website\\\\dataconnect\": could not find dataconnect.yaml in `c:\\Users\\user\\.gemini\\antigravity-ide\\scratch\\mesma-website\\dataconnect`\n"}}
[debug] [2026-06-15T05:13:42.460Z] E0615 08:13:42.459955   30392 watch.go:40] Failed to load config from "c:\\Users\\user\\.gemini\\antigravity-ide\\scratch\\mesma-website\\dataconnect": could not find dataconnect.yaml in `c:\Users\user\.gemini\antigravity-ide\scratch\mesma-website\dataconnect`
 {"metadata":{"emulator":{"name":"dataconnect"},"message":"E0615 08:13:42.459955   30392 watch.go:40] Failed to load config from \"c:\\\\Users\\\\user\\\\.gemini\\\\antigravity-ide\\\\scratch\\\\mesma-website\\\\dataconnect\": could not find dataconnect.yaml in `c:\\Users\\user\\.gemini\\antigravity-ide\\scratch\\mesma-website\\dataconnect`\n"}}
[debug] [2026-06-15T05:13:52.459Z] E0615 08:13:52.460093   30392 watch.go:116] watchAllDir unable to walk dir `c:\Users\user\.gemini\antigravity-ide\scratch\mesma-website\dataconnect`: GetFileAttributesEx c:\Users\user\.gemini\antigravity-ide\scratch\mesma-website\dataconnect: The system cannot find the file specified.
 {"metadata":{"emulator":{"name":"dataconnect"},"message":"E0615 08:13:52.460093   30392 watch.go:116] watchAllDir unable to walk dir `c:\\Users\\user\\.gemini\\antigravity-ide\\scratch\\mesma-website\\dataconnect`: GetFileAttributesEx c:\\Users\\user\\.gemini\\antigravity-ide\\scratch\\mesma-website\\dataconnect: The system cannot find the file specified.\n"}}
[debug] [2026-06-15T05:13:52.460Z] E0615 08:13:52.460093   30392 watch.go:40] Failed to load config from "c:\\Users\\user\\.gemini\\antigravity-ide\\scratch\\mesma-website\\dataconnect": could not find dataconnect.yaml in `c:\Users\user\.gemini\antigravity-ide\scratch\mesma-website\dataconnect`
 {"metadata":{"emulator":{"name":"dataconnect"},"message":"E0615 08:13:52.460093   30392 watch.go:40] Failed to load config from \"c:\\\\Users\\\\user\\\\.gemini\\\\antigravity-ide\\\\scratch\\\\mesma-website\\\\dataconnect\": could not find dataconnect.yaml in `c:\\Users\\user\\.gemini\\antigravity-ide\\scratch\\mesma-website\\dataconnect`\n"}}
[debug] [2026-06-15T05:14:02.460Z] E0615 08:14:02.460164   30392 watch.go:40] Failed to load config from "c:\\Users\\user\\.gemini\\antigravity-ide\\scratch\\mesma-website\\dataconnect": could not find dataconnect.yaml in `c:\Users\user\.gemini\antigravity-ide\scratch\mesma-website\dataconnect`
 {"metadata":{"emulator":{"name":"dataconnect"},"message":"E0615 08:14:02.460164   30392 watch.go:40] Failed to load config from \"c:\\\\Users\\\\user\\\\.gemini\\\\antigravity-ide\\\\scratch\\\\mesma-website\\\\dataconnect\": could not find dataconnect.yaml in `c:\\Users\\user\\.gemini\\antigravity-ide\\scratch\\mesma-website\\dataconnect`\n"}}
[debug] [2026-06-15T05:14:12.460Z] E0615 08:14:12.460436   30392 watch.go:40] Failed to load config from "c:\\Users\\user\\.gemini\\antigravity-ide\\scratch\\mesma-website\\dataconnect": could not find dataconnect.yaml in `c:\Users\user\.gemini\antigravity-ide\scratch\mesma-website\dataconnect`
 {"metadata":{"emulator":{"name":"dataconnect"},"message":"E0615 08:14:12.460436   30392 watch.go:40] Failed to load config from \"c:\\\\Users\\\\user\\\\.gemini\\\\antigravity-ide\\\\scratch\\\\mesma-website\\\\dataconnect\": could not find dataconnect.yaml in `c:\\Users\\user\\.gemini\\antigravity-ide\\scratch\\mesma-website\\dataconnect`\n"}}
[debug] [2026-06-15T05:14:22.460Z] E0615 08:14:22.460867   30392 watch.go:40] Failed to load config from "c:\\Users\\user\\.gemini\\antigravity-ide\\scratch\\mesma-website\\dataconnect": could not find dataconnect.yaml in `c:\Users\user\.gemini\antigravity-ide\scratch\mesma-website\dataconnect`
 {"metadata":{"emulator":{"name":"dataconnect"},"message":"E0615 08:14:22.460867   30392 watch.go:40] Failed to load config from \"c:\\\\Users\\\\user\\\\.gemini\\\\antigravity-ide\\\\scratch\\\\mesma-website\\\\dataconnect\": could not find dataconnect.yaml in `c:\\Users\\user\\.gemini\\antigravity-ide\\scratch\\mesma-website\\dataconnect`\n"}}
[debug] [2026-06-15T05:14:32.460Z] E0615 08:14:32.460648   30392 watch.go:40] Failed to load config from "c:\\Users\\user\\.gemini\\antigravity-ide\\scratch\\mesma-website\\dataconnect": could not find dataconnect.yaml in `c:\Users\user\.gemini\antigravity-ide\scratch\mesma-website\dataconnect`
 {"metadata":{"emulator":{"name":"dataconnect"},"message":"E0615 08:14:32.460648   30392 watch.go:40] Failed to load config from \"c:\\\\Users\\\\user\\\\.gemini\\\\antigravity-ide\\\\scratch\\\\mesma-website\\\\dataconnect\": could not find dataconnect.yaml in `c:\\Users\\user\\.gemini\\antigravity-ide\\scratch\\mesma-website\\dataconnect`\n"}}
[debug] [2026-06-15T05:14:42.460Z] E0615 08:14:42.460524   30392 watch.go:40] Failed to load config from "c:\\Users\\user\\.gemini\\antigravity-ide\\scratch\\mesma-website\\dataconnect": could not find dataconnect.yaml in `c:\Users\user\.gemini\antigravity-ide\scratch\mesma-website\dataconnect`
 {"metadata":{"emulator":{"name":"dataconnect"},"message":"E0615 08:14:42.460524   30392 watch.go:40] Failed to load config from \"c:\\\\Users\\\\user\\\\.gemini\\\\antigravity-ide\\\\scratch\\\\mesma-website\\\\dataconnect\": could not find dataconnect.yaml in `c:\\Users\\user\\.gemini\\antigravity-ide\\scratch\\mesma-website\\dataconnect`\n"}}
[debug] [2026-06-15T05:14:52.460Z] E0615 08:14:52.459791   30392 watch.go:116] watchAllDir unable to walk dir `c:\Users\user\.gemini\antigravity-ide\scratch\mesma-website\dataconnect`: GetFileAttributesEx c:\Users\user\.gemini\antigravity-ide\scratch\mesma-website\dataconnect: The system cannot find the file specified.
 {"metadata":{"emulator":{"name":"dataconnect"},"message":"E0615 08:14:52.459791   30392 watch.go:116] watchAllDir unable to walk dir `c:\\Users\\user\\.gemini\\antigravity-ide\\scratch\\mesma-website\\dataconnect`: GetFileAttributesEx c:\\Users\\user\\.gemini\\antigravity-ide\\scratch\\mesma-website\\dataconnect: The system cannot find the file specified.\n"}}
[debug] [2026-06-15T05:14:52.460Z] E0615 08:14:52.459791   30392 watch.go:40] Failed to load config from "c:\\Users\\user\\.gemini\\antigravity-ide\\scratch\\mesma-website\\dataconnect": could not find dataconnect.yaml in `c:\Users\user\.gemini\antigravity-ide\scratch\mesma-website\dataconnect`
 {"metadata":{"emulator":{"name":"dataconnect"},"message":"E0615 08:14:52.459791   30392 watch.go:40] Failed to load config from \"c:\\\\Users\\\\user\\\\.gemini\\\\antigravity-ide\\\\scratch\\\\mesma-website\\\\dataconnect\": could not find dataconnect.yaml in `c:\\Users\\user\\.gemini\\antigravity-ide\\scratch\\mesma-website\\dataconnect`\n"}}
[debug] [2026-06-15T05:15:02.461Z] E0615 08:15:02.460413   30392 watch.go:40] Failed to load config from "c:\\Users\\user\\.gemini\\antigravity-ide\\scratch\\mesma-website\\dataconnect": could not find dataconnect.yaml in `c:\Users\user\.gemini\antigravity-ide\scratch\mesma-website\dataconnect`
 {"metadata":{"emulator":{"name":"dataconnect"},"message":"E0615 08:15:02.460413   30392 watch.go:40] Failed to load config from \"c:\\\\Users\\\\user\\\\.gemini\\\\antigravity-ide\\\\scratch\\\\mesma-website\\\\dataconnect\": could not find dataconnect.yaml in `c:\\Users\\user\\.gemini\\antigravity-ide\\scratch\\mesma-website\\dataconnect`\n"}}
[debug] [2026-06-15T05:15:12.461Z] E0615 08:15:12.460942   30392 watch.go:40] Failed to load config from "c:\\Users\\user\\.gemini\\antigravity-ide\\scratch\\mesma-website\\dataconnect": could not find dataconnect.yaml in `c:\Users\user\.gemini\antigravity-ide\scratch\mesma-website\dataconnect`
 {"metadata":{"emulator":{"name":"dataconnect"},"message":"E0615 08:15:12.460942   30392 watch.go:40] Failed to load config from \"c:\\\\Users\\\\user\\\\.gemini\\\\antigravity-ide\\\\scratch\\\\mesma-website\\\\dataconnect\": could not find dataconnect.yaml in `c:\\Users\\user\\.gemini\\antigravity-ide\\scratch\\mesma-website\\dataconnect`\n"}}
[debug] [2026-06-15T05:15:22.460Z] E0615 08:15:22.460113   30392 watch.go:40] Failed to load config from "c:\\Users\\user\\.gemini\\antigravity-ide\\scratch\\mesma-website\\dataconnect": could not find dataconnect.yaml in `c:\Users\user\.gemini\antigravity-ide\scratch\mesma-website\dataconnect`
 {"metadata":{"emulator":{"name":"dataconnect"},"message":"E0615 08:15:22.460113   30392 watch.go:40] Failed to load config from \"c:\\\\Users\\\\user\\\\.gemini\\\\antigravity-ide\\\\scratch\\\\mesma-website\\\\dataconnect\": could not find dataconnect.yaml in `c:\\Users\\user\\.gemini\\antigravity-ide\\scratch\\mesma-website\\dataconnect`\n"}}
[debug] [2026-06-15T05:15:32.460Z] E0615 08:15:32.459927   30392 watch.go:40] Failed to load config from "c:\\Users\\user\\.gemini\\antigravity-ide\\scratch\\mesma-website\\dataconnect": could not find dataconnect.yaml in `c:\Users\user\.gemini\antigravity-ide\scratch\mesma-website\dataconnect`
 {"metadata":{"emulator":{"name":"dataconnect"},"message":"E0615 08:15:32.459927   30392 watch.go:40] Failed to load config from \"c:\\\\Users\\\\user\\\\.gemini\\\\antigravity-ide\\\\scratch\\\\mesma-website\\\\dataconnect\": could not find dataconnect.yaml in `c:\\Users\\user\\.gemini\\antigravity-ide\\scratch\\mesma-website\\dataconnect`\n"}}
[debug] [2026-06-15T05:15:42.461Z] E0615 08:15:42.460315   30392 watch.go:40] Failed to load config from "c:\\Users\\user\\.gemini\\antigravity-ide\\scratch\\mesma-website\\dataconnect": could not find dataconnect.yaml in `c:\Users\user\.gemini\antigravity-ide\scratch\mesma-website\dataconnect`
 {"metadata":{"emulator":{"name":"dataconnect"},"message":"E0615 08:15:42.460315   30392 watch.go:40] Failed to load config from \"c:\\\\Users\\\\user\\\\.gemini\\\\antigravity-ide\\\\scratch\\\\mesma-website\\\\dataconnect\": could not find dataconnect.yaml in `c:\\Users\\user\\.gemini\\antigravity-ide\\scratch\\mesma-website\\dataconnect`\n"}}
[debug] [2026-06-15T05:15:52.459Z] E0615 08:15:52.460201   30392 watch.go:116] watchAllDir unable to walk dir `c:\Users\user\.gemini\antigravity-ide\scratch\mesma-website\dataconnect`: GetFileAttributesEx c:\Users\user\.gemini\antigravity-ide\scratch\mesma-website\dataconnect: The system cannot find the file specified.
 {"metadata":{"emulator":{"name":"dataconnect"},"message":"E0615 08:15:52.460201   30392 watch.go:116] watchAllDir unable to walk dir `c:\\Users\\user\\.gemini\\antigravity-ide\\scratch\\mesma-website\\dataconnect`: GetFileAttributesEx c:\\Users\\user\\.gemini\\antigravity-ide\\scratch\\mesma-website\\dataconnect: The system cannot find the file specified.\n"}}
[debug] [2026-06-15T05:15:52.460Z] E0615 08:15:52.460543   30392 watch.go:40] Failed to load config from "c:\\Users\\user\\.gemini\\antigravity-ide\\scratch\\mesma-website\\dataconnect": could not find dataconnect.yaml in `c:\Users\user\.gemini\antigravity-ide\scratch\mesma-website\dataconnect`
 {"metadata":{"emulator":{"name":"dataconnect"},"message":"E0615 08:15:52.460543   30392 watch.go:40] Failed to load config from \"c:\\\\Users\\\\user\\\\.gemini\\\\antigravity-ide\\\\scratch\\\\mesma-website\\\\dataconnect\": could not find dataconnect.yaml in `c:\\Users\\user\\.gemini\\antigravity-ide\\scratch\\mesma-website\\dataconnect`\n"}}
[debug] [2026-06-15T05:16:02.459Z] E0615 08:16:02.460073   30392 watch.go:40] Failed to load config from "c:\\Users\\user\\.gemini\\antigravity-ide\\scratch\\mesma-website\\dataconnect": could not find dataconnect.yaml in `c:\Users\user\.gemini\antigravity-ide\scratch\mesma-website\dataconnect`
 {"metadata":{"emulator":{"name":"dataconnect"},"message":"E0615 08:16:02.460073   30392 watch.go:40] Failed to load config from \"c:\\\\Users\\\\user\\\\.gemini\\\\antigravity-ide\\\\scratch\\\\mesma-website\\\\dataconnect\": could not find dataconnect.yaml in `c:\\Users\\user\\.gemini\\antigravity-ide\\scratch\\mesma-website\\dataconnect`\n"}}
[debug] [2026-06-15T05:16:12.459Z] E0615 08:16:12.460100   30392 watch.go:40] Failed to load config from "c:\\Users\\user\\.gemini\\antigravity-ide\\scratch\\mesma-website\\dataconnect": could not find dataconnect.yaml in `c:\Users\user\.gemini\antigravity-ide\scratch\mesma-website\dataconnect`
 {"metadata":{"emulator":{"name":"dataconnect"},"message":"E0615 08:16:12.460100   30392 watch.go:40] Failed to load config from \"c:\\\\Users\\\\user\\\\.gemini\\\\antigravity-ide\\\\scratch\\\\mesma-website\\\\dataconnect\": could not find dataconnect.yaml in `c:\\Users\\user\\.gemini\\antigravity-ide\\scratch\\mesma-website\\dataconnect`\n"}}
[debug] [2026-06-15T05:16:22.459Z] E0615 08:16:22.460143   30392 watch.go:40] Failed to load config from "c:\\Users\\user\\.gemini\\antigravity-ide\\scratch\\mesma-website\\dataconnect": could not find dataconnect.yaml in `c:\Users\user\.gemini\antigravity-ide\scratch\mesma-website\dataconnect`
 {"metadata":{"emulator":{"name":"dataconnect"},"message":"E0615 08:16:22.460143   30392 watch.go:40] Failed to load config from \"c:\\\\Users\\\\user\\\\.gemini\\\\antigravity-ide\\\\scratch\\\\mesma-website\\\\dataconnect\": could not find dataconnect.yaml in `c:\\Users\\user\\.gemini\\antigravity-ide\\scratch\\mesma-website\\dataconnect`\n"}}
[debug] [2026-06-15T05:16:32.460Z] E0615 08:16:32.461302   30392 watch.go:40] Failed to load config from "c:\\Users\\user\\.gemini\\antigravity-ide\\scratch\\mesma-website\\dataconnect": could not find dataconnect.yaml in `c:\Users\user\.gemini\antigravity-ide\scratch\mesma-website\dataconnect`
 {"metadata":{"emulator":{"name":"dataconnect"},"message":"E0615 08:16:32.461302   30392 watch.go:40] Failed to load config from \"c:\\\\Users\\\\user\\\\.gemini\\\\antigravity-ide\\\\scratch\\\\mesma-website\\\\dataconnect\": could not find dataconnect.yaml in `c:\\Users\\user\\.gemini\\antigravity-ide\\scratch\\mesma-website\\dataconnect`\n"}}
[debug] [2026-06-15T05:16:42.459Z] E0615 08:16:42.460456   30392 watch.go:40] Failed to load config from "c:\\Users\\user\\.gemini\\antigravity-ide\\scratch\\mesma-website\\dataconnect": could not find dataconnect.yaml in `c:\Users\user\.gemini\antigravity-ide\scratch\mesma-website\dataconnect`
 {"metadata":{"emulator":{"name":"dataconnect"},"message":"E0615 08:16:42.460456   30392 watch.go:40] Failed to load config from \"c:\\\\Users\\\\user\\\\.gemini\\\\antigravity-ide\\\\scratch\\\\mesma-website\\\\dataconnect\": could not find dataconnect.yaml in `c:\\Users\\user\\.gemini\\antigravity-ide\\scratch\\mesma-website\\dataconnect`\n"}}
[debug] [2026-06-15T05:16:52.459Z] E0615 08:16:52.459773   30392 watch.go:116] watchAllDir unable to walk dir `c:\Users\user\.gemini\antigravity-ide\scratch\mesma-website\dataconnect`: GetFileAttributesEx c:\Users\user\.gemini\antigravity-ide\scratch\mesma-website\dataconnect: The system cannot find the file specified.
E0615 08:16:52.459773   30392 watch.go:40] Failed to load config from "c:\\Users\\user\\.gemini\\antigravity-ide\\scratch\\mesma-website\\dataconnect": could not find dataconnect.yaml in `c:\Users\user\.gemini\antigravity-ide\scratch\mesma-website\dataconnect`
 {"metadata":{"emulator":{"name":"dataconnect"},"message":"E0615 08:16:52.459773   30392 watch.go:116] watchAllDir unable to walk dir `c:\\Users\\user\\.gemini\\antigravity-ide\\scratch\\mesma-website\\dataconnect`: GetFileAttributesEx c:\\Users\\user\\.gemini\\antigravity-ide\\scratch\\mesma-website\\dataconnect: The system cannot find the file specified.\nE0615 08:16:52.459773   30392 watch.go:40] Failed to load config from \"c:\\\\Users\\\\user\\\\.gemini\\\\antigravity-ide\\\\scratch\\\\mesma-website\\\\dataconnect\": could not find dataconnect.yaml in `c:\\Users\\user\\.gemini\\antigravity-ide\\scratch\\mesma-website\\dataconnect`\n"}}
[debug] [2026-06-15T05:17:02.461Z] E0615 08:17:02.461857   30392 watch.go:40] Failed to load config from "c:\\Users\\user\\.gemini\\antigravity-ide\\scratch\\mesma-website\\dataconnect": could not find dataconnect.yaml in `c:\Users\user\.gemini\antigravity-ide\scratch\mesma-website\dataconnect`
 {"metadata":{"emulator":{"name":"dataconnect"},"message":"E0615 08:17:02.461857   30392 watch.go:40] Failed to load config from \"c:\\\\Users\\\\user\\\\.gemini\\\\antigravity-ide\\\\scratch\\\\mesma-website\\\\dataconnect\": could not find dataconnect.yaml in `c:\\Users\\user\\.gemini\\antigravity-ide\\scratch\\mesma-website\\dataconnect`\n"}}
[debug] [2026-06-15T05:17:12.460Z] E0615 08:17:12.459929   30392 watch.go:40] Failed to load config from "c:\\Users\\user\\.gemini\\antigravity-ide\\scratch\\mesma-website\\dataconnect": could not find dataconnect.yaml in `c:\Users\user\.gemini\antigravity-ide\scratch\mesma-website\dataconnect`
 {"metadata":{"emulator":{"name":"dataconnect"},"message":"E0615 08:17:12.459929   30392 watch.go:40] Failed to load config from \"c:\\\\Users\\\\user\\\\.gemini\\\\antigravity-ide\\\\scratch\\\\mesma-website\\\\dataconnect\": could not find dataconnect.yaml in `c:\\Users\\user\\.gemini\\antigravity-ide\\scratch\\mesma-website\\dataconnect`\n"}}
[debug] [2026-06-15T05:17:22.460Z] E0615 08:17:22.460554   30392 watch.go:40] Failed to load config from "c:\\Users\\user\\.gemini\\antigravity-ide\\scratch\\mesma-website\\dataconnect": could not find dataconnect.yaml in `c:\Users\user\.gemini\antigravity-ide\scratch\mesma-website\dataconnect`
 {"metadata":{"emulator":{"name":"dataconnect"},"message":"E0615 08:17:22.460554   30392 watch.go:40] Failed to load config from \"c:\\\\Users\\\\user\\\\.gemini\\\\antigravity-ide\\\\scratch\\\\mesma-website\\\\dataconnect\": could not find dataconnect.yaml in `c:\\Users\\user\\.gemini\\antigravity-ide\\scratch\\mesma-website\\dataconnect`\n"}}
[debug] [2026-06-15T05:17:32.460Z] E0615 08:17:32.460956   30392 watch.go:40] Failed to load config from "c:\\Users\\user\\.gemini\\antigravity-ide\\scratch\\mesma-website\\dataconnect": could not find dataconnect.yaml in `c:\Users\user\.gemini\antigravity-ide\scratch\mesma-website\dataconnect`
 {"metadata":{"emulator":{"name":"dataconnect"},"message":"E0615 08:17:32.460956   30392 watch.go:40] Failed to load config from \"c:\\\\Users\\\\user\\\\.gemini\\\\antigravity-ide\\\\scratch\\\\mesma-website\\\\dataconnect\": could not find dataconnect.yaml in `c:\\Users\\user\\.gemini\\antigravity-ide\\scratch\\mesma-website\\dataconnect`\n"}}
[debug] [2026-06-15T05:17:42.460Z] E0615 08:17:42.461016   30392 watch.go:40] Failed to load config from "c:\\Users\\user\\.gemini\\antigravity-ide\\scratch\\mesma-website\\dataconnect": could not find dataconnect.yaml in `c:\Users\user\.gemini\antigravity-ide\scratch\mesma-website\dataconnect`
 {"metadata":{"emulator":{"name":"dataconnect"},"message":"E0615 08:17:42.461016   30392 watch.go:40] Failed to load config from \"c:\\\\Users\\\\user\\\\.gemini\\\\antigravity-ide\\\\scratch\\\\mesma-website\\\\dataconnect\": could not find dataconnect.yaml in `c:\\Users\\user\\.gemini\\antigravity-ide\\scratch\\mesma-website\\dataconnect`\n"}}
[debug] [2026-06-15T05:17:52.459Z] E0615 08:17:52.460080   30392 watch.go:116] watchAllDir unable to walk dir `c:\Users\user\.gemini\antigravity-ide\scratch\mesma-website\dataconnect`: GetFileAttributesEx c:\Users\user\.gemini\antigravity-ide\scratch\mesma-website\dataconnect: The system cannot find the file specified.
E0615 08:17:52.460080   30392 watch.go:40] Failed to load config from "c:\\Users\\user\\.gemini\\antigravity-ide\\scratch\\mesma-website\\dataconnect": could not find dataconnect.yaml in `c:\Users\user\.gemini\antigravity-ide\scratch\mesma-website\dataconnect`
 {"metadata":{"emulator":{"name":"dataconnect"},"message":"E0615 08:17:52.460080   30392 watch.go:116] watchAllDir unable to walk dir `c:\\Users\\user\\.gemini\\antigravity-ide\\scratch\\mesma-website\\dataconnect`: GetFileAttributesEx c:\\Users\\user\\.gemini\\antigravity-ide\\scratch\\mesma-website\\dataconnect: The system cannot find the file specified.\nE0615 08:17:52.460080   30392 watch.go:40] Failed to load config from \"c:\\\\Users\\\\user\\\\.gemini\\\\antigravity-ide\\\\scratch\\\\mesma-website\\\\dataconnect\": could not find dataconnect.yaml in `c:\\Users\\user\\.gemini\\antigravity-ide\\scratch\\mesma-website\\dataconnect`\n"}}
[debug] [2026-06-15T05:18:02.460Z] E0615 08:18:02.461070   30392 watch.go:40] Failed to load config from "c:\\Users\\user\\.gemini\\antigravity-ide\\scratch\\mesma-website\\dataconnect": could not find dataconnect.yaml in `c:\Users\user\.gemini\antigravity-ide\scratch\mesma-website\dataconnect`
 {"metadata":{"emulator":{"name":"dataconnect"},"message":"E0615 08:18:02.461070   30392 watch.go:40] Failed to load config from \"c:\\\\Users\\\\user\\\\.gemini\\\\antigravity-ide\\\\scratch\\\\mesma-website\\\\dataconnect\": could not find dataconnect.yaml in `c:\\Users\\user\\.gemini\\antigravity-ide\\scratch\\mesma-website\\dataconnect`\n"}}
[debug] [2026-06-15T05:18:12.459Z] E0615 08:18:12.460079   30392 watch.go:40] Failed to load config from "c:\\Users\\user\\.gemini\\antigravity-ide\\scratch\\mesma-website\\dataconnect": could not find dataconnect.yaml in `c:\Users\user\.gemini\antigravity-ide\scratch\mesma-website\dataconnect`
 {"metadata":{"emulator":{"name":"dataconnect"},"message":"E0615 08:18:12.460079   30392 watch.go:40] Failed to load config from \"c:\\\\Users\\\\user\\\\.gemini\\\\antigravity-ide\\\\scratch\\\\mesma-website\\\\dataconnect\": could not find dataconnect.yaml in `c:\\Users\\user\\.gemini\\antigravity-ide\\scratch\\mesma-website\\dataconnect`\n"}}
[debug] [2026-06-15T05:18:22.459Z] E0615 08:18:22.459886   30392 watch.go:40] Failed to load config from "c:\\Users\\user\\.gemini\\antigravity-ide\\scratch\\mesma-website\\dataconnect": could not find dataconnect.yaml in `c:\Users\user\.gemini\antigravity-ide\scratch\mesma-website\dataconnect`
 {"metadata":{"emulator":{"name":"dataconnect"},"message":"E0615 08:18:22.459886   30392 watch.go:40] Failed to load config from \"c:\\\\Users\\\\user\\\\.gemini\\\\antigravity-ide\\\\scratch\\\\mesma-website\\\\dataconnect\": could not find dataconnect.yaml in `c:\\Users\\user\\.gemini\\antigravity-ide\\scratch\\mesma-website\\dataconnect`\n"}}
[debug] [2026-06-15T05:18:32.459Z] E0615 08:18:32.459997   30392 watch.go:40] Failed to load config from "c:\\Users\\user\\.gemini\\antigravity-ide\\scratch\\mesma-website\\dataconnect": could not find dataconnect.yaml in `c:\Users\user\.gemini\antigravity-ide\scratch\mesma-website\dataconnect`
 {"metadata":{"emulator":{"name":"dataconnect"},"message":"E0615 08:18:32.459997   30392 watch.go:40] Failed to load config from \"c:\\\\Users\\\\user\\\\.gemini\\\\antigravity-ide\\\\scratch\\\\mesma-website\\\\dataconnect\": could not find dataconnect.yaml in `c:\\Users\\user\\.gemini\\antigravity-ide\\scratch\\mesma-website\\dataconnect`\n"}}
[debug] [2026-06-15T05:18:42.462Z] E0615 08:18:42.463492   30392 watch.go:40] Failed to load config from "c:\\Users\\user\\.gemini\\antigravity-ide\\scratch\\mesma-website\\dataconnect": could not find dataconnect.yaml in `c:\Users\user\.gemini\antigravity-ide\scratch\mesma-website\dataconnect`
 {"metadata":{"emulator":{"name":"dataconnect"},"message":"E0615 08:18:42.463492   30392 watch.go:40] Failed to load config from \"c:\\\\Users\\\\user\\\\.gemini\\\\antigravity-ide\\\\scratch\\\\mesma-website\\\\dataconnect\": could not find dataconnect.yaml in `c:\\Users\\user\\.gemini\\antigravity-ide\\scratch\\mesma-website\\dataconnect`\n"}}
[debug] [2026-06-15T05:18:52.462Z] E0615 08:18:52.462447   30392 watch.go:116] watchAllDir unable to walk dir `c:\Users\user\.gemini\antigravity-ide\scratch\mesma-website\dataconnect`: GetFileAttributesEx c:\Users\user\.gemini\antigravity-ide\scratch\mesma-website\dataconnect: The system cannot find the file specified.
E0615 08:18:52.462447   30392 watch.go:40] Failed to load config from "c:\\Users\\user\\.gemini\\antigravity-ide\\scratch\\mesma-website\\dataconnect": could not find dataconnect.yaml in `c:\Users\user\.gemini\antigravity-ide\scratch\mesma-website\dataconnect`
 {"metadata":{"emulator":{"name":"dataconnect"},"message":"E0615 08:18:52.462447   30392 watch.go:116] watchAllDir unable to walk dir `c:\\Users\\user\\.gemini\\antigravity-ide\\scratch\\mesma-website\\dataconnect`: GetFileAttributesEx c:\\Users\\user\\.gemini\\antigravity-ide\\scratch\\mesma-website\\dataconnect: The system cannot find the file specified.\nE0615 08:18:52.462447   30392 watch.go:40] Failed to load config from \"c:\\\\Users\\\\user\\\\.gemini\\\\antigravity-ide\\\\scratch\\\\mesma-website\\\\dataconnect\": could not find dataconnect.yaml in `c:\\Users\\user\\.gemini\\antigravity-ide\\scratch\\mesma-website\\dataconnect`\n"}}
[debug] [2026-06-15T05:19:02.460Z] E0615 08:19:02.460961   30392 watch.go:40] Failed to load config from "c:\\Users\\user\\.gemini\\antigravity-ide\\scratch\\mesma-website\\dataconnect": could not find dataconnect.yaml in `c:\Users\user\.gemini\antigravity-ide\scratch\mesma-website\dataconnect`
 {"metadata":{"emulator":{"name":"dataconnect"},"message":"E0615 08:19:02.460961   30392 watch.go:40] Failed to load config from \"c:\\\\Users\\\\user\\\\.gemini\\\\antigravity-ide\\\\scratch\\\\mesma-website\\\\dataconnect\": could not find dataconnect.yaml in `c:\\Users\\user\\.gemini\\antigravity-ide\\scratch\\mesma-website\\dataconnect`\n"}}
[debug] [2026-06-15T05:19:12.460Z] E0615 08:19:12.460628   30392 watch.go:40] Failed to load config from "c:\\Users\\user\\.gemini\\antigravity-ide\\scratch\\mesma-website\\dataconnect": could not find dataconnect.yaml in `c:\Users\user\.gemini\antigravity-ide\scratch\mesma-website\dataconnect`
 {"metadata":{"emulator":{"name":"dataconnect"},"message":"E0615 08:19:12.460628   30392 watch.go:40] Failed to load config from \"c:\\\\Users\\\\user\\\\.gemini\\\\antigravity-ide\\\\scratch\\\\mesma-website\\\\dataconnect\": could not find dataconnect.yaml in `c:\\Users\\user\\.gemini\\antigravity-ide\\scratch\\mesma-website\\dataconnect`\n"}}
[debug] [2026-06-15T05:19:22.460Z] E0615 08:19:22.460364   30392 watch.go:40] Failed to load config from "c:\\Users\\user\\.gemini\\antigravity-ide\\scratch\\mesma-website\\dataconnect": could not find dataconnect.yaml in `c:\Users\user\.gemini\antigravity-ide\scratch\mesma-website\dataconnect`
 {"metadata":{"emulator":{"name":"dataconnect"},"message":"E0615 08:19:22.460364   30392 watch.go:40] Failed to load config from \"c:\\\\Users\\\\user\\\\.gemini\\\\antigravity-ide\\\\scratch\\\\mesma-website\\\\dataconnect\": could not find dataconnect.yaml in `c:\\Users\\user\\.gemini\\antigravity-ide\\scratch\\mesma-website\\dataconnect`\n"}}
[debug] [2026-06-15T05:19:32.459Z] E0615 08:19:32.459969   30392 watch.go:40] Failed to load config from "c:\\Users\\user\\.gemini\\antigravity-ide\\scratch\\mesma-website\\dataconnect": could not find dataconnect.yaml in `c:\Users\user\.gemini\antigravity-ide\scratch\mesma-website\dataconnect`
 {"metadata":{"emulator":{"name":"dataconnect"},"message":"E0615 08:19:32.459969   30392 watch.go:40] Failed to load config from \"c:\\\\Users\\\\user\\\\.gemini\\\\antigravity-ide\\\\scratch\\\\mesma-website\\\\dataconnect\": could not find dataconnect.yaml in `c:\\Users\\user\\.gemini\\antigravity-ide\\scratch\\mesma-website\\dataconnect`\n"}}
[debug] [2026-06-15T05:19:42.460Z] E0615 08:19:42.460154   30392 watch.go:40] Failed to load config from "c:\\Users\\user\\.gemini\\antigravity-ide\\scratch\\mesma-website\\dataconnect": could not find dataconnect.yaml in `c:\Users\user\.gemini\antigravity-ide\scratch\mesma-website\dataconnect`
 {"metadata":{"emulator":{"name":"dataconnect"},"message":"E0615 08:19:42.460154   30392 watch.go:40] Failed to load config from \"c:\\\\Users\\\\user\\\\.gemini\\\\antigravity-ide\\\\scratch\\\\mesma-website\\\\dataconnect\": could not find dataconnect.yaml in `c:\\Users\\user\\.gemini\\antigravity-ide\\scratch\\mesma-website\\dataconnect`\n"}}
[debug] [2026-06-15T05:19:52.460Z] E0615 08:19:52.460116   30392 watch.go:116] watchAllDir unable to walk dir `c:\Users\user\.gemini\antigravity-ide\scratch\mesma-website\dataconnect`: GetFileAttributesEx c:\Users\user\.gemini\antigravity-ide\scratch\mesma-website\dataconnect: The system cannot find the file specified.
 {"metadata":{"emulator":{"name":"dataconnect"},"message":"E0615 08:19:52.460116   30392 watch.go:116] watchAllDir unable to walk dir `c:\\Users\\user\\.gemini\\antigravity-ide\\scratch\\mesma-website\\dataconnect`: GetFileAttributesEx c:\\Users\\user\\.gemini\\antigravity-ide\\scratch\\mesma-website\\dataconnect: The system cannot find the file specified.\n"}}
[debug] [2026-06-15T05:19:52.461Z] E0615 08:19:52.460817   30392 watch.go:40] Failed to load config from "c:\\Users\\user\\.gemini\\antigravity-ide\\scratch\\mesma-website\\dataconnect": could not find dataconnect.yaml in `c:\Users\user\.gemini\antigravity-ide\scratch\mesma-website\dataconnect`
 {"metadata":{"emulator":{"name":"dataconnect"},"message":"E0615 08:19:52.460817   30392 watch.go:40] Failed to load config from \"c:\\\\Users\\\\user\\\\.gemini\\\\antigravity-ide\\\\scratch\\\\mesma-website\\\\dataconnect\": could not find dataconnect.yaml in `c:\\Users\\user\\.gemini\\antigravity-ide\\scratch\\mesma-website\\dataconnect`\n"}}
[debug] [2026-06-15T05:20:02.460Z] E0615 08:20:02.460102   30392 watch.go:40] Failed to load config from "c:\\Users\\user\\.gemini\\antigravity-ide\\scratch\\mesma-website\\dataconnect": could not find dataconnect.yaml in `c:\Users\user\.gemini\antigravity-ide\scratch\mesma-website\dataconnect`
 {"metadata":{"emulator":{"name":"dataconnect"},"message":"E0615 08:20:02.460102   30392 watch.go:40] Failed to load config from \"c:\\\\Users\\\\user\\\\.gemini\\\\antigravity-ide\\\\scratch\\\\mesma-website\\\\dataconnect\": could not find dataconnect.yaml in `c:\\Users\\user\\.gemini\\antigravity-ide\\scratch\\mesma-website\\dataconnect`\n"}}
[debug] [2026-06-15T05:20:12.459Z] E0615 08:20:12.460293   30392 watch.go:40] Failed to load config from "c:\\Users\\user\\.gemini\\antigravity-ide\\scratch\\mesma-website\\dataconnect": could not find dataconnect.yaml in `c:\Users\user\.gemini\antigravity-ide\scratch\mesma-website\dataconnect`
 {"metadata":{"emulator":{"name":"dataconnect"},"message":"E0615 08:20:12.460293   30392 watch.go:40] Failed to load config from \"c:\\\\Users\\\\user\\\\.gemini\\\\antigravity-ide\\\\scratch\\\\mesma-website\\\\dataconnect\": could not find dataconnect.yaml in `c:\\Users\\user\\.gemini\\antigravity-ide\\scratch\\mesma-website\\dataconnect`\n"}}
[debug] [2026-06-15T05:20:22.460Z] E0615 08:20:22.460063   30392 watch.go:40] Failed to load config from "c:\\Users\\user\\.gemini\\antigravity-ide\\scratch\\mesma-website\\dataconnect": could not find dataconnect.yaml in `c:\Users\user\.gemini\antigravity-ide\scratch\mesma-website\dataconnect`
 {"metadata":{"emulator":{"name":"dataconnect"},"message":"E0615 08:20:22.460063   30392 watch.go:40] Failed to load config from \"c:\\\\Users\\\\user\\\\.gemini\\\\antigravity-ide\\\\scratch\\\\mesma-website\\\\dataconnect\": could not find dataconnect.yaml in `c:\\Users\\user\\.gemini\\antigravity-ide\\scratch\\mesma-website\\dataconnect`\n"}}
[debug] [2026-06-15T05:20:32.460Z] E0615 08:20:32.460398   30392 watch.go:40] Failed to load config from "c:\\Users\\user\\.gemini\\antigravity-ide\\scratch\\mesma-website\\dataconnect": could not find dataconnect.yaml in `c:\Users\user\.gemini\antigravity-ide\scratch\mesma-website\dataconnect`
 {"metadata":{"emulator":{"name":"dataconnect"},"message":"E0615 08:20:32.460398   30392 watch.go:40] Failed to load config from \"c:\\\\Users\\\\user\\\\.gemini\\\\antigravity-ide\\\\scratch\\\\mesma-website\\\\dataconnect\": could not find dataconnect.yaml in `c:\\Users\\user\\.gemini\\antigravity-ide\\scratch\\mesma-website\\dataconnect`\n"}}
[debug] [2026-06-15T05:20:42.460Z] E0615 08:20:42.460887   30392 watch.go:40] Failed to load config from "c:\\Users\\user\\.gemini\\antigravity-ide\\scratch\\mesma-website\\dataconnect": could not find dataconnect.yaml in `c:\Users\user\.gemini\antigravity-ide\scratch\mesma-website\dataconnect`
 {"metadata":{"emulator":{"name":"dataconnect"},"message":"E0615 08:20:42.460887   30392 watch.go:40] Failed to load config from \"c:\\\\Users\\\\user\\\\.gemini\\\\antigravity-ide\\\\scratch\\\\mesma-website\\\\dataconnect\": could not find dataconnect.yaml in `c:\\Users\\user\\.gemini\\antigravity-ide\\scratch\\mesma-website\\dataconnect`\n"}}
[debug] [2026-06-15T05:20:52.459Z] E0615 08:20:52.459858   30392 watch.go:116] watchAllDir unable to walk dir `c:\Users\user\.gemini\antigravity-ide\scratch\mesma-website\dataconnect`: GetFileAttributesEx c:\Users\user\.gemini\antigravity-ide\scratch\mesma-website\dataconnect: The system cannot find the file specified.
 {"metadata":{"emulator":{"name":"dataconnect"},"message":"E0615 08:20:52.459858   30392 watch.go:116] watchAllDir unable to walk dir `c:\\Users\\user\\.gemini\\antigravity-ide\\scratch\\mesma-website\\dataconnect`: GetFileAttributesEx c:\\Users\\user\\.gemini\\antigravity-ide\\scratch\\mesma-website\\dataconnect: The system cannot find the file specified.\n"}}
[debug] [2026-06-15T05:20:52.460Z] E0615 08:20:52.459858   30392 watch.go:40] Failed to load config from "c:\\Users\\user\\.gemini\\antigravity-ide\\scratch\\mesma-website\\dataconnect": could not find dataconnect.yaml in `c:\Users\user\.gemini\antigravity-ide\scratch\mesma-website\dataconnect`
 {"metadata":{"emulator":{"name":"dataconnect"},"message":"E0615 08:20:52.459858   30392 watch.go:40] Failed to load config from \"c:\\\\Users\\\\user\\\\.gemini\\\\antigravity-ide\\\\scratch\\\\mesma-website\\\\dataconnect\": could not find dataconnect.yaml in `c:\\Users\\user\\.gemini\\antigravity-ide\\scratch\\mesma-website\\dataconnect`\n"}}
[debug] [2026-06-15T05:21:02.460Z] E0615 08:21:02.460251   30392 watch.go:40] Failed to load config from "c:\\Users\\user\\.gemini\\antigravity-ide\\scratch\\mesma-website\\dataconnect": could not find dataconnect.yaml in `c:\Users\user\.gemini\antigravity-ide\scratch\mesma-website\dataconnect`
 {"metadata":{"emulator":{"name":"dataconnect"},"message":"E0615 08:21:02.460251   30392 watch.go:40] Failed to load config from \"c:\\\\Users\\\\user\\\\.gemini\\\\antigravity-ide\\\\scratch\\\\mesma-website\\\\dataconnect\": could not find dataconnect.yaml in `c:\\Users\\user\\.gemini\\antigravity-ide\\scratch\\mesma-website\\dataconnect`\n"}}
[debug] [2026-06-15T05:21:12.460Z] E0615 08:21:12.460183   30392 watch.go:40] Failed to load config from "c:\\Users\\user\\.gemini\\antigravity-ide\\scratch\\mesma-website\\dataconnect": could not find dataconnect.yaml in `c:\Users\user\.gemini\antigravity-ide\scratch\mesma-website\dataconnect`
 {"metadata":{"emulator":{"name":"dataconnect"},"message":"E0615 08:21:12.460183   30392 watch.go:40] Failed to load config from \"c:\\\\Users\\\\user\\\\.gemini\\\\antigravity-ide\\\\scratch\\\\mesma-website\\\\dataconnect\": could not find dataconnect.yaml in `c:\\Users\\user\\.gemini\\antigravity-ide\\scratch\\mesma-website\\dataconnect`\n"}}
[debug] [2026-06-15T05:21:22.460Z] E0615 08:21:22.460508   30392 watch.go:40] Failed to load config from "c:\\Users\\user\\.gemini\\antigravity-ide\\scratch\\mesma-website\\dataconnect": could not find dataconnect.yaml in `c:\Users\user\.gemini\antigravity-ide\scratch\mesma-website\dataconnect`
 {"metadata":{"emulator":{"name":"dataconnect"},"message":"E0615 08:21:22.460508   30392 watch.go:40] Failed to load config from \"c:\\\\Users\\\\user\\\\.gemini\\\\antigravity-ide\\\\scratch\\\\mesma-website\\\\dataconnect\": could not find dataconnect.yaml in `c:\\Users\\user\\.gemini\\antigravity-ide\\scratch\\mesma-website\\dataconnect`\n"}}
[debug] [2026-06-15T05:21:32.460Z] E0615 08:21:32.460676   30392 watch.go:40] Failed to load config from "c:\\Users\\user\\.gemini\\antigravity-ide\\scratch\\mesma-website\\dataconnect": could not find dataconnect.yaml in `c:\Users\user\.gemini\antigravity-ide\scratch\mesma-website\dataconnect`
 {"metadata":{"emulator":{"name":"dataconnect"},"message":"E0615 08:21:32.460676   30392 watch.go:40] Failed to load config from \"c:\\\\Users\\\\user\\\\.gemini\\\\antigravity-ide\\\\scratch\\\\mesma-website\\\\dataconnect\": could not find dataconnect.yaml in `c:\\Users\\user\\.gemini\\antigravity-ide\\scratch\\mesma-website\\dataconnect`\n"}}
[debug] [2026-06-15T05:21:42.460Z] E0615 08:21:42.460668   30392 watch.go:40] Failed to load config from "c:\\Users\\user\\.gemini\\antigravity-ide\\scratch\\mesma-website\\dataconnect": could not find dataconnect.yaml in `c:\Users\user\.gemini\antigravity-ide\scratch\mesma-website\dataconnect`
 {"metadata":{"emulator":{"name":"dataconnect"},"message":"E0615 08:21:42.460668   30392 watch.go:40] Failed to load config from \"c:\\\\Users\\\\user\\\\.gemini\\\\antigravity-ide\\\\scratch\\\\mesma-website\\\\dataconnect\": could not find dataconnect.yaml in `c:\\Users\\user\\.gemini\\antigravity-ide\\scratch\\mesma-website\\dataconnect`\n"}}
[debug] [2026-06-15T05:21:52.460Z] E0615 08:21:52.460267   30392 watch.go:116] watchAllDir unable to walk dir `c:\Users\user\.gemini\antigravity-ide\scratch\mesma-website\dataconnect`: GetFileAttributesEx c:\Users\user\.gemini\antigravity-ide\scratch\mesma-website\dataconnect: The system cannot find the file specified.
 {"metadata":{"emulator":{"name":"dataconnect"},"message":"E0615 08:21:52.460267   30392 watch.go:116] watchAllDir unable to walk dir `c:\\Users\\user\\.gemini\\antigravity-ide\\scratch\\mesma-website\\dataconnect`: GetFileAttributesEx c:\\Users\\user\\.gemini\\antigravity-ide\\scratch\\mesma-website\\dataconnect: The system cannot find the file specified.\n"}}
[debug] [2026-06-15T05:21:52.461Z] E0615 08:21:52.460892   30392 watch.go:40] Failed to load config from "c:\\Users\\user\\.gemini\\antigravity-ide\\scratch\\mesma-website\\dataconnect": could not find dataconnect.yaml in `c:\Users\user\.gemini\antigravity-ide\scratch\mesma-website\dataconnect`
 {"metadata":{"emulator":{"name":"dataconnect"},"message":"E0615 08:21:52.460892   30392 watch.go:40] Failed to load config from \"c:\\\\Users\\\\user\\\\.gemini\\\\antigravity-ide\\\\scratch\\\\mesma-website\\\\dataconnect\": could not find dataconnect.yaml in `c:\\Users\\user\\.gemini\\antigravity-ide\\scratch\\mesma-website\\dataconnect`\n"}}
[debug] [2026-06-15T05:22:02.460Z] E0615 08:22:02.460362   30392 watch.go:40] Failed to load config from "c:\\Users\\user\\.gemini\\antigravity-ide\\scratch\\mesma-website\\dataconnect": could not find dataconnect.yaml in `c:\Users\user\.gemini\antigravity-ide\scratch\mesma-website\dataconnect`
 {"metadata":{"emulator":{"name":"dataconnect"},"message":"E0615 08:22:02.460362   30392 watch.go:40] Failed to load config from \"c:\\\\Users\\\\user\\\\.gemini\\\\antigravity-ide\\\\scratch\\\\mesma-website\\\\dataconnect\": could not find dataconnect.yaml in `c:\\Users\\user\\.gemini\\antigravity-ide\\scratch\\mesma-website\\dataconnect`\n"}}
[debug] [2026-06-15T05:22:12.460Z] E0615 08:22:12.460628   30392 watch.go:40] Failed to load config from "c:\\Users\\user\\.gemini\\antigravity-ide\\scratch\\mesma-website\\dataconnect": could not find dataconnect.yaml in `c:\Users\user\.gemini\antigravity-ide\scratch\mesma-website\dataconnect`
 {"metadata":{"emulator":{"name":"dataconnect"},"message":"E0615 08:22:12.460628   30392 watch.go:40] Failed to load config from \"c:\\\\Users\\\\user\\\\.gemini\\\\antigravity-ide\\\\scratch\\\\mesma-website\\\\dataconnect\": could not find dataconnect.yaml in `c:\\Users\\user\\.gemini\\antigravity-ide\\scratch\\mesma-website\\dataconnect`\n"}}
[debug] [2026-06-15T05:22:22.459Z] E0615 08:22:22.459868   30392 watch.go:40] Failed to load config from "c:\\Users\\user\\.gemini\\antigravity-ide\\scratch\\mesma-website\\dataconnect": could not find dataconnect.yaml in `c:\Users\user\.gemini\antigravity-ide\scratch\mesma-website\dataconnect`
 {"metadata":{"emulator":{"name":"dataconnect"},"message":"E0615 08:22:22.459868   30392 watch.go:40] Failed to load config from \"c:\\\\Users\\\\user\\\\.gemini\\\\antigravity-ide\\\\scratch\\\\mesma-website\\\\dataconnect\": could not find dataconnect.yaml in `c:\\Users\\user\\.gemini\\antigravity-ide\\scratch\\mesma-website\\dataconnect`\n"}}
[debug] [2026-06-15T05:22:32.460Z] E0615 08:22:32.460916   30392 watch.go:40] Failed to load config from "c:\\Users\\user\\.gemini\\antigravity-ide\\scratch\\mesma-website\\dataconnect": could not find dataconnect.yaml in `c:\Users\user\.gemini\antigravity-ide\scratch\mesma-website\dataconnect`
 {"metadata":{"emulator":{"name":"dataconnect"},"message":"E0615 08:22:32.460916   30392 watch.go:40] Failed to load config from \"c:\\\\Users\\\\user\\\\.gemini\\\\antigravity-ide\\\\scratch\\\\mesma-website\\\\dataconnect\": could not find dataconnect.yaml in `c:\\Users\\user\\.gemini\\antigravity-ide\\scratch\\mesma-website\\dataconnect`\n"}}
[debug] [2026-06-15T05:22:42.459Z] E0615 08:22:42.460022   30392 watch.go:40] Failed to load config from "c:\\Users\\user\\.gemini\\antigravity-ide\\scratch\\mesma-website\\dataconnect": could not find dataconnect.yaml in `c:\Users\user\.gemini\antigravity-ide\scratch\mesma-website\dataconnect`
 {"metadata":{"emulator":{"name":"dataconnect"},"message":"E0615 08:22:42.460022   30392 watch.go:40] Failed to load config from \"c:\\\\Users\\\\user\\\\.gemini\\\\antigravity-ide\\\\scratch\\\\mesma-website\\\\dataconnect\": could not find dataconnect.yaml in `c:\\Users\\user\\.gemini\\antigravity-ide\\scratch\\mesma-website\\dataconnect`\n"}}
[debug] [2026-06-15T05:22:52.460Z] E0615 08:22:52.460824   30392 watch.go:116] watchAllDir unable to walk dir `c:\Users\user\.gemini\antigravity-ide\scratch\mesma-website\dataconnect`: GetFileAttributesEx c:\Users\user\.gemini\antigravity-ide\scratch\mesma-website\dataconnect: The system cannot find the file specified.
 {"metadata":{"emulator":{"name":"dataconnect"},"message":"E0615 08:22:52.460824   30392 watch.go:116] watchAllDir unable to walk dir `c:\\Users\\user\\.gemini\\antigravity-ide\\scratch\\mesma-website\\dataconnect`: GetFileAttributesEx c:\\Users\\user\\.gemini\\antigravity-ide\\scratch\\mesma-website\\dataconnect: The system cannot find the file specified.\n"}}
[debug] [2026-06-15T05:22:52.461Z] E0615 08:22:52.460824   30392 watch.go:40] Failed to load config from "c:\\Users\\user\\.gemini\\antigravity-ide\\scratch\\mesma-website\\dataconnect": could not find dataconnect.yaml in `c:\Users\user\.gemini\antigravity-ide\scratch\mesma-website\dataconnect`
 {"metadata":{"emulator":{"name":"dataconnect"},"message":"E0615 08:22:52.460824   30392 watch.go:40] Failed to load config from \"c:\\\\Users\\\\user\\\\.gemini\\\\antigravity-ide\\\\scratch\\\\mesma-website\\\\dataconnect\": could not find dataconnect.yaml in `c:\\Users\\user\\.gemini\\antigravity-ide\\scratch\\mesma-website\\dataconnect`\n"}}
[debug] [2026-06-15T05:23:02.460Z] E0615 08:23:02.460326   30392 watch.go:40] Failed to load config from "c:\\Users\\user\\.gemini\\antigravity-ide\\scratch\\mesma-website\\dataconnect": could not find dataconnect.yaml in `c:\Users\user\.gemini\antigravity-ide\scratch\mesma-website\dataconnect`
 {"metadata":{"emulator":{"name":"dataconnect"},"message":"E0615 08:23:02.460326   30392 watch.go:40] Failed to load config from \"c:\\\\Users\\\\user\\\\.gemini\\\\antigravity-ide\\\\scratch\\\\mesma-website\\\\dataconnect\": could not find dataconnect.yaml in `c:\\Users\\user\\.gemini\\antigravity-ide\\scratch\\mesma-website\\dataconnect`\n"}}
[debug] [2026-06-15T05:23:12.460Z] E0615 08:23:12.460434   30392 watch.go:40] Failed to load config from "c:\\Users\\user\\.gemini\\antigravity-ide\\scratch\\mesma-website\\dataconnect": could not find dataconnect.yaml in `c:\Users\user\.gemini\antigravity-ide\scratch\mesma-website\dataconnect`
 {"metadata":{"emulator":{"name":"dataconnect"},"message":"E0615 08:23:12.460434   30392 watch.go:40] Failed to load config from \"c:\\\\Users\\\\user\\\\.gemini\\\\antigravity-ide\\\\scratch\\\\mesma-website\\\\dataconnect\": could not find dataconnect.yaml in `c:\\Users\\user\\.gemini\\antigravity-ide\\scratch\\mesma-website\\dataconnect`\n"}}
[debug] [2026-06-15T05:23:22.460Z] E0615 08:23:22.460715   30392 watch.go:40] Failed to load config from "c:\\Users\\user\\.gemini\\antigravity-ide\\scratch\\mesma-website\\dataconnect": could not find dataconnect.yaml in `c:\Users\user\.gemini\antigravity-ide\scratch\mesma-website\dataconnect`
 {"metadata":{"emulator":{"name":"dataconnect"},"message":"E0615 08:23:22.460715   30392 watch.go:40] Failed to load config from \"c:\\\\Users\\\\user\\\\.gemini\\\\antigravity-ide\\\\scratch\\\\mesma-website\\\\dataconnect\": could not find dataconnect.yaml in `c:\\Users\\user\\.gemini\\antigravity-ide\\scratch\\mesma-website\\dataconnect`\n"}}
[debug] [2026-06-15T05:23:32.460Z] E0615 08:23:32.460345   30392 watch.go:40] Failed to load config from "c:\\Users\\user\\.gemini\\antigravity-ide\\scratch\\mesma-website\\dataconnect": could not find dataconnect.yaml in `c:\Users\user\.gemini\antigravity-ide\scratch\mesma-website\dataconnect`
 {"metadata":{"emulator":{"name":"dataconnect"},"message":"E0615 08:23:32.460345   30392 watch.go:40] Failed to load config from \"c:\\\\Users\\\\user\\\\.gemini\\\\antigravity-ide\\\\scratch\\\\mesma-website\\\\dataconnect\": could not find dataconnect.yaml in `c:\\Users\\user\\.gemini\\antigravity-ide\\scratch\\mesma-website\\dataconnect`\n"}}
[debug] [2026-06-15T05:23:42.460Z] E0615 08:23:42.460406   30392 watch.go:40] Failed to load config from "c:\\Users\\user\\.gemini\\antigravity-ide\\scratch\\mesma-website\\dataconnect": could not find dataconnect.yaml in `c:\Users\user\.gemini\antigravity-ide\scratch\mesma-website\dataconnect`
 {"metadata":{"emulator":{"name":"dataconnect"},"message":"E0615 08:23:42.460406   30392 watch.go:40] Failed to load config from \"c:\\\\Users\\\\user\\\\.gemini\\\\antigravity-ide\\\\scratch\\\\mesma-website\\\\dataconnect\": could not find dataconnect.yaml in `c:\\Users\\user\\.gemini\\antigravity-ide\\scratch\\mesma-website\\dataconnect`\n"}}
[debug] [2026-06-15T05:23:52.460Z] E0615 08:23:52.460057   30392 watch.go:116] watchAllDir unable to walk dir `c:\Users\user\.gemini\antigravity-ide\scratch\mesma-website\dataconnect`: GetFileAttributesEx c:\Users\user\.gemini\antigravity-ide\scratch\mesma-website\dataconnect: The system cannot find the file specified.
 {"metadata":{"emulator":{"name":"dataconnect"},"message":"E0615 08:23:52.460057   30392 watch.go:116] watchAllDir unable to walk dir `c:\\Users\\user\\.gemini\\antigravity-ide\\scratch\\mesma-website\\dataconnect`: GetFileAttributesEx c:\\Users\\user\\.gemini\\antigravity-ide\\scratch\\mesma-website\\dataconnect: The system cannot find the file specified.\n"}}
[debug] [2026-06-15T05:23:52.460Z] E0615 08:23:52.460057   30392 watch.go:40] Failed to load config from "c:\\Users\\user\\.gemini\\antigravity-ide\\scratch\\mesma-website\\dataconnect": could not find dataconnect.yaml in `c:\Users\user\.gemini\antigravity-ide\scratch\mesma-website\dataconnect`
 {"metadata":{"emulator":{"name":"dataconnect"},"message":"E0615 08:23:52.460057   30392 watch.go:40] Failed to load config from \"c:\\\\Users\\\\user\\\\.gemini\\\\antigravity-ide\\\\scratch\\\\mesma-website\\\\dataconnect\": could not find dataconnect.yaml in `c:\\Users\\user\\.gemini\\antigravity-ide\\scratch\\mesma-website\\dataconnect`\n"}}
[debug] [2026-06-15T05:24:02.460Z] E0615 08:24:02.460030   30392 watch.go:40] Failed to load config from "c:\\Users\\user\\.gemini\\antigravity-ide\\scratch\\mesma-website\\dataconnect": could not find dataconnect.yaml in `c:\Users\user\.gemini\antigravity-ide\scratch\mesma-website\dataconnect`
 {"metadata":{"emulator":{"name":"dataconnect"},"message":"E0615 08:24:02.460030   30392 watch.go:40] Failed to load config from \"c:\\\\Users\\\\user\\\\.gemini\\\\antigravity-ide\\\\scratch\\\\mesma-website\\\\dataconnect\": could not find dataconnect.yaml in `c:\\Users\\user\\.gemini\\antigravity-ide\\scratch\\mesma-website\\dataconnect`\n"}}
[debug] [2026-06-15T05:24:12.459Z] E0615 08:24:12.459722   30392 watch.go:40] Failed to load config from "c:\\Users\\user\\.gemini\\antigravity-ide\\scratch\\mesma-website\\dataconnect": could not find dataconnect.yaml in `c:\Users\user\.gemini\antigravity-ide\scratch\mesma-website\dataconnect`
 {"metadata":{"emulator":{"name":"dataconnect"},"message":"E0615 08:24:12.459722   30392 watch.go:40] Failed to load config from \"c:\\\\Users\\\\user\\\\.gemini\\\\antigravity-ide\\\\scratch\\\\mesma-website\\\\dataconnect\": could not find dataconnect.yaml in `c:\\Users\\user\\.gemini\\antigravity-ide\\scratch\\mesma-website\\dataconnect`\n"}}
[debug] [2026-06-15T05:24:22.460Z] E0615 08:24:22.460665   30392 watch.go:40] Failed to load config from "c:\\Users\\user\\.gemini\\antigravity-ide\\scratch\\mesma-website\\dataconnect": could not find dataconnect.yaml in `c:\Users\user\.gemini\antigravity-ide\scratch\mesma-website\dataconnect`
 {"metadata":{"emulator":{"name":"dataconnect"},"message":"E0615 08:24:22.460665   30392 watch.go:40] Failed to load config from \"c:\\\\Users\\\\user\\\\.gemini\\\\antigravity-ide\\\\scratch\\\\mesma-website\\\\dataconnect\": could not find dataconnect.yaml in `c:\\Users\\user\\.gemini\\antigravity-ide\\scratch\\mesma-website\\dataconnect`\n"}}
[debug] [2026-06-15T05:24:32.460Z] E0615 08:24:32.460366   30392 watch.go:40] Failed to load config from "c:\\Users\\user\\.gemini\\antigravity-ide\\scratch\\mesma-website\\dataconnect": could not find dataconnect.yaml in `c:\Users\user\.gemini\antigravity-ide\scratch\mesma-website\dataconnect`
 {"metadata":{"emulator":{"name":"dataconnect"},"message":"E0615 08:24:32.460366   30392 watch.go:40] Failed to load config from \"c:\\\\Users\\\\user\\\\.gemini\\\\antigravity-ide\\\\scratch\\\\mesma-website\\\\dataconnect\": could not find dataconnect.yaml in `c:\\Users\\user\\.gemini\\antigravity-ide\\scratch\\mesma-website\\dataconnect`\n"}}
[debug] [2026-06-15T05:24:42.460Z] E0615 08:24:42.460599   30392 watch.go:40] Failed to load config from "c:\\Users\\user\\.gemini\\antigravity-ide\\scratch\\mesma-website\\dataconnect": could not find dataconnect.yaml in `c:\Users\user\.gemini\antigravity-ide\scratch\mesma-website\dataconnect`
 {"metadata":{"emulator":{"name":"dataconnect"},"message":"E0615 08:24:42.460599   30392 watch.go:40] Failed to load config from \"c:\\\\Users\\\\user\\\\.gemini\\\\antigravity-ide\\\\scratch\\\\mesma-website\\\\dataconnect\": could not find dataconnect.yaml in `c:\\Users\\user\\.gemini\\antigravity-ide\\scratch\\mesma-website\\dataconnect`\n"}}
[debug] [2026-06-15T05:24:52.459Z] E0615 08:24:52.459852   30392 watch.go:116] watchAllDir unable to walk dir `c:\Users\user\.gemini\antigravity-ide\scratch\mesma-website\dataconnect`: GetFileAttributesEx c:\Users\user\.gemini\antigravity-ide\scratch\mesma-website\dataconnect: The system cannot find the file specified.
 {"metadata":{"emulator":{"name":"dataconnect"},"message":"E0615 08:24:52.459852   30392 watch.go:116] watchAllDir unable to walk dir `c:\\Users\\user\\.gemini\\antigravity-ide\\scratch\\mesma-website\\dataconnect`: GetFileAttributesEx c:\\Users\\user\\.gemini\\antigravity-ide\\scratch\\mesma-website\\dataconnect: The system cannot find the file specified.\n"}}
[debug] [2026-06-15T05:24:52.460Z] E0615 08:24:52.459852   30392 watch.go:40] Failed to load config from "c:\\Users\\user\\.gemini\\antigravity-ide\\scratch\\mesma-website\\dataconnect": could not find dataconnect.yaml in `c:\Users\user\.gemini\antigravity-ide\scratch\mesma-website\dataconnect`
 {"metadata":{"emulator":{"name":"dataconnect"},"message":"E0615 08:24:52.459852   30392 watch.go:40] Failed to load config from \"c:\\\\Users\\\\user\\\\.gemini\\\\antigravity-ide\\\\scratch\\\\mesma-website\\\\dataconnect\": could not find dataconnect.yaml in `c:\\Users\\user\\.gemini\\antigravity-ide\\scratch\\mesma-website\\dataconnect`\n"}}
[debug] [2026-06-15T05:25:02.463Z] E0615 08:25:02.460944   30392 watch.go:40] Failed to load config from "c:\\Users\\user\\.gemini\\antigravity-ide\\scratch\\mesma-website\\dataconnect": could not find dataconnect.yaml in `c:\Users\user\.gemini\antigravity-ide\scratch\mesma-website\dataconnect`
 {"metadata":{"emulator":{"name":"dataconnect"},"message":"E0615 08:25:02.460944   30392 watch.go:40] Failed to load config from \"c:\\\\Users\\\\user\\\\.gemini\\\\antigravity-ide\\\\scratch\\\\mesma-website\\\\dataconnect\": could not find dataconnect.yaml in `c:\\Users\\user\\.gemini\\antigravity-ide\\scratch\\mesma-website\\dataconnect`\n"}}
[debug] [2026-06-15T05:25:12.460Z] E0615 08:25:12.460086   30392 watch.go:40] Failed to load config from "c:\\Users\\user\\.gemini\\antigravity-ide\\scratch\\mesma-website\\dataconnect": could not find dataconnect.yaml in `c:\Users\user\.gemini\antigravity-ide\scratch\mesma-website\dataconnect`
 {"metadata":{"emulator":{"name":"dataconnect"},"message":"E0615 08:25:12.460086   30392 watch.go:40] Failed to load config from \"c:\\\\Users\\\\user\\\\.gemini\\\\antigravity-ide\\\\scratch\\\\mesma-website\\\\dataconnect\": could not find dataconnect.yaml in `c:\\Users\\user\\.gemini\\antigravity-ide\\scratch\\mesma-website\\dataconnect`\n"}}
[debug] [2026-06-15T05:25:22.460Z] E0615 08:25:22.460285   30392 watch.go:40] Failed to load config from "c:\\Users\\user\\.gemini\\antigravity-ide\\scratch\\mesma-website\\dataconnect": could not find dataconnect.yaml in `c:\Users\user\.gemini\antigravity-ide\scratch\mesma-website\dataconnect`
 {"metadata":{"emulator":{"name":"dataconnect"},"message":"E0615 08:25:22.460285   30392 watch.go:40] Failed to load config from \"c:\\\\Users\\\\user\\\\.gemini\\\\antigravity-ide\\\\scratch\\\\mesma-website\\\\dataconnect\": could not find dataconnect.yaml in `c:\\Users\\user\\.gemini\\antigravity-ide\\scratch\\mesma-website\\dataconnect`\n"}}
[debug] [2026-06-15T05:25:32.459Z] E0615 08:25:32.459850   30392 watch.go:40] Failed to load config from "c:\\Users\\user\\.gemini\\antigravity-ide\\scratch\\mesma-website\\dataconnect": could not find dataconnect.yaml in `c:\Users\user\.gemini\antigravity-ide\scratch\mesma-website\dataconnect`
 {"metadata":{"emulator":{"name":"dataconnect"},"message":"E0615 08:25:32.459850   30392 watch.go:40] Failed to load config from \"c:\\\\Users\\\\user\\\\.gemini\\\\antigravity-ide\\\\scratch\\\\mesma-website\\\\dataconnect\": could not find dataconnect.yaml in `c:\\Users\\user\\.gemini\\antigravity-ide\\scratch\\mesma-website\\dataconnect`\n"}}
[debug] [2026-06-15T05:25:42.460Z] E0615 08:25:42.460382   30392 watch.go:40] Failed to load config from "c:\\Users\\user\\.gemini\\antigravity-ide\\scratch\\mesma-website\\dataconnect": could not find dataconnect.yaml in `c:\Users\user\.gemini\antigravity-ide\scratch\mesma-website\dataconnect`
 {"metadata":{"emulator":{"name":"dataconnect"},"message":"E0615 08:25:42.460382   30392 watch.go:40] Failed to load config from \"c:\\\\Users\\\\user\\\\.gemini\\\\antigravity-ide\\\\scratch\\\\mesma-website\\\\dataconnect\": could not find dataconnect.yaml in `c:\\Users\\user\\.gemini\\antigravity-ide\\scratch\\mesma-website\\dataconnect`\n"}}
[debug] [2026-06-15T05:25:52.460Z] E0615 08:25:52.459871   30392 watch.go:116] watchAllDir unable to walk dir `c:\Users\user\.gemini\antigravity-ide\scratch\mesma-website\dataconnect`: GetFileAttributesEx c:\Users\user\.gemini\antigravity-ide\scratch\mesma-website\dataconnect: The system cannot find the file specified.
 {"metadata":{"emulator":{"name":"dataconnect"},"message":"E0615 08:25:52.459871   30392 watch.go:116] watchAllDir unable to walk dir `c:\\Users\\user\\.gemini\\antigravity-ide\\scratch\\mesma-website\\dataconnect`: GetFileAttributesEx c:\\Users\\user\\.gemini\\antigravity-ide\\scratch\\mesma-website\\dataconnect: The system cannot find the file specified.\n"}}
[debug] [2026-06-15T05:25:52.461Z] E0615 08:25:52.460196   30392 watch.go:40] Failed to load config from "c:\\Users\\user\\.gemini\\antigravity-ide\\scratch\\mesma-website\\dataconnect": could not find dataconnect.yaml in `c:\Users\user\.gemini\antigravity-ide\scratch\mesma-website\dataconnect`
 {"metadata":{"emulator":{"name":"dataconnect"},"message":"E0615 08:25:52.460196   30392 watch.go:40] Failed to load config from \"c:\\\\Users\\\\user\\\\.gemini\\\\antigravity-ide\\\\scratch\\\\mesma-website\\\\dataconnect\": could not find dataconnect.yaml in `c:\\Users\\user\\.gemini\\antigravity-ide\\scratch\\mesma-website\\dataconnect`\n"}}
[debug] [2026-06-15T05:26:02.460Z] E0615 08:26:02.460104   30392 watch.go:40] Failed to load config from "c:\\Users\\user\\.gemini\\antigravity-ide\\scratch\\mesma-website\\dataconnect": could not find dataconnect.yaml in `c:\Users\user\.gemini\antigravity-ide\scratch\mesma-website\dataconnect`
 {"metadata":{"emulator":{"name":"dataconnect"},"message":"E0615 08:26:02.460104   30392 watch.go:40] Failed to load config from \"c:\\\\Users\\\\user\\\\.gemini\\\\antigravity-ide\\\\scratch\\\\mesma-website\\\\dataconnect\": could not find dataconnect.yaml in `c:\\Users\\user\\.gemini\\antigravity-ide\\scratch\\mesma-website\\dataconnect`\n"}}
[debug] [2026-06-15T05:26:12.460Z] E0615 08:26:12.460036   30392 watch.go:40] Failed to load config from "c:\\Users\\user\\.gemini\\antigravity-ide\\scratch\\mesma-website\\dataconnect": could not find dataconnect.yaml in `c:\Users\user\.gemini\antigravity-ide\scratch\mesma-website\dataconnect`
 {"metadata":{"emulator":{"name":"dataconnect"},"message":"E0615 08:26:12.460036   30392 watch.go:40] Failed to load config from \"c:\\\\Users\\\\user\\\\.gemini\\\\antigravity-ide\\\\scratch\\\\mesma-website\\\\dataconnect\": could not find dataconnect.yaml in `c:\\Users\\user\\.gemini\\antigravity-ide\\scratch\\mesma-website\\dataconnect`\n"}}
[debug] [2026-06-15T05:26:22.460Z] E0615 08:26:22.460077   30392 watch.go:40] Failed to load config from "c:\\Users\\user\\.gemini\\antigravity-ide\\scratch\\mesma-website\\dataconnect": could not find dataconnect.yaml in `c:\Users\user\.gemini\antigravity-ide\scratch\mesma-website\dataconnect`
 {"metadata":{"emulator":{"name":"dataconnect"},"message":"E0615 08:26:22.460077   30392 watch.go:40] Failed to load config from \"c:\\\\Users\\\\user\\\\.gemini\\\\antigravity-ide\\\\scratch\\\\mesma-website\\\\dataconnect\": could not find dataconnect.yaml in `c:\\Users\\user\\.gemini\\antigravity-ide\\scratch\\mesma-website\\dataconnect`\n"}}
[debug] [2026-06-15T05:26:32.460Z] E0615 08:26:32.459947   30392 watch.go:40] Failed to load config from "c:\\Users\\user\\.gemini\\antigravity-ide\\scratch\\mesma-website\\dataconnect": could not find dataconnect.yaml in `c:\Users\user\.gemini\antigravity-ide\scratch\mesma-website\dataconnect`
 {"metadata":{"emulator":{"name":"dataconnect"},"message":"E0615 08:26:32.459947   30392 watch.go:40] Failed to load config from \"c:\\\\Users\\\\user\\\\.gemini\\\\antigravity-ide\\\\scratch\\\\mesma-website\\\\dataconnect\": could not find dataconnect.yaml in `c:\\Users\\user\\.gemini\\antigravity-ide\\scratch\\mesma-website\\dataconnect`\n"}}
[info] [Firebase Plugin] Stopping SQL Connect toolkit
[warn] !  SQL Connect Emulator has exited upon receiving signal: SIGINT 
[debug] [2026-06-15T05:26:59.980Z] [Firebase Plugin] Activating Firebase extension.
[debug] [2026-06-15T05:27:04.141Z] [Firebase Plugin] requireAuthWrapper
[debug] [2026-06-15T05:27:04.144Z] > command requires scopes: ["email","openid","https://www.googleapis.com/auth/cloudplatformprojects.readonly","https://www.googleapis.com/auth/firebase","https://www.googleapis.com/auth/cloud-platform"]
[debug] [2026-06-15T05:27:04.145Z] > authorizing via signed-in user (mohammadsaifuddin68@gmail.com)
[debug] [2026-06-15T05:27:04.147Z] Checked if tokens are valid: true, expires at: 1781502188445
[debug] [2026-06-15T05:27:04.148Z] Checked if tokens are valid: true, expires at: 1781502188445
[debug] [2026-06-15T05:27:04.148Z] [Firebase Plugin] User found:  mohammadsaifuddin68@gmail.com
[info] [Firebase Plugin] (Core:Project) New user detected, fetching projects
[debug] [2026-06-15T05:27:04.149Z] Checked if tokens are valid: true, expires at: 1781502188445
[debug] [2026-06-15T05:27:04.151Z] >>> [apiv2][query] GET https://firebase.googleapis.com/v1beta1/projects pageSize=1000
[info] [Firebase Plugin] Starting SQL Connect toolkit (version 3.4.10) on port 50001
[debug] [2026-06-15T05:27:04.588Z] 'fdc build' failed with error: Unable to build your SQL Connect schema and connectors (exit code 1): E0615 08:27:04.581725   12676 cmd.go:43] Error loading data connect config: could not find dataconnect.yaml in `c:\Users\user\.gemini\antigravity-ide\scratch\mesma-website\dataconnect`
 {"metadata":{"emulator":{"name":"dataconnect"},"message":"'fdc build' failed with error: Unable to build your SQL Connect schema and connectors (exit code 1): E0615 08:27:04.581725   12676 cmd.go:43] Error loading data connect config: could not find dataconnect.yaml in `c:\\Users\\user\\.gemini\\antigravity-ide\\scratch\\mesma-website\\dataconnect`\n"}}
[debug] [2026-06-15T05:27:04.589Z] Ignoring unsupported arg: auto_download {"metadata":{"emulator":{"name":"dataconnect"},"message":"Ignoring unsupported arg: auto_download"}}
[debug] [2026-06-15T05:27:04.589Z] Ignoring unsupported arg: port {"metadata":{"emulator":{"name":"dataconnect"},"message":"Ignoring unsupported arg: port"}}
[debug] [2026-06-15T05:27:04.590Z] Starting SQL Connect Emulator with command {"binary":"C:\\Users\\user\\.cache\\firebase\\emulators\\dataconnect-emulator-3.4.10.exe","args":["--logtostderr","-v=2","dev","--listen=localhost:50001","--config_dir=c:\\Users\\user\\.gemini\\antigravity-ide\\scratch\\mesma-website\\dataconnect","--enable_output_schema_extensions=true","--enable_output_generated_sdk=true"],"optionalArgs":["listen","config_dir","enable_output_schema_extensions","enable_output_generated_sdk"],"joinArgs":true,"shell":false,"port":9399} {"metadata":{"emulator":{"name":"dataconnect"},"message":"Starting SQL Connect Emulator with command {\"binary\":\"C:\\\\Users\\\\user\\\\.cache\\\\firebase\\\\emulators\\\\dataconnect-emulator-3.4.10.exe\",\"args\":[\"--logtostderr\",\"-v=2\",\"dev\",\"--listen=localhost:50001\",\"--config_dir=c:\\\\Users\\\\user\\\\.gemini\\\\antigravity-ide\\\\scratch\\\\mesma-website\\\\dataconnect\",\"--enable_output_schema_extensions=true\",\"--enable_output_generated_sdk=true\"],\"optionalArgs\":[\"listen\",\"config_dir\",\"enable_output_schema_extensions\",\"enable_output_generated_sdk\"],\"joinArgs\":true,\"shell\":false,\"port\":9399}"}}
[info] i  dataconnect: SQL Connect Emulator logging to dataconnect-debug.log {"metadata":{"emulator":{"name":"dataconnect"},"message":"SQL Connect Emulator logging to \u001b[1mdataconnect-debug.log\u001b[22m"}}
[debug] [2026-06-15T05:27:04.654Z] E0615 08:27:04.652067   16108 dev.go:83] Failed to load initial config from "c:\\Users\\user\\.gemini\\antigravity-ide\\scratch\\mesma-website\\dataconnect": could not find dataconnect.yaml in `c:\Users\user\.gemini\antigravity-ide\scratch\mesma-website\dataconnect`
 {"metadata":{"emulator":{"name":"dataconnect"},"message":"E0615 08:27:04.652067   16108 dev.go:83] Failed to load initial config from \"c:\\\\Users\\\\user\\\\.gemini\\\\antigravity-ide\\\\scratch\\\\mesma-website\\\\dataconnect\": could not find dataconnect.yaml in `c:\\Users\\user\\.gemini\\antigravity-ide\\scratch\\mesma-website\\dataconnect`\n"}}
[debug] [2026-06-15T05:27:04.657Z] E0615 08:27:04.657176   16108 watch.go:116] watchAllDir unable to walk dir `c:\Users\user\.gemini\antigravity-ide\scratch\mesma-website\dataconnect`: GetFileAttributesEx c:\Users\user\.gemini\antigravity-ide\scratch\mesma-website\dataconnect: The system cannot find the file specified.
 {"metadata":{"emulator":{"name":"dataconnect"},"message":"E0615 08:27:04.657176   16108 watch.go:116] watchAllDir unable to walk dir `c:\\Users\\user\\.gemini\\antigravity-ide\\scratch\\mesma-website\\dataconnect`: GetFileAttributesEx c:\\Users\\user\\.gemini\\antigravity-ide\\scratch\\mesma-website\\dataconnect: The system cannot find the file specified.\n"}}
[debug] [2026-06-15T05:27:04.697Z] I0615 08:27:04.694074   16108 dev.go:104] Listening on address (HTTP + gRPC): 127.0.0.1:50001
 {"metadata":{"emulator":{"name":"dataconnect"},"message":"I0615 08:27:04.694074   16108 dev.go:104] Listening on address (HTTP + gRPC): 127.0.0.1:50001\n"}}
[error] [Firebase Plugin] error:  {}
[debug] [2026-06-15T05:27:05.337Z] <<< [apiv2][status] GET https://firebase.googleapis.com/v1beta1/projects 200
[debug] [2026-06-15T05:27:05.338Z] <<< [apiv2][body] GET https://firebase.googleapis.com/v1beta1/projects [omitted]
[debug] [2026-06-15T05:27:14.658Z] E0615 08:27:14.657817   16108 watch.go:40] Failed to load config from "c:\\Users\\user\\.gemini\\antigravity-ide\\scratch\\mesma-website\\dataconnect": could not find dataconnect.yaml in `c:\Users\user\.gemini\antigravity-ide\scratch\mesma-website\dataconnect`
 {"metadata":{"emulator":{"name":"dataconnect"},"message":"E0615 08:27:14.657817   16108 watch.go:40] Failed to load config from \"c:\\\\Users\\\\user\\\\.gemini\\\\antigravity-ide\\\\scratch\\\\mesma-website\\\\dataconnect\": could not find dataconnect.yaml in `c:\\Users\\user\\.gemini\\antigravity-ide\\scratch\\mesma-website\\dataconnect`\n"}}
[debug] [2026-06-15T05:27:24.658Z] E0615 08:27:24.657790   16108 watch.go:40] Failed to load config from "c:\\Users\\user\\.gemini\\antigravity-ide\\scratch\\mesma-website\\dataconnect": could not find dataconnect.yaml in `c:\Users\user\.gemini\antigravity-ide\scratch\mesma-website\dataconnect`
 {"metadata":{"emulator":{"name":"dataconnect"},"message":"E0615 08:27:24.657790   16108 watch.go:40] Failed to load config from \"c:\\\\Users\\\\user\\\\.gemini\\\\antigravity-ide\\\\scratch\\\\mesma-website\\\\dataconnect\": could not find dataconnect.yaml in `c:\\Users\\user\\.gemini\\antigravity-ide\\scratch\\mesma-website\\dataconnect`\n"}}
[debug] [2026-06-15T05:27:34.658Z] E0615 08:27:34.657607   16108 watch.go:40] Failed to load config from "c:\\Users\\user\\.gemini\\antigravity-ide\\scratch\\mesma-website\\dataconnect": could not find dataconnect.yaml in `c:\Users\user\.gemini\antigravity-ide\scratch\mesma-website\dataconnect`
 {"metadata":{"emulator":{"name":"dataconnect"},"message":"E0615 08:27:34.657607   16108 watch.go:40] Failed to load config from \"c:\\\\Users\\\\user\\\\.gemini\\\\antigravity-ide\\\\scratch\\\\mesma-website\\\\dataconnect\": could not find dataconnect.yaml in `c:\\Users\\user\\.gemini\\antigravity-ide\\scratch\\mesma-website\\dataconnect`\n"}}
[debug] [2026-06-15T05:27:44.658Z] E0615 08:27:44.658169   16108 watch.go:40] Failed to load config from "c:\\Users\\user\\.gemini\\antigravity-ide\\scratch\\mesma-website\\dataconnect": could not find dataconnect.yaml in `c:\Users\user\.gemini\antigravity-ide\scratch\mesma-website\dataconnect`
 {"metadata":{"emulator":{"name":"dataconnect"},"message":"E0615 08:27:44.658169   16108 watch.go:40] Failed to load config from \"c:\\\\Users\\\\user\\\\.gemini\\\\antigravity-ide\\\\scratch\\\\mesma-website\\\\dataconnect\": could not find dataconnect.yaml in `c:\\Users\\user\\.gemini\\antigravity-ide\\scratch\\mesma-website\\dataconnect`\n"}}
[debug] [2026-06-15T05:27:54.658Z] E0615 08:27:54.657910   16108 watch.go:40] Failed to load config from "c:\\Users\\user\\.gemini\\antigravity-ide\\scratch\\mesma-website\\dataconnect": could not find dataconnect.yaml in `c:\Users\user\.gemini\antigravity-ide\scratch\mesma-website\dataconnect`
 {"metadata":{"emulator":{"name":"dataconnect"},"message":"E0615 08:27:54.657910   16108 watch.go:40] Failed to load config from \"c:\\\\Users\\\\user\\\\.gemini\\\\antigravity-ide\\\\scratch\\\\mesma-website\\\\dataconnect\": could not find dataconnect.yaml in `c:\\Users\\user\\.gemini\\antigravity-ide\\scratch\\mesma-website\\dataconnect`\n"}}
[debug] [2026-06-15T05:28:04.657Z] E0615 08:28:04.657563   16108 watch.go:116] watchAllDir unable to walk dir `c:\Users\user\.gemini\antigravity-ide\scratch\mesma-website\dataconnect`: GetFileAttributesEx c:\Users\user\.gemini\antigravity-ide\scratch\mesma-website\dataconnect: The system cannot find the file specified.
E0615 08:28:04.657880   16108 watch.go:40] Failed to load config from "c:\\Users\\user\\.gemini\\antigravity-ide\\scratch\\mesma-website\\dataconnect": could not find dataconnect.yaml in `c:\Users\user\.gemini\antigravity-ide\scratch\mesma-website\dataconnect`
 {"metadata":{"emulator":{"name":"dataconnect"},"message":"E0615 08:28:04.657563   16108 watch.go:116] watchAllDir unable to walk dir `c:\\Users\\user\\.gemini\\antigravity-ide\\scratch\\mesma-website\\dataconnect`: GetFileAttributesEx c:\\Users\\user\\.gemini\\antigravity-ide\\scratch\\mesma-website\\dataconnect: The system cannot find the file specified.\nE0615 08:28:04.657880   16108 watch.go:40] Failed to load config from \"c:\\\\Users\\\\user\\\\.gemini\\\\antigravity-ide\\\\scratch\\\\mesma-website\\\\dataconnect\": could not find dataconnect.yaml in `c:\\Users\\user\\.gemini\\antigravity-ide\\scratch\\mesma-website\\dataconnect`\n"}}
[debug] [2026-06-15T05:28:14.658Z] E0615 08:28:14.657897   16108 watch.go:40] Failed to load config from "c:\\Users\\user\\.gemini\\antigravity-ide\\scratch\\mesma-website\\dataconnect": could not find dataconnect.yaml in `c:\Users\user\.gemini\antigravity-ide\scratch\mesma-website\dataconnect`
 {"metadata":{"emulator":{"name":"dataconnect"},"message":"E0615 08:28:14.657897   16108 watch.go:40] Failed to load config from \"c:\\\\Users\\\\user\\\\.gemini\\\\antigravity-ide\\\\scratch\\\\mesma-website\\\\dataconnect\": could not find dataconnect.yaml in `c:\\Users\\user\\.gemini\\antigravity-ide\\scratch\\mesma-website\\dataconnect`\n"}}
[debug] [2026-06-15T05:28:24.658Z] E0615 08:28:24.657757   16108 watch.go:40] Failed to load config from "c:\\Users\\user\\.gemini\\antigravity-ide\\scratch\\mesma-website\\dataconnect": could not find dataconnect.yaml in `c:\Users\user\.gemini\antigravity-ide\scratch\mesma-website\dataconnect`
 {"metadata":{"emulator":{"name":"dataconnect"},"message":"E0615 08:28:24.657757   16108 watch.go:40] Failed to load config from \"c:\\\\Users\\\\user\\\\.gemini\\\\antigravity-ide\\\\scratch\\\\mesma-website\\\\dataconnect\": could not find dataconnect.yaml in `c:\\Users\\user\\.gemini\\antigravity-ide\\scratch\\mesma-website\\dataconnect`\n"}}
[debug] [2026-06-15T05:28:34.658Z] E0615 08:28:34.658118   16108 watch.go:40] Failed to load config from "c:\\Users\\user\\.gemini\\antigravity-ide\\scratch\\mesma-website\\dataconnect": could not find dataconnect.yaml in `c:\Users\user\.gemini\antigravity-ide\scratch\mesma-website\dataconnect`
 {"metadata":{"emulator":{"name":"dataconnect"},"message":"E0615 08:28:34.658118   16108 watch.go:40] Failed to load config from \"c:\\\\Users\\\\user\\\\.gemini\\\\antigravity-ide\\\\scratch\\\\mesma-website\\\\dataconnect\": could not find dataconnect.yaml in `c:\\Users\\user\\.gemini\\antigravity-ide\\scratch\\mesma-website\\dataconnect`\n"}}
[debug] [2026-06-15T05:28:44.657Z] E0615 08:28:44.657802   16108 watch.go:40] Failed to load config from "c:\\Users\\user\\.gemini\\antigravity-ide\\scratch\\mesma-website\\dataconnect": could not find dataconnect.yaml in `c:\Users\user\.gemini\antigravity-ide\scratch\mesma-website\dataconnect`
 {"metadata":{"emulator":{"name":"dataconnect"},"message":"E0615 08:28:44.657802   16108 watch.go:40] Failed to load config from \"c:\\\\Users\\\\user\\\\.gemini\\\\antigravity-ide\\\\scratch\\\\mesma-website\\\\dataconnect\": could not find dataconnect.yaml in `c:\\Users\\user\\.gemini\\antigravity-ide\\scratch\\mesma-website\\dataconnect`\n"}}
[debug] [2026-06-15T05:28:54.657Z] E0615 08:28:54.657945   16108 watch.go:40] Failed to load config from "c:\\Users\\user\\.gemini\\antigravity-ide\\scratch\\mesma-website\\dataconnect": could not find dataconnect.yaml in `c:\Users\user\.gemini\antigravity-ide\scratch\mesma-website\dataconnect`
 {"metadata":{"emulator":{"name":"dataconnect"},"message":"E0615 08:28:54.657945   16108 watch.go:40] Failed to load config from \"c:\\\\Users\\\\user\\\\.gemini\\\\antigravity-ide\\\\scratch\\\\mesma-website\\\\dataconnect\": could not find dataconnect.yaml in `c:\\Users\\user\\.gemini\\antigravity-ide\\scratch\\mesma-website\\dataconnect`\n"}}
[debug] [2026-06-15T05:29:04.656Z] E0615 08:29:04.657555   16108 watch.go:116] watchAllDir unable to walk dir `c:\Users\user\.gemini\antigravity-ide\scratch\mesma-website\dataconnect`: GetFileAttributesEx c:\Users\user\.gemini\antigravity-ide\scratch\mesma-website\dataconnect: The system cannot find the file specified.
 {"metadata":{"emulator":{"name":"dataconnect"},"message":"E0615 08:29:04.657555   16108 watch.go:116] watchAllDir unable to walk dir `c:\\Users\\user\\.gemini\\antigravity-ide\\scratch\\mesma-website\\dataconnect`: GetFileAttributesEx c:\\Users\\user\\.gemini\\antigravity-ide\\scratch\\mesma-website\\dataconnect: The system cannot find the file specified.\n"}}
[debug] [2026-06-15T05:29:04.657Z] E0615 08:29:04.657555   16108 watch.go:40] Failed to load config from "c:\\Users\\user\\.gemini\\antigravity-ide\\scratch\\mesma-website\\dataconnect": could not find dataconnect.yaml in `c:\Users\user\.gemini\antigravity-ide\scratch\mesma-website\dataconnect`
 {"metadata":{"emulator":{"name":"dataconnect"},"message":"E0615 08:29:04.657555   16108 watch.go:40] Failed to load config from \"c:\\\\Users\\\\user\\\\.gemini\\\\antigravity-ide\\\\scratch\\\\mesma-website\\\\dataconnect\": could not find dataconnect.yaml in `c:\\Users\\user\\.gemini\\antigravity-ide\\scratch\\mesma-website\\dataconnect`\n"}}
[debug] [2026-06-15T05:29:14.657Z] E0615 08:29:14.657442   16108 watch.go:40] Failed to load config from "c:\\Users\\user\\.gemini\\antigravity-ide\\scratch\\mesma-website\\dataconnect": could not find dataconnect.yaml in `c:\Users\user\.gemini\antigravity-ide\scratch\mesma-website\dataconnect`
 {"metadata":{"emulator":{"name":"dataconnect"},"message":"E0615 08:29:14.657442   16108 watch.go:40] Failed to load config from \"c:\\\\Users\\\\user\\\\.gemini\\\\antigravity-ide\\\\scratch\\\\mesma-website\\\\dataconnect\": could not find dataconnect.yaml in `c:\\Users\\user\\.gemini\\antigravity-ide\\scratch\\mesma-website\\dataconnect`\n"}}
[debug] [2026-06-15T05:29:24.657Z] E0615 08:29:24.657875   16108 watch.go:40] Failed to load config from "c:\\Users\\user\\.gemini\\antigravity-ide\\scratch\\mesma-website\\dataconnect": could not find dataconnect.yaml in `c:\Users\user\.gemini\antigravity-ide\scratch\mesma-website\dataconnect`
 {"metadata":{"emulator":{"name":"dataconnect"},"message":"E0615 08:29:24.657875   16108 watch.go:40] Failed to load config from \"c:\\\\Users\\\\user\\\\.gemini\\\\antigravity-ide\\\\scratch\\\\mesma-website\\\\dataconnect\": could not find dataconnect.yaml in `c:\\Users\\user\\.gemini\\antigravity-ide\\scratch\\mesma-website\\dataconnect`\n"}}
[debug] [2026-06-15T05:29:34.657Z] E0615 08:29:34.657408   16108 watch.go:40] Failed to load config from "c:\\Users\\user\\.gemini\\antigravity-ide\\scratch\\mesma-website\\dataconnect": could not find dataconnect.yaml in `c:\Users\user\.gemini\antigravity-ide\scratch\mesma-website\dataconnect`
 {"metadata":{"emulator":{"name":"dataconnect"},"message":"E0615 08:29:34.657408   16108 watch.go:40] Failed to load config from \"c:\\\\Users\\\\user\\\\.gemini\\\\antigravity-ide\\\\scratch\\\\mesma-website\\\\dataconnect\": could not find dataconnect.yaml in `c:\\Users\\user\\.gemini\\antigravity-ide\\scratch\\mesma-website\\dataconnect`\n"}}
[debug] [2026-06-15T05:29:44.657Z] E0615 08:29:44.657779   16108 watch.go:40] Failed to load config from "c:\\Users\\user\\.gemini\\antigravity-ide\\scratch\\mesma-website\\dataconnect": could not find dataconnect.yaml in `c:\Users\user\.gemini\antigravity-ide\scratch\mesma-website\dataconnect`
 {"metadata":{"emulator":{"name":"dataconnect"},"message":"E0615 08:29:44.657779   16108 watch.go:40] Failed to load config from \"c:\\\\Users\\\\user\\\\.gemini\\\\antigravity-ide\\\\scratch\\\\mesma-website\\\\dataconnect\": could not find dataconnect.yaml in `c:\\Users\\user\\.gemini\\antigravity-ide\\scratch\\mesma-website\\dataconnect`\n"}}
[debug] [2026-06-15T05:29:54.658Z] E0615 08:29:54.657391   16108 watch.go:40] Failed to load config from "c:\\Users\\user\\.gemini\\antigravity-ide\\scratch\\mesma-website\\dataconnect": could not find dataconnect.yaml in `c:\Users\user\.gemini\antigravity-ide\scratch\mesma-website\dataconnect`
 {"metadata":{"emulator":{"name":"dataconnect"},"message":"E0615 08:29:54.657391   16108 watch.go:40] Failed to load config from \"c:\\\\Users\\\\user\\\\.gemini\\\\antigravity-ide\\\\scratch\\\\mesma-website\\\\dataconnect\": could not find dataconnect.yaml in `c:\\Users\\user\\.gemini\\antigravity-ide\\scratch\\mesma-website\\dataconnect`\n"}}
[debug] [2026-06-15T05:30:04.658Z] E0615 08:30:04.657735   16108 watch.go:116] watchAllDir unable to walk dir `c:\Users\user\.gemini\antigravity-ide\scratch\mesma-website\dataconnect`: GetFileAttributesEx c:\Users\user\.gemini\antigravity-ide\scratch\mesma-website\dataconnect: The system cannot find the file specified.
 {"metadata":{"emulator":{"name":"dataconnect"},"message":"E0615 08:30:04.657735   16108 watch.go:116] watchAllDir unable to walk dir `c:\\Users\\user\\.gemini\\antigravity-ide\\scratch\\mesma-website\\dataconnect`: GetFileAttributesEx c:\\Users\\user\\.gemini\\antigravity-ide\\scratch\\mesma-website\\dataconnect: The system cannot find the file specified.\n"}}
[debug] [2026-06-15T05:30:04.659Z] E0615 08:30:04.658535   16108 watch.go:40] Failed to load config from "c:\\Users\\user\\.gemini\\antigravity-ide\\scratch\\mesma-website\\dataconnect": could not find dataconnect.yaml in `c:\Users\user\.gemini\antigravity-ide\scratch\mesma-website\dataconnect`
 {"metadata":{"emulator":{"name":"dataconnect"},"message":"E0615 08:30:04.658535   16108 watch.go:40] Failed to load config from \"c:\\\\Users\\\\user\\\\.gemini\\\\antigravity-ide\\\\scratch\\\\mesma-website\\\\dataconnect\": could not find dataconnect.yaml in `c:\\Users\\user\\.gemini\\antigravity-ide\\scratch\\mesma-website\\dataconnect`\n"}}
[debug] [2026-06-15T05:30:14.658Z] E0615 08:30:14.658037   16108 watch.go:40] Failed to load config from "c:\\Users\\user\\.gemini\\antigravity-ide\\scratch\\mesma-website\\dataconnect": could not find dataconnect.yaml in `c:\Users\user\.gemini\antigravity-ide\scratch\mesma-website\dataconnect`
 {"metadata":{"emulator":{"name":"dataconnect"},"message":"E0615 08:30:14.658037   16108 watch.go:40] Failed to load config from \"c:\\\\Users\\\\user\\\\.gemini\\\\antigravity-ide\\\\scratch\\\\mesma-website\\\\dataconnect\": could not find dataconnect.yaml in `c:\\Users\\user\\.gemini\\antigravity-ide\\scratch\\mesma-website\\dataconnect`\n"}}
[debug] [2026-06-15T05:30:24.658Z] E0615 08:30:24.657627   16108 watch.go:40] Failed to load config from "c:\\Users\\user\\.gemini\\antigravity-ide\\scratch\\mesma-website\\dataconnect": could not find dataconnect.yaml in `c:\Users\user\.gemini\antigravity-ide\scratch\mesma-website\dataconnect`
 {"metadata":{"emulator":{"name":"dataconnect"},"message":"E0615 08:30:24.657627   16108 watch.go:40] Failed to load config from \"c:\\\\Users\\\\user\\\\.gemini\\\\antigravity-ide\\\\scratch\\\\mesma-website\\\\dataconnect\": could not find dataconnect.yaml in `c:\\Users\\user\\.gemini\\antigravity-ide\\scratch\\mesma-website\\dataconnect`\n"}}
[debug] [2026-06-15T05:30:34.658Z] E0615 08:30:34.657673   16108 watch.go:40] Failed to load config from "c:\\Users\\user\\.gemini\\antigravity-ide\\scratch\\mesma-website\\dataconnect": could not find dataconnect.yaml in `c:\Users\user\.gemini\antigravity-ide\scratch\mesma-website\dataconnect`
 {"metadata":{"emulator":{"name":"dataconnect"},"message":"E0615 08:30:34.657673   16108 watch.go:40] Failed to load config from \"c:\\\\Users\\\\user\\\\.gemini\\\\antigravity-ide\\\\scratch\\\\mesma-website\\\\dataconnect\": could not find dataconnect.yaml in `c:\\Users\\user\\.gemini\\antigravity-ide\\scratch\\mesma-website\\dataconnect`\n"}}
[debug] [2026-06-15T05:30:44.658Z] E0615 08:30:44.657946   16108 watch.go:40] Failed to load config from "c:\\Users\\user\\.gemini\\antigravity-ide\\scratch\\mesma-website\\dataconnect": could not find dataconnect.yaml in `c:\Users\user\.gemini\antigravity-ide\scratch\mesma-website\dataconnect`
 {"metadata":{"emulator":{"name":"dataconnect"},"message":"E0615 08:30:44.657946   16108 watch.go:40] Failed to load config from \"c:\\\\Users\\\\user\\\\.gemini\\\\antigravity-ide\\\\scratch\\\\mesma-website\\\\dataconnect\": could not find dataconnect.yaml in `c:\\Users\\user\\.gemini\\antigravity-ide\\scratch\\mesma-website\\dataconnect`\n"}}
[debug] [2026-06-15T05:30:54.657Z] E0615 08:30:54.657455   16108 watch.go:40] Failed to load config from "c:\\Users\\user\\.gemini\\antigravity-ide\\scratch\\mesma-website\\dataconnect": could not find dataconnect.yaml in `c:\Users\user\.gemini\antigravity-ide\scratch\mesma-website\dataconnect`
 {"metadata":{"emulator":{"name":"dataconnect"},"message":"E0615 08:30:54.657455   16108 watch.go:40] Failed to load config from \"c:\\\\Users\\\\user\\\\.gemini\\\\antigravity-ide\\\\scratch\\\\mesma-website\\\\dataconnect\": could not find dataconnect.yaml in `c:\\Users\\user\\.gemini\\antigravity-ide\\scratch\\mesma-website\\dataconnect`\n"}}
[debug] [2026-06-15T05:31:04.657Z] E0615 08:31:04.657799   16108 watch.go:116] watchAllDir unable to walk dir `c:\Users\user\.gemini\antigravity-ide\scratch\mesma-website\dataconnect`: GetFileAttributesEx c:\Users\user\.gemini\antigravity-ide\scratch\mesma-website\dataconnect: The system cannot find the file specified.
E0615 08:31:04.657799   16108 watch.go:40] Failed to load config from "c:\\Users\\user\\.gemini\\antigravity-ide\\scratch\\mesma-website\\dataconnect": could not find dataconnect.yaml in `c:\Users\user\.gemini\antigravity-ide\scratch\mesma-website\dataconnect`
 {"metadata":{"emulator":{"name":"dataconnect"},"message":"E0615 08:31:04.657799   16108 watch.go:116] watchAllDir unable to walk dir `c:\\Users\\user\\.gemini\\antigravity-ide\\scratch\\mesma-website\\dataconnect`: GetFileAttributesEx c:\\Users\\user\\.gemini\\antigravity-ide\\scratch\\mesma-website\\dataconnect: The system cannot find the file specified.\nE0615 08:31:04.657799   16108 watch.go:40] Failed to load config from \"c:\\\\Users\\\\user\\\\.gemini\\\\antigravity-ide\\\\scratch\\\\mesma-website\\\\dataconnect\": could not find dataconnect.yaml in `c:\\Users\\user\\.gemini\\antigravity-ide\\scratch\\mesma-website\\dataconnect`\n"}}
[debug] [2026-06-15T05:31:14.657Z] E0615 08:31:14.657610   16108 watch.go:40] Failed to load config from "c:\\Users\\user\\.gemini\\antigravity-ide\\scratch\\mesma-website\\dataconnect": could not find dataconnect.yaml in `c:\Users\user\.gemini\antigravity-ide\scratch\mesma-website\dataconnect`
 {"metadata":{"emulator":{"name":"dataconnect"},"message":"E0615 08:31:14.657610   16108 watch.go:40] Failed to load config from \"c:\\\\Users\\\\user\\\\.gemini\\\\antigravity-ide\\\\scratch\\\\mesma-website\\\\dataconnect\": could not find dataconnect.yaml in `c:\\Users\\user\\.gemini\\antigravity-ide\\scratch\\mesma-website\\dataconnect`\n"}}
[debug] [2026-06-15T05:31:24.659Z] E0615 08:31:24.658380   16108 watch.go:40] Failed to load config from "c:\\Users\\user\\.gemini\\antigravity-ide\\scratch\\mesma-website\\dataconnect": could not find dataconnect.yaml in `c:\Users\user\.gemini\antigravity-ide\scratch\mesma-website\dataconnect`
 {"metadata":{"emulator":{"name":"dataconnect"},"message":"E0615 08:31:24.658380   16108 watch.go:40] Failed to load config from \"c:\\\\Users\\\\user\\\\.gemini\\\\antigravity-ide\\\\scratch\\\\mesma-website\\\\dataconnect\": could not find dataconnect.yaml in `c:\\Users\\user\\.gemini\\antigravity-ide\\scratch\\mesma-website\\dataconnect`\n"}}
[debug] [2026-06-15T05:31:34.658Z] E0615 08:31:34.657887   16108 watch.go:40] Failed to load config from "c:\\Users\\user\\.gemini\\antigravity-ide\\scratch\\mesma-website\\dataconnect": could not find dataconnect.yaml in `c:\Users\user\.gemini\antigravity-ide\scratch\mesma-website\dataconnect`
 {"metadata":{"emulator":{"name":"dataconnect"},"message":"E0615 08:31:34.657887   16108 watch.go:40] Failed to load config from \"c:\\\\Users\\\\user\\\\.gemini\\\\antigravity-ide\\\\scratch\\\\mesma-website\\\\dataconnect\": could not find dataconnect.yaml in `c:\\Users\\user\\.gemini\\antigravity-ide\\scratch\\mesma-website\\dataconnect`\n"}}
[debug] [2026-06-15T05:31:44.657Z] E0615 08:31:44.657427   16108 watch.go:40] Failed to load config from "c:\\Users\\user\\.gemini\\antigravity-ide\\scratch\\mesma-website\\dataconnect": could not find dataconnect.yaml in `c:\Users\user\.gemini\antigravity-ide\scratch\mesma-website\dataconnect`
 {"metadata":{"emulator":{"name":"dataconnect"},"message":"E0615 08:31:44.657427   16108 watch.go:40] Failed to load config from \"c:\\\\Users\\\\user\\\\.gemini\\\\antigravity-ide\\\\scratch\\\\mesma-website\\\\dataconnect\": could not find dataconnect.yaml in `c:\\Users\\user\\.gemini\\antigravity-ide\\scratch\\mesma-website\\dataconnect`\n"}}
[debug] [2026-06-15T05:31:54.658Z] E0615 08:31:54.657836   16108 watch.go:40] Failed to load config from "c:\\Users\\user\\.gemini\\antigravity-ide\\scratch\\mesma-website\\dataconnect": could not find dataconnect.yaml in `c:\Users\user\.gemini\antigravity-ide\scratch\mesma-website\dataconnect`
 {"metadata":{"emulator":{"name":"dataconnect"},"message":"E0615 08:31:54.657836   16108 watch.go:40] Failed to load config from \"c:\\\\Users\\\\user\\\\.gemini\\\\antigravity-ide\\\\scratch\\\\mesma-website\\\\dataconnect\": could not find dataconnect.yaml in `c:\\Users\\user\\.gemini\\antigravity-ide\\scratch\\mesma-website\\dataconnect`\n"}}
[debug] [2026-06-15T05:32:04.657Z] E0615 08:32:04.657440   16108 watch.go:116] watchAllDir unable to walk dir `c:\Users\user\.gemini\antigravity-ide\scratch\mesma-website\dataconnect`: GetFileAttributesEx c:\Users\user\.gemini\antigravity-ide\scratch\mesma-website\dataconnect: The system cannot find the file specified.
 {"metadata":{"emulator":{"name":"dataconnect"},"message":"E0615 08:32:04.657440   16108 watch.go:116] watchAllDir unable to walk dir `c:\\Users\\user\\.gemini\\antigravity-ide\\scratch\\mesma-website\\dataconnect`: GetFileAttributesEx c:\\Users\\user\\.gemini\\antigravity-ide\\scratch\\mesma-website\\dataconnect: The system cannot find the file specified.\n"}}
[debug] [2026-06-15T05:32:04.658Z] E0615 08:32:04.657440   16108 watch.go:40] Failed to load config from "c:\\Users\\user\\.gemini\\antigravity-ide\\scratch\\mesma-website\\dataconnect": could not find dataconnect.yaml in `c:\Users\user\.gemini\antigravity-ide\scratch\mesma-website\dataconnect`
 {"metadata":{"emulator":{"name":"dataconnect"},"message":"E0615 08:32:04.657440   16108 watch.go:40] Failed to load config from \"c:\\\\Users\\\\user\\\\.gemini\\\\antigravity-ide\\\\scratch\\\\mesma-website\\\\dataconnect\": could not find dataconnect.yaml in `c:\\Users\\user\\.gemini\\antigravity-ide\\scratch\\mesma-website\\dataconnect`\n"}}
[debug] [2026-06-15T05:32:14.658Z] E0615 08:32:14.657519   16108 watch.go:40] Failed to load config from "c:\\Users\\user\\.gemini\\antigravity-ide\\scratch\\mesma-website\\dataconnect": could not find dataconnect.yaml in `c:\Users\user\.gemini\antigravity-ide\scratch\mesma-website\dataconnect`
 {"metadata":{"emulator":{"name":"dataconnect"},"message":"E0615 08:32:14.657519   16108 watch.go:40] Failed to load config from \"c:\\\\Users\\\\user\\\\.gemini\\\\antigravity-ide\\\\scratch\\\\mesma-website\\\\dataconnect\": could not find dataconnect.yaml in `c:\\Users\\user\\.gemini\\antigravity-ide\\scratch\\mesma-website\\dataconnect`\n"}}
[debug] [2026-06-15T05:32:24.658Z] E0615 08:32:24.657480   16108 watch.go:40] Failed to load config from "c:\\Users\\user\\.gemini\\antigravity-ide\\scratch\\mesma-website\\dataconnect": could not find dataconnect.yaml in `c:\Users\user\.gemini\antigravity-ide\scratch\mesma-website\dataconnect`
 {"metadata":{"emulator":{"name":"dataconnect"},"message":"E0615 08:32:24.657480   16108 watch.go:40] Failed to load config from \"c:\\\\Users\\\\user\\\\.gemini\\\\antigravity-ide\\\\scratch\\\\mesma-website\\\\dataconnect\": could not find dataconnect.yaml in `c:\\Users\\user\\.gemini\\antigravity-ide\\scratch\\mesma-website\\dataconnect`\n"}}
[debug] [2026-06-15T05:32:34.657Z] E0615 08:32:34.657364   16108 watch.go:40] Failed to load config from "c:\\Users\\user\\.gemini\\antigravity-ide\\scratch\\mesma-website\\dataconnect": could not find dataconnect.yaml in `c:\Users\user\.gemini\antigravity-ide\scratch\mesma-website\dataconnect`
 {"metadata":{"emulator":{"name":"dataconnect"},"message":"E0615 08:32:34.657364   16108 watch.go:40] Failed to load config from \"c:\\\\Users\\\\user\\\\.gemini\\\\antigravity-ide\\\\scratch\\\\mesma-website\\\\dataconnect\": could not find dataconnect.yaml in `c:\\Users\\user\\.gemini\\antigravity-ide\\scratch\\mesma-website\\dataconnect`\n"}}
[debug] [2026-06-15T05:32:44.658Z] E0615 08:32:44.657641   16108 watch.go:40] Failed to load config from "c:\\Users\\user\\.gemini\\antigravity-ide\\scratch\\mesma-website\\dataconnect": could not find dataconnect.yaml in `c:\Users\user\.gemini\antigravity-ide\scratch\mesma-website\dataconnect`
 {"metadata":{"emulator":{"name":"dataconnect"},"message":"E0615 08:32:44.657641   16108 watch.go:40] Failed to load config from \"c:\\\\Users\\\\user\\\\.gemini\\\\antigravity-ide\\\\scratch\\\\mesma-website\\\\dataconnect\": could not find dataconnect.yaml in `c:\\Users\\user\\.gemini\\antigravity-ide\\scratch\\mesma-website\\dataconnect`\n"}}
[debug] [2026-06-15T05:32:54.657Z] E0615 08:32:54.657465   16108 watch.go:40] Failed to load config from "c:\\Users\\user\\.gemini\\antigravity-ide\\scratch\\mesma-website\\dataconnect": could not find dataconnect.yaml in `c:\Users\user\.gemini\antigravity-ide\scratch\mesma-website\dataconnect`
 {"metadata":{"emulator":{"name":"dataconnect"},"message":"E0615 08:32:54.657465   16108 watch.go:40] Failed to load config from \"c:\\\\Users\\\\user\\\\.gemini\\\\antigravity-ide\\\\scratch\\\\mesma-website\\\\dataconnect\": could not find dataconnect.yaml in `c:\\Users\\user\\.gemini\\antigravity-ide\\scratch\\mesma-website\\dataconnect`\n"}}
[debug] [2026-06-15T05:33:04.657Z] E0615 08:33:04.657518   16108 watch.go:116] watchAllDir unable to walk dir `c:\Users\user\.gemini\antigravity-ide\scratch\mesma-website\dataconnect`: GetFileAttributesEx c:\Users\user\.gemini\antigravity-ide\scratch\mesma-website\dataconnect: The system cannot find the file specified.
E0615 08:33:04.657518   16108 watch.go:40] Failed to load config from "c:\\Users\\user\\.gemini\\antigravity-ide\\scratch\\mesma-website\\dataconnect": could not find dataconnect.yaml in `c:\Users\user\.gemini\antigravity-ide\scratch\mesma-website\dataconnect`
 {"metadata":{"emulator":{"name":"dataconnect"},"message":"E0615 08:33:04.657518   16108 watch.go:116] watchAllDir unable to walk dir `c:\\Users\\user\\.gemini\\antigravity-ide\\scratch\\mesma-website\\dataconnect`: GetFileAttributesEx c:\\Users\\user\\.gemini\\antigravity-ide\\scratch\\mesma-website\\dataconnect: The system cannot find the file specified.\nE0615 08:33:04.657518   16108 watch.go:40] Failed to load config from \"c:\\\\Users\\\\user\\\\.gemini\\\\antigravity-ide\\\\scratch\\\\mesma-website\\\\dataconnect\": could not find dataconnect.yaml in `c:\\Users\\user\\.gemini\\antigravity-ide\\scratch\\mesma-website\\dataconnect`\n"}}
[debug] [2026-06-15T05:33:14.658Z] E0615 08:33:14.658257   16108 watch.go:40] Failed to load config from "c:\\Users\\user\\.gemini\\antigravity-ide\\scratch\\mesma-website\\dataconnect": could not find dataconnect.yaml in `c:\Users\user\.gemini\antigravity-ide\scratch\mesma-website\dataconnect`
 {"metadata":{"emulator":{"name":"dataconnect"},"message":"E0615 08:33:14.658257   16108 watch.go:40] Failed to load config from \"c:\\\\Users\\\\user\\\\.gemini\\\\antigravity-ide\\\\scratch\\\\mesma-website\\\\dataconnect\": could not find dataconnect.yaml in `c:\\Users\\user\\.gemini\\antigravity-ide\\scratch\\mesma-website\\dataconnect`\n"}}
[debug] [2026-06-15T05:33:24.657Z] E0615 08:33:24.657565   16108 watch.go:40] Failed to load config from "c:\\Users\\user\\.gemini\\antigravity-ide\\scratch\\mesma-website\\dataconnect": could not find dataconnect.yaml in `c:\Users\user\.gemini\antigravity-ide\scratch\mesma-website\dataconnect`
 {"metadata":{"emulator":{"name":"dataconnect"},"message":"E0615 08:33:24.657565   16108 watch.go:40] Failed to load config from \"c:\\\\Users\\\\user\\\\.gemini\\\\antigravity-ide\\\\scratch\\\\mesma-website\\\\dataconnect\": could not find dataconnect.yaml in `c:\\Users\\user\\.gemini\\antigravity-ide\\scratch\\mesma-website\\dataconnect`\n"}}
[debug] [2026-06-15T05:33:34.657Z] E0615 08:33:34.657360   16108 watch.go:40] Failed to load config from "c:\\Users\\user\\.gemini\\antigravity-ide\\scratch\\mesma-website\\dataconnect": could not find dataconnect.yaml in `c:\Users\user\.gemini\antigravity-ide\scratch\mesma-website\dataconnect`
 {"metadata":{"emulator":{"name":"dataconnect"},"message":"E0615 08:33:34.657360   16108 watch.go:40] Failed to load config from \"c:\\\\Users\\\\user\\\\.gemini\\\\antigravity-ide\\\\scratch\\\\mesma-website\\\\dataconnect\": could not find dataconnect.yaml in `c:\\Users\\user\\.gemini\\antigravity-ide\\scratch\\mesma-website\\dataconnect`\n"}}
[debug] [2026-06-15T05:33:44.658Z] E0615 08:33:44.658184   16108 watch.go:40] Failed to load config from "c:\\Users\\user\\.gemini\\antigravity-ide\\scratch\\mesma-website\\dataconnect": could not find dataconnect.yaml in `c:\Users\user\.gemini\antigravity-ide\scratch\mesma-website\dataconnect`
 {"metadata":{"emulator":{"name":"dataconnect"},"message":"E0615 08:33:44.658184   16108 watch.go:40] Failed to load config from \"c:\\\\Users\\\\user\\\\.gemini\\\\antigravity-ide\\\\scratch\\\\mesma-website\\\\dataconnect\": could not find dataconnect.yaml in `c:\\Users\\user\\.gemini\\antigravity-ide\\scratch\\mesma-website\\dataconnect`\n"}}
[debug] [2026-06-15T05:33:54.658Z] E0615 08:33:54.658290   16108 watch.go:40] Failed to load config from "c:\\Users\\user\\.gemini\\antigravity-ide\\scratch\\mesma-website\\dataconnect": could not find dataconnect.yaml in `c:\Users\user\.gemini\antigravity-ide\scratch\mesma-website\dataconnect`
 {"metadata":{"emulator":{"name":"dataconnect"},"message":"E0615 08:33:54.658290   16108 watch.go:40] Failed to load config from \"c:\\\\Users\\\\user\\\\.gemini\\\\antigravity-ide\\\\scratch\\\\mesma-website\\\\dataconnect\": could not find dataconnect.yaml in `c:\\Users\\user\\.gemini\\antigravity-ide\\scratch\\mesma-website\\dataconnect`\n"}}
[debug] [2026-06-15T05:34:04.658Z] E0615 08:34:04.657645   16108 watch.go:116] watchAllDir unable to walk dir `c:\Users\user\.gemini\antigravity-ide\scratch\mesma-website\dataconnect`: GetFileAttributesEx c:\Users\user\.gemini\antigravity-ide\scratch\mesma-website\dataconnect: The system cannot find the file specified.
 {"metadata":{"emulator":{"name":"dataconnect"},"message":"E0615 08:34:04.657645   16108 watch.go:116] watchAllDir unable to walk dir `c:\\Users\\user\\.gemini\\antigravity-ide\\scratch\\mesma-website\\dataconnect`: GetFileAttributesEx c:\\Users\\user\\.gemini\\antigravity-ide\\scratch\\mesma-website\\dataconnect: The system cannot find the file specified.\n"}}
[debug] [2026-06-15T05:34:04.659Z] E0615 08:34:04.657645   16108 watch.go:40] Failed to load config from "c:\\Users\\user\\.gemini\\antigravity-ide\\scratch\\mesma-website\\dataconnect": could not find dataconnect.yaml in `c:\Users\user\.gemini\antigravity-ide\scratch\mesma-website\dataconnect`
 {"metadata":{"emulator":{"name":"dataconnect"},"message":"E0615 08:34:04.657645   16108 watch.go:40] Failed to load config from \"c:\\\\Users\\\\user\\\\.gemini\\\\antigravity-ide\\\\scratch\\\\mesma-website\\\\dataconnect\": could not find dataconnect.yaml in `c:\\Users\\user\\.gemini\\antigravity-ide\\scratch\\mesma-website\\dataconnect`\n"}}
[debug] [2026-06-15T05:34:14.658Z] E0615 08:34:14.657766   16108 watch.go:40] Failed to load config from "c:\\Users\\user\\.gemini\\antigravity-ide\\scratch\\mesma-website\\dataconnect": could not find dataconnect.yaml in `c:\Users\user\.gemini\antigravity-ide\scratch\mesma-website\dataconnect`
 {"metadata":{"emulator":{"name":"dataconnect"},"message":"E0615 08:34:14.657766   16108 watch.go:40] Failed to load config from \"c:\\\\Users\\\\user\\\\.gemini\\\\antigravity-ide\\\\scratch\\\\mesma-website\\\\dataconnect\": could not find dataconnect.yaml in `c:\\Users\\user\\.gemini\\antigravity-ide\\scratch\\mesma-website\\dataconnect`\n"}}
[debug] [2026-06-15T05:34:24.657Z] E0615 08:34:24.657490   16108 watch.go:40] Failed to load config from "c:\\Users\\user\\.gemini\\antigravity-ide\\scratch\\mesma-website\\dataconnect": could not find dataconnect.yaml in `c:\Users\user\.gemini\antigravity-ide\scratch\mesma-website\dataconnect`
 {"metadata":{"emulator":{"name":"dataconnect"},"message":"E0615 08:34:24.657490   16108 watch.go:40] Failed to load config from \"c:\\\\Users\\\\user\\\\.gemini\\\\antigravity-ide\\\\scratch\\\\mesma-website\\\\dataconnect\": could not find dataconnect.yaml in `c:\\Users\\user\\.gemini\\antigravity-ide\\scratch\\mesma-website\\dataconnect`\n"}}
[debug] [2026-06-15T05:34:34.657Z] E0615 08:34:34.657524   16108 watch.go:40] Failed to load config from "c:\\Users\\user\\.gemini\\antigravity-ide\\scratch\\mesma-website\\dataconnect": could not find dataconnect.yaml in `c:\Users\user\.gemini\antigravity-ide\scratch\mesma-website\dataconnect`
 {"metadata":{"emulator":{"name":"dataconnect"},"message":"E0615 08:34:34.657524   16108 watch.go:40] Failed to load config from \"c:\\\\Users\\\\user\\\\.gemini\\\\antigravity-ide\\\\scratch\\\\mesma-website\\\\dataconnect\": could not find dataconnect.yaml in `c:\\Users\\user\\.gemini\\antigravity-ide\\scratch\\mesma-website\\dataconnect`\n"}}
[debug] [2026-06-15T05:34:44.659Z] E0615 08:34:44.659492   16108 watch.go:40] Failed to load config from "c:\\Users\\user\\.gemini\\antigravity-ide\\scratch\\mesma-website\\dataconnect": could not find dataconnect.yaml in `c:\Users\user\.gemini\antigravity-ide\scratch\mesma-website\dataconnect`
 {"metadata":{"emulator":{"name":"dataconnect"},"message":"E0615 08:34:44.659492   16108 watch.go:40] Failed to load config from \"c:\\\\Users\\\\user\\\\.gemini\\\\antigravity-ide\\\\scratch\\\\mesma-website\\\\dataconnect\": could not find dataconnect.yaml in `c:\\Users\\user\\.gemini\\antigravity-ide\\scratch\\mesma-website\\dataconnect`\n"}}
[debug] [2026-06-15T05:34:54.659Z] E0615 08:34:54.659062   16108 watch.go:40] Failed to load config from "c:\\Users\\user\\.gemini\\antigravity-ide\\scratch\\mesma-website\\dataconnect": could not find dataconnect.yaml in `c:\Users\user\.gemini\antigravity-ide\scratch\mesma-website\dataconnect`
 {"metadata":{"emulator":{"name":"dataconnect"},"message":"E0615 08:34:54.659062   16108 watch.go:40] Failed to load config from \"c:\\\\Users\\\\user\\\\.gemini\\\\antigravity-ide\\\\scratch\\\\mesma-website\\\\dataconnect\": could not find dataconnect.yaml in `c:\\Users\\user\\.gemini\\antigravity-ide\\scratch\\mesma-website\\dataconnect`\n"}}
[debug] [2026-06-15T05:35:04.657Z] E0615 08:35:04.657440   16108 watch.go:116] watchAllDir unable to walk dir `c:\Users\user\.gemini\antigravity-ide\scratch\mesma-website\dataconnect`: GetFileAttributesEx c:\Users\user\.gemini\antigravity-ide\scratch\mesma-website\dataconnect: The system cannot find the file specified.
E0615 08:35:04.657440   16108 watch.go:40] Failed to load config from "c:\\Users\\user\\.gemini\\antigravity-ide\\scratch\\mesma-website\\dataconnect": could not find dataconnect.yaml in `c:\Users\user\.gemini\antigravity-ide\scratch\mesma-website\dataconnect`
 {"metadata":{"emulator":{"name":"dataconnect"},"message":"E0615 08:35:04.657440   16108 watch.go:116] watchAllDir unable to walk dir `c:\\Users\\user\\.gemini\\antigravity-ide\\scratch\\mesma-website\\dataconnect`: GetFileAttributesEx c:\\Users\\user\\.gemini\\antigravity-ide\\scratch\\mesma-website\\dataconnect: The system cannot find the file specified.\nE0615 08:35:04.657440   16108 watch.go:40] Failed to load config from \"c:\\\\Users\\\\user\\\\.gemini\\\\antigravity-ide\\\\scratch\\\\mesma-website\\\\dataconnect\": could not find dataconnect.yaml in `c:\\Users\\user\\.gemini\\antigravity-ide\\scratch\\mesma-website\\dataconnect`\n"}}
[debug] [2026-06-15T05:35:14.657Z] E0615 08:35:14.657557   16108 watch.go:40] Failed to load config from "c:\\Users\\user\\.gemini\\antigravity-ide\\scratch\\mesma-website\\dataconnect": could not find dataconnect.yaml in `c:\Users\user\.gemini\antigravity-ide\scratch\mesma-website\dataconnect`
 {"metadata":{"emulator":{"name":"dataconnect"},"message":"E0615 08:35:14.657557   16108 watch.go:40] Failed to load config from \"c:\\\\Users\\\\user\\\\.gemini\\\\antigravity-ide\\\\scratch\\\\mesma-website\\\\dataconnect\": could not find dataconnect.yaml in `c:\\Users\\user\\.gemini\\antigravity-ide\\scratch\\mesma-website\\dataconnect`\n"}}
[debug] [2026-06-15T05:35:24.657Z] E0615 08:35:24.657418   16108 watch.go:40] Failed to load config from "c:\\Users\\user\\.gemini\\antigravity-ide\\scratch\\mesma-website\\dataconnect": could not find dataconnect.yaml in `c:\Users\user\.gemini\antigravity-ide\scratch\mesma-website\dataconnect`
 {"metadata":{"emulator":{"name":"dataconnect"},"message":"E0615 08:35:24.657418   16108 watch.go:40] Failed to load config from \"c:\\\\Users\\\\user\\\\.gemini\\\\antigravity-ide\\\\scratch\\\\mesma-website\\\\dataconnect\": could not find dataconnect.yaml in `c:\\Users\\user\\.gemini\\antigravity-ide\\scratch\\mesma-website\\dataconnect`\n"}}
[debug] [2026-06-15T05:35:34.658Z] E0615 08:35:34.658316   16108 watch.go:40] Failed to load config from "c:\\Users\\user\\.gemini\\antigravity-ide\\scratch\\mesma-website\\dataconnect": could not find dataconnect.yaml in `c:\Users\user\.gemini\antigravity-ide\scratch\mesma-website\dataconnect`
 {"metadata":{"emulator":{"name":"dataconnect"},"message":"E0615 08:35:34.658316   16108 watch.go:40] Failed to load config from \"c:\\\\Users\\\\user\\\\.gemini\\\\antigravity-ide\\\\scratch\\\\mesma-website\\\\dataconnect\": could not find dataconnect.yaml in `c:\\Users\\user\\.gemini\\antigravity-ide\\scratch\\mesma-website\\dataconnect`\n"}}
[debug] [2026-06-15T05:35:44.657Z] E0615 08:35:44.657501   16108 watch.go:40] Failed to load config from "c:\\Users\\user\\.gemini\\antigravity-ide\\scratch\\mesma-website\\dataconnect": could not find dataconnect.yaml in `c:\Users\user\.gemini\antigravity-ide\scratch\mesma-website\dataconnect`
 {"metadata":{"emulator":{"name":"dataconnect"},"message":"E0615 08:35:44.657501   16108 watch.go:40] Failed to load config from \"c:\\\\Users\\\\user\\\\.gemini\\\\antigravity-ide\\\\scratch\\\\mesma-website\\\\dataconnect\": could not find dataconnect.yaml in `c:\\Users\\user\\.gemini\\antigravity-ide\\scratch\\mesma-website\\dataconnect`\n"}}
[debug] [2026-06-15T05:35:54.658Z] E0615 08:35:54.657849   16108 watch.go:40] Failed to load config from "c:\\Users\\user\\.gemini\\antigravity-ide\\scratch\\mesma-website\\dataconnect": could not find dataconnect.yaml in `c:\Users\user\.gemini\antigravity-ide\scratch\mesma-website\dataconnect`
 {"metadata":{"emulator":{"name":"dataconnect"},"message":"E0615 08:35:54.657849   16108 watch.go:40] Failed to load config from \"c:\\\\Users\\\\user\\\\.gemini\\\\antigravity-ide\\\\scratch\\\\mesma-website\\\\dataconnect\": could not find dataconnect.yaml in `c:\\Users\\user\\.gemini\\antigravity-ide\\scratch\\mesma-website\\dataconnect`\n"}}
[debug] [2026-06-15T05:36:04.668Z] E0615 08:36:04.666313   16108 watch.go:116] watchAllDir unable to walk dir `c:\Users\user\.gemini\antigravity-ide\scratch\mesma-website\dataconnect`: GetFileAttributesEx c:\Users\user\.gemini\antigravity-ide\scratch\mesma-website\dataconnect: The system cannot find the file specified.
 {"metadata":{"emulator":{"name":"dataconnect"},"message":"E0615 08:36:04.666313   16108 watch.go:116] watchAllDir unable to walk dir `c:\\Users\\user\\.gemini\\antigravity-ide\\scratch\\mesma-website\\dataconnect`: GetFileAttributesEx c:\\Users\\user\\.gemini\\antigravity-ide\\scratch\\mesma-website\\dataconnect: The system cannot find the file specified.\n"}}
[debug] [2026-06-15T05:36:04.669Z] E0615 08:36:04.668323   16108 watch.go:40] Failed to load config from "c:\\Users\\user\\.gemini\\antigravity-ide\\scratch\\mesma-website\\dataconnect": could not find dataconnect.yaml in `c:\Users\user\.gemini\antigravity-ide\scratch\mesma-website\dataconnect`
 {"metadata":{"emulator":{"name":"dataconnect"},"message":"E0615 08:36:04.668323   16108 watch.go:40] Failed to load config from \"c:\\\\Users\\\\user\\\\.gemini\\\\antigravity-ide\\\\scratch\\\\mesma-website\\\\dataconnect\": could not find dataconnect.yaml in `c:\\Users\\user\\.gemini\\antigravity-ide\\scratch\\mesma-website\\dataconnect`\n"}}
[debug] [2026-06-15T05:36:14.658Z] E0615 08:36:14.658374   16108 watch.go:40] Failed to load config from "c:\\Users\\user\\.gemini\\antigravity-ide\\scratch\\mesma-website\\dataconnect": could not find dataconnect.yaml in `c:\Users\user\.gemini\antigravity-ide\scratch\mesma-website\dataconnect`
 {"metadata":{"emulator":{"name":"dataconnect"},"message":"E0615 08:36:14.658374   16108 watch.go:40] Failed to load config from \"c:\\\\Users\\\\user\\\\.gemini\\\\antigravity-ide\\\\scratch\\\\mesma-website\\\\dataconnect\": could not find dataconnect.yaml in `c:\\Users\\user\\.gemini\\antigravity-ide\\scratch\\mesma-website\\dataconnect`\n"}}
[debug] [2026-06-15T05:36:24.657Z] E0615 08:36:24.657766   16108 watch.go:40] Failed to load config from "c:\\Users\\user\\.gemini\\antigravity-ide\\scratch\\mesma-website\\dataconnect": could not find dataconnect.yaml in `c:\Users\user\.gemini\antigravity-ide\scratch\mesma-website\dataconnect`
 {"metadata":{"emulator":{"name":"dataconnect"},"message":"E0615 08:36:24.657766   16108 watch.go:40] Failed to load config from \"c:\\\\Users\\\\user\\\\.gemini\\\\antigravity-ide\\\\scratch\\\\mesma-website\\\\dataconnect\": could not find dataconnect.yaml in `c:\\Users\\user\\.gemini\\antigravity-ide\\scratch\\mesma-website\\dataconnect`\n"}}
[debug] [2026-06-15T05:36:34.658Z] E0615 08:36:34.657715   16108 watch.go:40] Failed to load config from "c:\\Users\\user\\.gemini\\antigravity-ide\\scratch\\mesma-website\\dataconnect": could not find dataconnect.yaml in `c:\Users\user\.gemini\antigravity-ide\scratch\mesma-website\dataconnect`
 {"metadata":{"emulator":{"name":"dataconnect"},"message":"E0615 08:36:34.657715   16108 watch.go:40] Failed to load config from \"c:\\\\Users\\\\user\\\\.gemini\\\\antigravity-ide\\\\scratch\\\\mesma-website\\\\dataconnect\": could not find dataconnect.yaml in `c:\\Users\\user\\.gemini\\antigravity-ide\\scratch\\mesma-website\\dataconnect`\n"}}
[debug] [2026-06-15T05:36:44.658Z] E0615 08:36:44.658169   16108 watch.go:40] Failed to load config from "c:\\Users\\user\\.gemini\\antigravity-ide\\scratch\\mesma-website\\dataconnect": could not find dataconnect.yaml in `c:\Users\user\.gemini\antigravity-ide\scratch\mesma-website\dataconnect`
 {"metadata":{"emulator":{"name":"dataconnect"},"message":"E0615 08:36:44.658169   16108 watch.go:40] Failed to load config from \"c:\\\\Users\\\\user\\\\.gemini\\\\antigravity-ide\\\\scratch\\\\mesma-website\\\\dataconnect\": could not find dataconnect.yaml in `c:\\Users\\user\\.gemini\\antigravity-ide\\scratch\\mesma-website\\dataconnect`\n"}}
[debug] [2026-06-15T05:36:54.657Z] E0615 08:36:54.658019   16108 watch.go:40] Failed to load config from "c:\\Users\\user\\.gemini\\antigravity-ide\\scratch\\mesma-website\\dataconnect": could not find dataconnect.yaml in `c:\Users\user\.gemini\antigravity-ide\scratch\mesma-website\dataconnect`
 {"metadata":{"emulator":{"name":"dataconnect"},"message":"E0615 08:36:54.658019   16108 watch.go:40] Failed to load config from \"c:\\\\Users\\\\user\\\\.gemini\\\\antigravity-ide\\\\scratch\\\\mesma-website\\\\dataconnect\": could not find dataconnect.yaml in `c:\\Users\\user\\.gemini\\antigravity-ide\\scratch\\mesma-website\\dataconnect`\n"}}
[debug] [2026-06-15T05:37:04.658Z] E0615 08:37:04.657971   16108 watch.go:116] watchAllDir unable to walk dir `c:\Users\user\.gemini\antigravity-ide\scratch\mesma-website\dataconnect`: GetFileAttributesEx c:\Users\user\.gemini\antigravity-ide\scratch\mesma-website\dataconnect: The system cannot find the file specified.
E0615 08:37:04.658591   16108 watch.go:40] Failed to load config from "c:\\Users\\user\\.gemini\\antigravity-ide\\scratch\\mesma-website\\dataconnect": could not find dataconnect.yaml in `c:\Users\user\.gemini\antigravity-ide\scratch\mesma-website\dataconnect`
 {"metadata":{"emulator":{"name":"dataconnect"},"message":"E0615 08:37:04.657971   16108 watch.go:116] watchAllDir unable to walk dir `c:\\Users\\user\\.gemini\\antigravity-ide\\scratch\\mesma-website\\dataconnect`: GetFileAttributesEx c:\\Users\\user\\.gemini\\antigravity-ide\\scratch\\mesma-website\\dataconnect: The system cannot find the file specified.\nE0615 08:37:04.658591   16108 watch.go:40] Failed to load config from \"c:\\\\Users\\\\user\\\\.gemini\\\\antigravity-ide\\\\scratch\\\\mesma-website\\\\dataconnect\": could not find dataconnect.yaml in `c:\\Users\\user\\.gemini\\antigravity-ide\\scratch\\mesma-website\\dataconnect`\n"}}
[debug] [2026-06-15T05:37:14.658Z] E0615 08:37:14.657597   16108 watch.go:40] Failed to load config from "c:\\Users\\user\\.gemini\\antigravity-ide\\scratch\\mesma-website\\dataconnect": could not find dataconnect.yaml in `c:\Users\user\.gemini\antigravity-ide\scratch\mesma-website\dataconnect`
 {"metadata":{"emulator":{"name":"dataconnect"},"message":"E0615 08:37:14.657597   16108 watch.go:40] Failed to load config from \"c:\\\\Users\\\\user\\\\.gemini\\\\antigravity-ide\\\\scratch\\\\mesma-website\\\\dataconnect\": could not find dataconnect.yaml in `c:\\Users\\user\\.gemini\\antigravity-ide\\scratch\\mesma-website\\dataconnect`\n"}}
[debug] [2026-06-15T05:37:24.657Z] E0615 08:37:24.657486   16108 watch.go:40] Failed to load config from "c:\\Users\\user\\.gemini\\antigravity-ide\\scratch\\mesma-website\\dataconnect": could not find dataconnect.yaml in `c:\Users\user\.gemini\antigravity-ide\scratch\mesma-website\dataconnect`
 {"metadata":{"emulator":{"name":"dataconnect"},"message":"E0615 08:37:24.657486   16108 watch.go:40] Failed to load config from \"c:\\\\Users\\\\user\\\\.gemini\\\\antigravity-ide\\\\scratch\\\\mesma-website\\\\dataconnect\": could not find dataconnect.yaml in `c:\\Users\\user\\.gemini\\antigravity-ide\\scratch\\mesma-website\\dataconnect`\n"}}
[debug] [2026-06-15T05:37:34.660Z] E0615 08:37:34.660841   16108 watch.go:40] Failed to load config from "c:\\Users\\user\\.gemini\\antigravity-ide\\scratch\\mesma-website\\dataconnect": could not find dataconnect.yaml in `c:\Users\user\.gemini\antigravity-ide\scratch\mesma-website\dataconnect`
 {"metadata":{"emulator":{"name":"dataconnect"},"message":"E0615 08:37:34.660841   16108 watch.go:40] Failed to load config from \"c:\\\\Users\\\\user\\\\.gemini\\\\antigravity-ide\\\\scratch\\\\mesma-website\\\\dataconnect\": could not find dataconnect.yaml in `c:\\Users\\user\\.gemini\\antigravity-ide\\scratch\\mesma-website\\dataconnect`\n"}}
[debug] [2026-06-15T05:37:44.658Z] E0615 08:37:44.658549   16108 watch.go:40] Failed to load config from "c:\\Users\\user\\.gemini\\antigravity-ide\\scratch\\mesma-website\\dataconnect": could not find dataconnect.yaml in `c:\Users\user\.gemini\antigravity-ide\scratch\mesma-website\dataconnect`
 {"metadata":{"emulator":{"name":"dataconnect"},"message":"E0615 08:37:44.658549   16108 watch.go:40] Failed to load config from \"c:\\\\Users\\\\user\\\\.gemini\\\\antigravity-ide\\\\scratch\\\\mesma-website\\\\dataconnect\": could not find dataconnect.yaml in `c:\\Users\\user\\.gemini\\antigravity-ide\\scratch\\mesma-website\\dataconnect`\n"}}
[debug] [2026-06-15T05:37:54.658Z] E0615 08:37:54.657777   16108 watch.go:40] Failed to load config from "c:\\Users\\user\\.gemini\\antigravity-ide\\scratch\\mesma-website\\dataconnect": could not find dataconnect.yaml in `c:\Users\user\.gemini\antigravity-ide\scratch\mesma-website\dataconnect`
 {"metadata":{"emulator":{"name":"dataconnect"},"message":"E0615 08:37:54.657777   16108 watch.go:40] Failed to load config from \"c:\\\\Users\\\\user\\\\.gemini\\\\antigravity-ide\\\\scratch\\\\mesma-website\\\\dataconnect\": could not find dataconnect.yaml in `c:\\Users\\user\\.gemini\\antigravity-ide\\scratch\\mesma-website\\dataconnect`\n"}}
[debug] [2026-06-15T05:38:04.657Z] E0615 08:38:04.657759   16108 watch.go:116] watchAllDir unable to walk dir `c:\Users\user\.gemini\antigravity-ide\scratch\mesma-website\dataconnect`: GetFileAttributesEx c:\Users\user\.gemini\antigravity-ide\scratch\mesma-website\dataconnect: The system cannot find the file specified.
E0615 08:38:04.658093   16108 watch.go:40] Failed to load config from "c:\\Users\\user\\.gemini\\antigravity-ide\\scratch\\mesma-website\\dataconnect": could not find dataconnect.yaml in `c:\Users\user\.gemini\antigravity-ide\scratch\mesma-website\dataconnect`
 {"metadata":{"emulator":{"name":"dataconnect"},"message":"E0615 08:38:04.657759   16108 watch.go:116] watchAllDir unable to walk dir `c:\\Users\\user\\.gemini\\antigravity-ide\\scratch\\mesma-website\\dataconnect`: GetFileAttributesEx c:\\Users\\user\\.gemini\\antigravity-ide\\scratch\\mesma-website\\dataconnect: The system cannot find the file specified.\nE0615 08:38:04.658093   16108 watch.go:40] Failed to load config from \"c:\\\\Users\\\\user\\\\.gemini\\\\antigravity-ide\\\\scratch\\\\mesma-website\\\\dataconnect\": could not find dataconnect.yaml in `c:\\Users\\user\\.gemini\\antigravity-ide\\scratch\\mesma-website\\dataconnect`\n"}}
[debug] [2026-06-15T05:38:14.657Z] E0615 08:38:14.657482   16108 watch.go:40] Failed to load config from "c:\\Users\\user\\.gemini\\antigravity-ide\\scratch\\mesma-website\\dataconnect": could not find dataconnect.yaml in `c:\Users\user\.gemini\antigravity-ide\scratch\mesma-website\dataconnect`
 {"metadata":{"emulator":{"name":"dataconnect"},"message":"E0615 08:38:14.657482   16108 watch.go:40] Failed to load config from \"c:\\\\Users\\\\user\\\\.gemini\\\\antigravity-ide\\\\scratch\\\\mesma-website\\\\dataconnect\": could not find dataconnect.yaml in `c:\\Users\\user\\.gemini\\antigravity-ide\\scratch\\mesma-website\\dataconnect`\n"}}
[debug] [2026-06-15T05:38:24.657Z] E0615 08:38:24.657677   16108 watch.go:40] Failed to load config from "c:\\Users\\user\\.gemini\\antigravity-ide\\scratch\\mesma-website\\dataconnect": could not find dataconnect.yaml in `c:\Users\user\.gemini\antigravity-ide\scratch\mesma-website\dataconnect`
 {"metadata":{"emulator":{"name":"dataconnect"},"message":"E0615 08:38:24.657677   16108 watch.go:40] Failed to load config from \"c:\\\\Users\\\\user\\\\.gemini\\\\antigravity-ide\\\\scratch\\\\mesma-website\\\\dataconnect\": could not find dataconnect.yaml in `c:\\Users\\user\\.gemini\\antigravity-ide\\scratch\\mesma-website\\dataconnect`\n"}}
[debug] [2026-06-15T05:38:34.658Z] E0615 08:38:34.658266   16108 watch.go:40] Failed to load config from "c:\\Users\\user\\.gemini\\antigravity-ide\\scratch\\mesma-website\\dataconnect": could not find dataconnect.yaml in `c:\Users\user\.gemini\antigravity-ide\scratch\mesma-website\dataconnect`
 {"metadata":{"emulator":{"name":"dataconnect"},"message":"E0615 08:38:34.658266   16108 watch.go:40] Failed to load config from \"c:\\\\Users\\\\user\\\\.gemini\\\\antigravity-ide\\\\scratch\\\\mesma-website\\\\dataconnect\": could not find dataconnect.yaml in `c:\\Users\\user\\.gemini\\antigravity-ide\\scratch\\mesma-website\\dataconnect`\n"}}
[debug] [2026-06-15T05:38:44.658Z] E0615 08:38:44.657692   16108 watch.go:40] Failed to load config from "c:\\Users\\user\\.gemini\\antigravity-ide\\scratch\\mesma-website\\dataconnect": could not find dataconnect.yaml in `c:\Users\user\.gemini\antigravity-ide\scratch\mesma-website\dataconnect`
 {"metadata":{"emulator":{"name":"dataconnect"},"message":"E0615 08:38:44.657692   16108 watch.go:40] Failed to load config from \"c:\\\\Users\\\\user\\\\.gemini\\\\antigravity-ide\\\\scratch\\\\mesma-website\\\\dataconnect\": could not find dataconnect.yaml in `c:\\Users\\user\\.gemini\\antigravity-ide\\scratch\\mesma-website\\dataconnect`\n"}}
[debug] [2026-06-15T05:38:54.657Z] E0615 08:38:54.657712   16108 watch.go:40] Failed to load config from "c:\\Users\\user\\.gemini\\antigravity-ide\\scratch\\mesma-website\\dataconnect": could not find dataconnect.yaml in `c:\Users\user\.gemini\antigravity-ide\scratch\mesma-website\dataconnect`
 {"metadata":{"emulator":{"name":"dataconnect"},"message":"E0615 08:38:54.657712   16108 watch.go:40] Failed to load config from \"c:\\\\Users\\\\user\\\\.gemini\\\\antigravity-ide\\\\scratch\\\\mesma-website\\\\dataconnect\": could not find dataconnect.yaml in `c:\\Users\\user\\.gemini\\antigravity-ide\\scratch\\mesma-website\\dataconnect`\n"}}
[debug] [2026-06-15T05:39:04.657Z] E0615 08:39:04.657417   16108 watch.go:116] watchAllDir unable to walk dir `c:\Users\user\.gemini\antigravity-ide\scratch\mesma-website\dataconnect`: GetFileAttributesEx c:\Users\user\.gemini\antigravity-ide\scratch\mesma-website\dataconnect: The system cannot find the file specified.
 {"metadata":{"emulator":{"name":"dataconnect"},"message":"E0615 08:39:04.657417   16108 watch.go:116] watchAllDir unable to walk dir `c:\\Users\\user\\.gemini\\antigravity-ide\\scratch\\mesma-website\\dataconnect`: GetFileAttributesEx c:\\Users\\user\\.gemini\\antigravity-ide\\scratch\\mesma-website\\dataconnect: The system cannot find the file specified.\n"}}
[debug] [2026-06-15T05:39:04.657Z] E0615 08:39:04.657417   16108 watch.go:40] Failed to load config from "c:\\Users\\user\\.gemini\\antigravity-ide\\scratch\\mesma-website\\dataconnect": could not find dataconnect.yaml in `c:\Users\user\.gemini\antigravity-ide\scratch\mesma-website\dataconnect`
 {"metadata":{"emulator":{"name":"dataconnect"},"message":"E0615 08:39:04.657417   16108 watch.go:40] Failed to load config from \"c:\\\\Users\\\\user\\\\.gemini\\\\antigravity-ide\\\\scratch\\\\mesma-website\\\\dataconnect\": could not find dataconnect.yaml in `c:\\Users\\user\\.gemini\\antigravity-ide\\scratch\\mesma-website\\dataconnect`\n"}}
[debug] [2026-06-15T05:39:14.657Z] E0615 08:39:14.657826   16108 watch.go:40] Failed to load config from "c:\\Users\\user\\.gemini\\antigravity-ide\\scratch\\mesma-website\\dataconnect": could not find dataconnect.yaml in `c:\Users\user\.gemini\antigravity-ide\scratch\mesma-website\dataconnect`
 {"metadata":{"emulator":{"name":"dataconnect"},"message":"E0615 08:39:14.657826   16108 watch.go:40] Failed to load config from \"c:\\\\Users\\\\user\\\\.gemini\\\\antigravity-ide\\\\scratch\\\\mesma-website\\\\dataconnect\": could not find dataconnect.yaml in `c:\\Users\\user\\.gemini\\antigravity-ide\\scratch\\mesma-website\\dataconnect`\n"}}
[debug] [2026-06-15T05:39:24.657Z] E0615 08:39:24.657772   16108 watch.go:40] Failed to load config from "c:\\Users\\user\\.gemini\\antigravity-ide\\scratch\\mesma-website\\dataconnect": could not find dataconnect.yaml in `c:\Users\user\.gemini\antigravity-ide\scratch\mesma-website\dataconnect`
 {"metadata":{"emulator":{"name":"dataconnect"},"message":"E0615 08:39:24.657772   16108 watch.go:40] Failed to load config from \"c:\\\\Users\\\\user\\\\.gemini\\\\antigravity-ide\\\\scratch\\\\mesma-website\\\\dataconnect\": could not find dataconnect.yaml in `c:\\Users\\user\\.gemini\\antigravity-ide\\scratch\\mesma-website\\dataconnect`\n"}}
[debug] [2026-06-15T05:39:34.657Z] E0615 08:39:34.657390   16108 watch.go:40] Failed to load config from "c:\\Users\\user\\.gemini\\antigravity-ide\\scratch\\mesma-website\\dataconnect": could not find dataconnect.yaml in `c:\Users\user\.gemini\antigravity-ide\scratch\mesma-website\dataconnect`
 {"metadata":{"emulator":{"name":"dataconnect"},"message":"E0615 08:39:34.657390   16108 watch.go:40] Failed to load config from \"c:\\\\Users\\\\user\\\\.gemini\\\\antigravity-ide\\\\scratch\\\\mesma-website\\\\dataconnect\": could not find dataconnect.yaml in `c:\\Users\\user\\.gemini\\antigravity-ide\\scratch\\mesma-website\\dataconnect`\n"}}
[debug] [2026-06-15T05:39:44.659Z] E0615 08:39:44.659284   16108 watch.go:40] Failed to load config from "c:\\Users\\user\\.gemini\\antigravity-ide\\scratch\\mesma-website\\dataconnect": could not find dataconnect.yaml in `c:\Users\user\.gemini\antigravity-ide\scratch\mesma-website\dataconnect`
 {"metadata":{"emulator":{"name":"dataconnect"},"message":"E0615 08:39:44.659284   16108 watch.go:40] Failed to load config from \"c:\\\\Users\\\\user\\\\.gemini\\\\antigravity-ide\\\\scratch\\\\mesma-website\\\\dataconnect\": could not find dataconnect.yaml in `c:\\Users\\user\\.gemini\\antigravity-ide\\scratch\\mesma-website\\dataconnect`\n"}}
[debug] [2026-06-15T05:39:54.658Z] E0615 08:39:54.657948   16108 watch.go:40] Failed to load config from "c:\\Users\\user\\.gemini\\antigravity-ide\\scratch\\mesma-website\\dataconnect": could not find dataconnect.yaml in `c:\Users\user\.gemini\antigravity-ide\scratch\mesma-website\dataconnect`
 {"metadata":{"emulator":{"name":"dataconnect"},"message":"E0615 08:39:54.657948   16108 watch.go:40] Failed to load config from \"c:\\\\Users\\\\user\\\\.gemini\\\\antigravity-ide\\\\scratch\\\\mesma-website\\\\dataconnect\": could not find dataconnect.yaml in `c:\\Users\\user\\.gemini\\antigravity-ide\\scratch\\mesma-website\\dataconnect`\n"}}
[debug] [2026-06-15T05:40:04.657Z] E0615 08:40:04.657535   16108 watch.go:116] watchAllDir unable to walk dir `c:\Users\user\.gemini\antigravity-ide\scratch\mesma-website\dataconnect`: GetFileAttributesEx c:\Users\user\.gemini\antigravity-ide\scratch\mesma-website\dataconnect: The system cannot find the file specified.
E0615 08:40:04.657535   16108 watch.go:40] Failed to load config from "c:\\Users\\user\\.gemini\\antigravity-ide\\scratch\\mesma-website\\dataconnect": could not find dataconnect.yaml in `c:\Users\user\.gemini\antigravity-ide\scratch\mesma-website\dataconnect`
 {"metadata":{"emulator":{"name":"dataconnect"},"message":"E0615 08:40:04.657535   16108 watch.go:116] watchAllDir unable to walk dir `c:\\Users\\user\\.gemini\\antigravity-ide\\scratch\\mesma-website\\dataconnect`: GetFileAttributesEx c:\\Users\\user\\.gemini\\antigravity-ide\\scratch\\mesma-website\\dataconnect: The system cannot find the file specified.\nE0615 08:40:04.657535   16108 watch.go:40] Failed to load config from \"c:\\\\Users\\\\user\\\\.gemini\\\\antigravity-ide\\\\scratch\\\\mesma-website\\\\dataconnect\": could not find dataconnect.yaml in `c:\\Users\\user\\.gemini\\antigravity-ide\\scratch\\mesma-website\\dataconnect`\n"}}
[debug] [2026-06-15T05:40:14.657Z] E0615 08:40:14.657564   16108 watch.go:40] Failed to load config from "c:\\Users\\user\\.gemini\\antigravity-ide\\scratch\\mesma-website\\dataconnect": could not find dataconnect.yaml in `c:\Users\user\.gemini\antigravity-ide\scratch\mesma-website\dataconnect`
 {"metadata":{"emulator":{"name":"dataconnect"},"message":"E0615 08:40:14.657564   16108 watch.go:40] Failed to load config from \"c:\\\\Users\\\\user\\\\.gemini\\\\antigravity-ide\\\\scratch\\\\mesma-website\\\\dataconnect\": could not find dataconnect.yaml in `c:\\Users\\user\\.gemini\\antigravity-ide\\scratch\\mesma-website\\dataconnect`\n"}}
[debug] [2026-06-15T05:40:24.657Z] E0615 08:40:24.657533   16108 watch.go:40] Failed to load config from "c:\\Users\\user\\.gemini\\antigravity-ide\\scratch\\mesma-website\\dataconnect": could not find dataconnect.yaml in `c:\Users\user\.gemini\antigravity-ide\scratch\mesma-website\dataconnect`
 {"metadata":{"emulator":{"name":"dataconnect"},"message":"E0615 08:40:24.657533   16108 watch.go:40] Failed to load config from \"c:\\\\Users\\\\user\\\\.gemini\\\\antigravity-ide\\\\scratch\\\\mesma-website\\\\dataconnect\": could not find dataconnect.yaml in `c:\\Users\\user\\.gemini\\antigravity-ide\\scratch\\mesma-website\\dataconnect`\n"}}
[debug] [2026-06-15T05:40:34.659Z] E0615 08:40:34.658808   16108 watch.go:40] Failed to load config from "c:\\Users\\user\\.gemini\\antigravity-ide\\scratch\\mesma-website\\dataconnect": could not find dataconnect.yaml in `c:\Users\user\.gemini\antigravity-ide\scratch\mesma-website\dataconnect`
 {"metadata":{"emulator":{"name":"dataconnect"},"message":"E0615 08:40:34.658808   16108 watch.go:40] Failed to load config from \"c:\\\\Users\\\\user\\\\.gemini\\\\antigravity-ide\\\\scratch\\\\mesma-website\\\\dataconnect\": could not find dataconnect.yaml in `c:\\Users\\user\\.gemini\\antigravity-ide\\scratch\\mesma-website\\dataconnect`\n"}}
[debug] [2026-06-15T05:40:44.657Z] E0615 08:40:44.657613   16108 watch.go:40] Failed to load config from "c:\\Users\\user\\.gemini\\antigravity-ide\\scratch\\mesma-website\\dataconnect": could not find dataconnect.yaml in `c:\Users\user\.gemini\antigravity-ide\scratch\mesma-website\dataconnect`
 {"metadata":{"emulator":{"name":"dataconnect"},"message":"E0615 08:40:44.657613   16108 watch.go:40] Failed to load config from \"c:\\\\Users\\\\user\\\\.gemini\\\\antigravity-ide\\\\scratch\\\\mesma-website\\\\dataconnect\": could not find dataconnect.yaml in `c:\\Users\\user\\.gemini\\antigravity-ide\\scratch\\mesma-website\\dataconnect`\n"}}
[debug] [2026-06-15T05:40:54.658Z] E0615 08:40:54.657414   16108 watch.go:40] Failed to load config from "c:\\Users\\user\\.gemini\\antigravity-ide\\scratch\\mesma-website\\dataconnect": could not find dataconnect.yaml in `c:\Users\user\.gemini\antigravity-ide\scratch\mesma-website\dataconnect`
 {"metadata":{"emulator":{"name":"dataconnect"},"message":"E0615 08:40:54.657414   16108 watch.go:40] Failed to load config from \"c:\\\\Users\\\\user\\\\.gemini\\\\antigravity-ide\\\\scratch\\\\mesma-website\\\\dataconnect\": could not find dataconnect.yaml in `c:\\Users\\user\\.gemini\\antigravity-ide\\scratch\\mesma-website\\dataconnect`\n"}}
[debug] [2026-06-15T05:41:04.657Z] E0615 08:41:04.657393   16108 watch.go:116] watchAllDir unable to walk dir `c:\Users\user\.gemini\antigravity-ide\scratch\mesma-website\dataconnect`: GetFileAttributesEx c:\Users\user\.gemini\antigravity-ide\scratch\mesma-website\dataconnect: The system cannot find the file specified.
 {"metadata":{"emulator":{"name":"dataconnect"},"message":"E0615 08:41:04.657393   16108 watch.go:116] watchAllDir unable to walk dir `c:\\Users\\user\\.gemini\\antigravity-ide\\scratch\\mesma-website\\dataconnect`: GetFileAttributesEx c:\\Users\\user\\.gemini\\antigravity-ide\\scratch\\mesma-website\\dataconnect: The system cannot find the file specified.\n"}}
[debug] [2026-06-15T05:41:04.658Z] E0615 08:41:04.657393   16108 watch.go:40] Failed to load config from "c:\\Users\\user\\.gemini\\antigravity-ide\\scratch\\mesma-website\\dataconnect": could not find dataconnect.yaml in `c:\Users\user\.gemini\antigravity-ide\scratch\mesma-website\dataconnect`
 {"metadata":{"emulator":{"name":"dataconnect"},"message":"E0615 08:41:04.657393   16108 watch.go:40] Failed to load config from \"c:\\\\Users\\\\user\\\\.gemini\\\\antigravity-ide\\\\scratch\\\\mesma-website\\\\dataconnect\": could not find dataconnect.yaml in `c:\\Users\\user\\.gemini\\antigravity-ide\\scratch\\mesma-website\\dataconnect`\n"}}
[debug] [2026-06-15T05:41:14.658Z] E0615 08:41:14.658153   16108 watch.go:40] Failed to load config from "c:\\Users\\user\\.gemini\\antigravity-ide\\scratch\\mesma-website\\dataconnect": could not find dataconnect.yaml in `c:\Users\user\.gemini\antigravity-ide\scratch\mesma-website\dataconnect`
 {"metadata":{"emulator":{"name":"dataconnect"},"message":"E0615 08:41:14.658153   16108 watch.go:40] Failed to load config from \"c:\\\\Users\\\\user\\\\.gemini\\\\antigravity-ide\\\\scratch\\\\mesma-website\\\\dataconnect\": could not find dataconnect.yaml in `c:\\Users\\user\\.gemini\\antigravity-ide\\scratch\\mesma-website\\dataconnect`\n"}}
[debug] [2026-06-15T05:41:24.658Z] E0615 08:41:24.657740   16108 watch.go:40] Failed to load config from "c:\\Users\\user\\.gemini\\antigravity-ide\\scratch\\mesma-website\\dataconnect": could not find dataconnect.yaml in `c:\Users\user\.gemini\antigravity-ide\scratch\mesma-website\dataconnect`
 {"metadata":{"emulator":{"name":"dataconnect"},"message":"E0615 08:41:24.657740   16108 watch.go:40] Failed to load config from \"c:\\\\Users\\\\user\\\\.gemini\\\\antigravity-ide\\\\scratch\\\\mesma-website\\\\dataconnect\": could not find dataconnect.yaml in `c:\\Users\\user\\.gemini\\antigravity-ide\\scratch\\mesma-website\\dataconnect`\n"}}
[debug] [2026-06-15T05:41:34.658Z] E0615 08:41:34.658615   16108 watch.go:40] Failed to load config from "c:\\Users\\user\\.gemini\\antigravity-ide\\scratch\\mesma-website\\dataconnect": could not find dataconnect.yaml in `c:\Users\user\.gemini\antigravity-ide\scratch\mesma-website\dataconnect`
 {"metadata":{"emulator":{"name":"dataconnect"},"message":"E0615 08:41:34.658615   16108 watch.go:40] Failed to load config from \"c:\\\\Users\\\\user\\\\.gemini\\\\antigravity-ide\\\\scratch\\\\mesma-website\\\\dataconnect\": could not find dataconnect.yaml in `c:\\Users\\user\\.gemini\\antigravity-ide\\scratch\\mesma-website\\dataconnect`\n"}}
[debug] [2026-06-15T05:41:44.657Z] E0615 08:41:44.657391   16108 watch.go:40] Failed to load config from "c:\\Users\\user\\.gemini\\antigravity-ide\\scratch\\mesma-website\\dataconnect": could not find dataconnect.yaml in `c:\Users\user\.gemini\antigravity-ide\scratch\mesma-website\dataconnect`
 {"metadata":{"emulator":{"name":"dataconnect"},"message":"E0615 08:41:44.657391   16108 watch.go:40] Failed to load config from \"c:\\\\Users\\\\user\\\\.gemini\\\\antigravity-ide\\\\scratch\\\\mesma-website\\\\dataconnect\": could not find dataconnect.yaml in `c:\\Users\\user\\.gemini\\antigravity-ide\\scratch\\mesma-website\\dataconnect`\n"}}
[debug] [2026-06-15T05:41:54.655Z] E0615 08:41:54.658028   16108 watch.go:40] Failed to load config from "c:\\Users\\user\\.gemini\\antigravity-ide\\scratch\\mesma-website\\dataconnect": could not find dataconnect.yaml in `c:\Users\user\.gemini\antigravity-ide\scratch\mesma-website\dataconnect`
 {"metadata":{"emulator":{"name":"dataconnect"},"message":"E0615 08:41:54.658028   16108 watch.go:40] Failed to load config from \"c:\\\\Users\\\\user\\\\.gemini\\\\antigravity-ide\\\\scratch\\\\mesma-website\\\\dataconnect\": could not find dataconnect.yaml in `c:\\Users\\user\\.gemini\\antigravity-ide\\scratch\\mesma-website\\dataconnect`\n"}}
[debug] [2026-06-15T05:42:04.654Z] E0615 08:42:04.657546   16108 watch.go:116] watchAllDir unable to walk dir `c:\Users\user\.gemini\antigravity-ide\scratch\mesma-website\dataconnect`: GetFileAttributesEx c:\Users\user\.gemini\antigravity-ide\scratch\mesma-website\dataconnect: The system cannot find the file specified.
 {"metadata":{"emulator":{"name":"dataconnect"},"message":"E0615 08:42:04.657546   16108 watch.go:116] watchAllDir unable to walk dir `c:\\Users\\user\\.gemini\\antigravity-ide\\scratch\\mesma-website\\dataconnect`: GetFileAttributesEx c:\\Users\\user\\.gemini\\antigravity-ide\\scratch\\mesma-website\\dataconnect: The system cannot find the file specified.\n"}}
[debug] [2026-06-15T05:42:04.655Z] E0615 08:42:04.658176   16108 watch.go:40] Failed to load config from "c:\\Users\\user\\.gemini\\antigravity-ide\\scratch\\mesma-website\\dataconnect": could not find dataconnect.yaml in `c:\Users\user\.gemini\antigravity-ide\scratch\mesma-website\dataconnect`
 {"metadata":{"emulator":{"name":"dataconnect"},"message":"E0615 08:42:04.658176   16108 watch.go:40] Failed to load config from \"c:\\\\Users\\\\user\\\\.gemini\\\\antigravity-ide\\\\scratch\\\\mesma-website\\\\dataconnect\": could not find dataconnect.yaml in `c:\\Users\\user\\.gemini\\antigravity-ide\\scratch\\mesma-website\\dataconnect`\n"}}
[debug] [2026-06-15T05:42:14.655Z] E0615 08:42:14.657430   16108 watch.go:40] Failed to load config from "c:\\Users\\user\\.gemini\\antigravity-ide\\scratch\\mesma-website\\dataconnect": could not find dataconnect.yaml in `c:\Users\user\.gemini\antigravity-ide\scratch\mesma-website\dataconnect`
 {"metadata":{"emulator":{"name":"dataconnect"},"message":"E0615 08:42:14.657430   16108 watch.go:40] Failed to load config from \"c:\\\\Users\\\\user\\\\.gemini\\\\antigravity-ide\\\\scratch\\\\mesma-website\\\\dataconnect\": could not find dataconnect.yaml in `c:\\Users\\user\\.gemini\\antigravity-ide\\scratch\\mesma-website\\dataconnect`\n"}}
[debug] [2026-06-15T05:42:24.655Z] E0615 08:42:24.658038   16108 watch.go:40] Failed to load config from "c:\\Users\\user\\.gemini\\antigravity-ide\\scratch\\mesma-website\\dataconnect": could not find dataconnect.yaml in `c:\Users\user\.gemini\antigravity-ide\scratch\mesma-website\dataconnect`
 {"metadata":{"emulator":{"name":"dataconnect"},"message":"E0615 08:42:24.658038   16108 watch.go:40] Failed to load config from \"c:\\\\Users\\\\user\\\\.gemini\\\\antigravity-ide\\\\scratch\\\\mesma-website\\\\dataconnect\": could not find dataconnect.yaml in `c:\\Users\\user\\.gemini\\antigravity-ide\\scratch\\mesma-website\\dataconnect`\n"}}
[debug] [2026-06-15T05:42:34.655Z] E0615 08:42:34.657996   16108 watch.go:40] Failed to load config from "c:\\Users\\user\\.gemini\\antigravity-ide\\scratch\\mesma-website\\dataconnect": could not find dataconnect.yaml in `c:\Users\user\.gemini\antigravity-ide\scratch\mesma-website\dataconnect`
 {"metadata":{"emulator":{"name":"dataconnect"},"message":"E0615 08:42:34.657996   16108 watch.go:40] Failed to load config from \"c:\\\\Users\\\\user\\\\.gemini\\\\antigravity-ide\\\\scratch\\\\mesma-website\\\\dataconnect\": could not find dataconnect.yaml in `c:\\Users\\user\\.gemini\\antigravity-ide\\scratch\\mesma-website\\dataconnect`\n"}}
[debug] [2026-06-15T05:42:44.655Z] E0615 08:42:44.657813   16108 watch.go:40] Failed to load config from "c:\\Users\\user\\.gemini\\antigravity-ide\\scratch\\mesma-website\\dataconnect": could not find dataconnect.yaml in `c:\Users\user\.gemini\antigravity-ide\scratch\mesma-website\dataconnect`
 {"metadata":{"emulator":{"name":"dataconnect"},"message":"E0615 08:42:44.657813   16108 watch.go:40] Failed to load config from \"c:\\\\Users\\\\user\\\\.gemini\\\\antigravity-ide\\\\scratch\\\\mesma-website\\\\dataconnect\": could not find dataconnect.yaml in `c:\\Users\\user\\.gemini\\antigravity-ide\\scratch\\mesma-website\\dataconnect`\n"}}
[debug] [2026-06-15T05:42:54.657Z] E0615 08:42:54.657765   16108 watch.go:40] Failed to load config from "c:\\Users\\user\\.gemini\\antigravity-ide\\scratch\\mesma-website\\dataconnect": could not find dataconnect.yaml in `c:\Users\user\.gemini\antigravity-ide\scratch\mesma-website\dataconnect`
 {"metadata":{"emulator":{"name":"dataconnect"},"message":"E0615 08:42:54.657765   16108 watch.go:40] Failed to load config from \"c:\\\\Users\\\\user\\\\.gemini\\\\antigravity-ide\\\\scratch\\\\mesma-website\\\\dataconnect\": could not find dataconnect.yaml in `c:\\Users\\user\\.gemini\\antigravity-ide\\scratch\\mesma-website\\dataconnect`\n"}}
[debug] [2026-06-15T05:43:04.657Z] E0615 08:43:04.657314   16108 watch.go:116] watchAllDir unable to walk dir `c:\Users\user\.gemini\antigravity-ide\scratch\mesma-website\dataconnect`: GetFileAttributesEx c:\Users\user\.gemini\antigravity-ide\scratch\mesma-website\dataconnect: The system cannot find the file specified.
E0615 08:43:04.657314   16108 watch.go:40] Failed to load config from "c:\\Users\\user\\.gemini\\antigravity-ide\\scratch\\mesma-website\\dataconnect": could not find dataconnect.yaml in `c:\Users\user\.gemini\antigravity-ide\scratch\mesma-website\dataconnect`
 {"metadata":{"emulator":{"name":"dataconnect"},"message":"E0615 08:43:04.657314   16108 watch.go:116] watchAllDir unable to walk dir `c:\\Users\\user\\.gemini\\antigravity-ide\\scratch\\mesma-website\\dataconnect`: GetFileAttributesEx c:\\Users\\user\\.gemini\\antigravity-ide\\scratch\\mesma-website\\dataconnect: The system cannot find the file specified.\nE0615 08:43:04.657314   16108 watch.go:40] Failed to load config from \"c:\\\\Users\\\\user\\\\.gemini\\\\antigravity-ide\\\\scratch\\\\mesma-website\\\\dataconnect\": could not find dataconnect.yaml in `c:\\Users\\user\\.gemini\\antigravity-ide\\scratch\\mesma-website\\dataconnect`\n"}}
[debug] [2026-06-15T05:43:14.658Z] E0615 08:43:14.658184   16108 watch.go:40] Failed to load config from "c:\\Users\\user\\.gemini\\antigravity-ide\\scratch\\mesma-website\\dataconnect": could not find dataconnect.yaml in `c:\Users\user\.gemini\antigravity-ide\scratch\mesma-website\dataconnect`
 {"metadata":{"emulator":{"name":"dataconnect"},"message":"E0615 08:43:14.658184   16108 watch.go:40] Failed to load config from \"c:\\\\Users\\\\user\\\\.gemini\\\\antigravity-ide\\\\scratch\\\\mesma-website\\\\dataconnect\": could not find dataconnect.yaml in `c:\\Users\\user\\.gemini\\antigravity-ide\\scratch\\mesma-website\\dataconnect`\n"}}
[debug] [2026-06-15T05:43:24.658Z] E0615 08:43:24.658406   16108 watch.go:40] Failed to load config from "c:\\Users\\user\\.gemini\\antigravity-ide\\scratch\\mesma-website\\dataconnect": could not find dataconnect.yaml in `c:\Users\user\.gemini\antigravity-ide\scratch\mesma-website\dataconnect`
 {"metadata":{"emulator":{"name":"dataconnect"},"message":"E0615 08:43:24.658406   16108 watch.go:40] Failed to load config from \"c:\\\\Users\\\\user\\\\.gemini\\\\antigravity-ide\\\\scratch\\\\mesma-website\\\\dataconnect\": could not find dataconnect.yaml in `c:\\Users\\user\\.gemini\\antigravity-ide\\scratch\\mesma-website\\dataconnect`\n"}}
[debug] [2026-06-15T05:43:34.657Z] E0615 08:43:34.657944   16108 watch.go:40] Failed to load config from "c:\\Users\\user\\.gemini\\antigravity-ide\\scratch\\mesma-website\\dataconnect": could not find dataconnect.yaml in `c:\Users\user\.gemini\antigravity-ide\scratch\mesma-website\dataconnect`
 {"metadata":{"emulator":{"name":"dataconnect"},"message":"E0615 08:43:34.657944   16108 watch.go:40] Failed to load config from \"c:\\\\Users\\\\user\\\\.gemini\\\\antigravity-ide\\\\scratch\\\\mesma-website\\\\dataconnect\": could not find dataconnect.yaml in `c:\\Users\\user\\.gemini\\antigravity-ide\\scratch\\mesma-website\\dataconnect`\n"}}
[debug] [2026-06-15T05:43:44.657Z] E0615 08:43:44.657385   16108 watch.go:40] Failed to load config from "c:\\Users\\user\\.gemini\\antigravity-ide\\scratch\\mesma-website\\dataconnect": could not find dataconnect.yaml in `c:\Users\user\.gemini\antigravity-ide\scratch\mesma-website\dataconnect`
 {"metadata":{"emulator":{"name":"dataconnect"},"message":"E0615 08:43:44.657385   16108 watch.go:40] Failed to load config from \"c:\\\\Users\\\\user\\\\.gemini\\\\antigravity-ide\\\\scratch\\\\mesma-website\\\\dataconnect\": could not find dataconnect.yaml in `c:\\Users\\user\\.gemini\\antigravity-ide\\scratch\\mesma-website\\dataconnect`\n"}}
[debug] [2026-06-15T05:43:54.661Z] E0615 08:43:54.661668   16108 watch.go:40] Failed to load config from "c:\\Users\\user\\.gemini\\antigravity-ide\\scratch\\mesma-website\\dataconnect": could not find dataconnect.yaml in `c:\Users\user\.gemini\antigravity-ide\scratch\mesma-website\dataconnect`
 {"metadata":{"emulator":{"name":"dataconnect"},"message":"E0615 08:43:54.661668   16108 watch.go:40] Failed to load config from \"c:\\\\Users\\\\user\\\\.gemini\\\\antigravity-ide\\\\scratch\\\\mesma-website\\\\dataconnect\": could not find dataconnect.yaml in `c:\\Users\\user\\.gemini\\antigravity-ide\\scratch\\mesma-website\\dataconnect`\n"}}
[debug] [2026-06-15T05:44:04.657Z] E0615 08:44:04.657385   16108 watch.go:40] Failed to load config from "c:\\Users\\user\\.gemini\\antigravity-ide\\scratch\\mesma-website\\dataconnect": could not find dataconnect.yaml in `c:\Users\user\.gemini\antigravity-ide\scratch\mesma-website\dataconnect`
 {"metadata":{"emulator":{"name":"dataconnect"},"message":"E0615 08:44:04.657385   16108 watch.go:40] Failed to load config from \"c:\\\\Users\\\\user\\\\.gemini\\\\antigravity-ide\\\\scratch\\\\mesma-website\\\\dataconnect\": could not find dataconnect.yaml in `c:\\Users\\user\\.gemini\\antigravity-ide\\scratch\\mesma-website\\dataconnect`\n"}}
[debug] [2026-06-15T05:44:04.663Z] E0615 08:44:04.657385   16108 watch.go:116] watchAllDir unable to walk dir `c:\Users\user\.gemini\antigravity-ide\scratch\mesma-website\dataconnect`: GetFileAttributesEx c:\Users\user\.gemini\antigravity-ide\scratch\mesma-website\dataconnect: The system cannot find the file specified.
 {"metadata":{"emulator":{"name":"dataconnect"},"message":"E0615 08:44:04.657385   16108 watch.go:116] watchAllDir unable to walk dir `c:\\Users\\user\\.gemini\\antigravity-ide\\scratch\\mesma-website\\dataconnect`: GetFileAttributesEx c:\\Users\\user\\.gemini\\antigravity-ide\\scratch\\mesma-website\\dataconnect: The system cannot find the file specified.\n"}}
[debug] [2026-06-15T05:44:14.658Z] E0615 08:44:14.657964   16108 watch.go:40] Failed to load config from "c:\\Users\\user\\.gemini\\antigravity-ide\\scratch\\mesma-website\\dataconnect": could not find dataconnect.yaml in `c:\Users\user\.gemini\antigravity-ide\scratch\mesma-website\dataconnect`
 {"metadata":{"emulator":{"name":"dataconnect"},"message":"E0615 08:44:14.657964   16108 watch.go:40] Failed to load config from \"c:\\\\Users\\\\user\\\\.gemini\\\\antigravity-ide\\\\scratch\\\\mesma-website\\\\dataconnect\": could not find dataconnect.yaml in `c:\\Users\\user\\.gemini\\antigravity-ide\\scratch\\mesma-website\\dataconnect`\n"}}
[debug] [2026-06-15T05:44:24.657Z] E0615 08:44:24.657393   16108 watch.go:40] Failed to load config from "c:\\Users\\user\\.gemini\\antigravity-ide\\scratch\\mesma-website\\dataconnect": could not find dataconnect.yaml in `c:\Users\user\.gemini\antigravity-ide\scratch\mesma-website\dataconnect`
 {"metadata":{"emulator":{"name":"dataconnect"},"message":"E0615 08:44:24.657393   16108 watch.go:40] Failed to load config from \"c:\\\\Users\\\\user\\\\.gemini\\\\antigravity-ide\\\\scratch\\\\mesma-website\\\\dataconnect\": could not find dataconnect.yaml in `c:\\Users\\user\\.gemini\\antigravity-ide\\scratch\\mesma-website\\dataconnect`\n"}}
[debug] [2026-06-15T05:44:34.657Z] E0615 08:44:34.657517   16108 watch.go:40] Failed to load config from "c:\\Users\\user\\.gemini\\antigravity-ide\\scratch\\mesma-website\\dataconnect": could not find dataconnect.yaml in `c:\Users\user\.gemini\antigravity-ide\scratch\mesma-website\dataconnect`
 {"metadata":{"emulator":{"name":"dataconnect"},"message":"E0615 08:44:34.657517   16108 watch.go:40] Failed to load config from \"c:\\\\Users\\\\user\\\\.gemini\\\\antigravity-ide\\\\scratch\\\\mesma-website\\\\dataconnect\": could not find dataconnect.yaml in `c:\\Users\\user\\.gemini\\antigravity-ide\\scratch\\mesma-website\\dataconnect`\n"}}
[debug] [2026-06-15T05:44:44.658Z] E0615 08:44:44.657789   16108 watch.go:40] Failed to load config from "c:\\Users\\user\\.gemini\\antigravity-ide\\scratch\\mesma-website\\dataconnect": could not find dataconnect.yaml in `c:\Users\user\.gemini\antigravity-ide\scratch\mesma-website\dataconnect`
 {"metadata":{"emulator":{"name":"dataconnect"},"message":"E0615 08:44:44.657789   16108 watch.go:40] Failed to load config from \"c:\\\\Users\\\\user\\\\.gemini\\\\antigravity-ide\\\\scratch\\\\mesma-website\\\\dataconnect\": could not find dataconnect.yaml in `c:\\Users\\user\\.gemini\\antigravity-ide\\scratch\\mesma-website\\dataconnect`\n"}}
[debug] [2026-06-15T05:44:54.657Z] E0615 08:44:54.657678   16108 watch.go:40] Failed to load config from "c:\\Users\\user\\.gemini\\antigravity-ide\\scratch\\mesma-website\\dataconnect": could not find dataconnect.yaml in `c:\Users\user\.gemini\antigravity-ide\scratch\mesma-website\dataconnect`
 {"metadata":{"emulator":{"name":"dataconnect"},"message":"E0615 08:44:54.657678   16108 watch.go:40] Failed to load config from \"c:\\\\Users\\\\user\\\\.gemini\\\\antigravity-ide\\\\scratch\\\\mesma-website\\\\dataconnect\": could not find dataconnect.yaml in `c:\\Users\\user\\.gemini\\antigravity-ide\\scratch\\mesma-website\\dataconnect`\n"}}
[debug] [2026-06-15T05:45:04.657Z] E0615 08:45:04.657990   16108 watch.go:116] watchAllDir unable to walk dir `c:\Users\user\.gemini\antigravity-ide\scratch\mesma-website\dataconnect`: GetFileAttributesEx c:\Users\user\.gemini\antigravity-ide\scratch\mesma-website\dataconnect: The system cannot find the file specified.
 {"metadata":{"emulator":{"name":"dataconnect"},"message":"E0615 08:45:04.657990   16108 watch.go:116] watchAllDir unable to walk dir `c:\\Users\\user\\.gemini\\antigravity-ide\\scratch\\mesma-website\\dataconnect`: GetFileAttributesEx c:\\Users\\user\\.gemini\\antigravity-ide\\scratch\\mesma-website\\dataconnect: The system cannot find the file specified.\n"}}
[debug] [2026-06-15T05:45:04.658Z] E0615 08:45:04.657990   16108 watch.go:40] Failed to load config from "c:\\Users\\user\\.gemini\\antigravity-ide\\scratch\\mesma-website\\dataconnect": could not find dataconnect.yaml in `c:\Users\user\.gemini\antigravity-ide\scratch\mesma-website\dataconnect`
 {"metadata":{"emulator":{"name":"dataconnect"},"message":"E0615 08:45:04.657990   16108 watch.go:40] Failed to load config from \"c:\\\\Users\\\\user\\\\.gemini\\\\antigravity-ide\\\\scratch\\\\mesma-website\\\\dataconnect\": could not find dataconnect.yaml in `c:\\Users\\user\\.gemini\\antigravity-ide\\scratch\\mesma-website\\dataconnect`\n"}}
[debug] [2026-06-15T05:45:14.657Z] E0615 08:45:14.657285   16108 watch.go:40] Failed to load config from "c:\\Users\\user\\.gemini\\antigravity-ide\\scratch\\mesma-website\\dataconnect": could not find dataconnect.yaml in `c:\Users\user\.gemini\antigravity-ide\scratch\mesma-website\dataconnect`
 {"metadata":{"emulator":{"name":"dataconnect"},"message":"E0615 08:45:14.657285   16108 watch.go:40] Failed to load config from \"c:\\\\Users\\\\user\\\\.gemini\\\\antigravity-ide\\\\scratch\\\\mesma-website\\\\dataconnect\": could not find dataconnect.yaml in `c:\\Users\\user\\.gemini\\antigravity-ide\\scratch\\mesma-website\\dataconnect`\n"}}
[debug] [2026-06-15T05:45:24.657Z] E0615 08:45:24.657699   16108 watch.go:40] Failed to load config from "c:\\Users\\user\\.gemini\\antigravity-ide\\scratch\\mesma-website\\dataconnect": could not find dataconnect.yaml in `c:\Users\user\.gemini\antigravity-ide\scratch\mesma-website\dataconnect`
 {"metadata":{"emulator":{"name":"dataconnect"},"message":"E0615 08:45:24.657699   16108 watch.go:40] Failed to load config from \"c:\\\\Users\\\\user\\\\.gemini\\\\antigravity-ide\\\\scratch\\\\mesma-website\\\\dataconnect\": could not find dataconnect.yaml in `c:\\Users\\user\\.gemini\\antigravity-ide\\scratch\\mesma-website\\dataconnect`\n"}}
[debug] [2026-06-15T05:45:34.657Z] E0615 08:45:34.657325   16108 watch.go:40] Failed to load config from "c:\\Users\\user\\.gemini\\antigravity-ide\\scratch\\mesma-website\\dataconnect": could not find dataconnect.yaml in `c:\Users\user\.gemini\antigravity-ide\scratch\mesma-website\dataconnect`
 {"metadata":{"emulator":{"name":"dataconnect"},"message":"E0615 08:45:34.657325   16108 watch.go:40] Failed to load config from \"c:\\\\Users\\\\user\\\\.gemini\\\\antigravity-ide\\\\scratch\\\\mesma-website\\\\dataconnect\": could not find dataconnect.yaml in `c:\\Users\\user\\.gemini\\antigravity-ide\\scratch\\mesma-website\\dataconnect`\n"}}
[debug] [2026-06-15T05:45:44.657Z] E0615 08:45:44.658102   16108 watch.go:40] Failed to load config from "c:\\Users\\user\\.gemini\\antigravity-ide\\scratch\\mesma-website\\dataconnect": could not find dataconnect.yaml in `c:\Users\user\.gemini\antigravity-ide\scratch\mesma-website\dataconnect`
 {"metadata":{"emulator":{"name":"dataconnect"},"message":"E0615 08:45:44.658102   16108 watch.go:40] Failed to load config from \"c:\\\\Users\\\\user\\\\.gemini\\\\antigravity-ide\\\\scratch\\\\mesma-website\\\\dataconnect\": could not find dataconnect.yaml in `c:\\Users\\user\\.gemini\\antigravity-ide\\scratch\\mesma-website\\dataconnect`\n"}}
[debug] [2026-06-15T05:45:54.657Z] E0615 08:45:54.657636   16108 watch.go:40] Failed to load config from "c:\\Users\\user\\.gemini\\antigravity-ide\\scratch\\mesma-website\\dataconnect": could not find dataconnect.yaml in `c:\Users\user\.gemini\antigravity-ide\scratch\mesma-website\dataconnect`
 {"metadata":{"emulator":{"name":"dataconnect"},"message":"E0615 08:45:54.657636   16108 watch.go:40] Failed to load config from \"c:\\\\Users\\\\user\\\\.gemini\\\\antigravity-ide\\\\scratch\\\\mesma-website\\\\dataconnect\": could not find dataconnect.yaml in `c:\\Users\\user\\.gemini\\antigravity-ide\\scratch\\mesma-website\\dataconnect`\n"}}
[debug] [2026-06-15T05:46:04.657Z] E0615 08:46:04.657417   16108 watch.go:116] watchAllDir unable to walk dir `c:\Users\user\.gemini\antigravity-ide\scratch\mesma-website\dataconnect`: GetFileAttributesEx c:\Users\user\.gemini\antigravity-ide\scratch\mesma-website\dataconnect: The system cannot find the file specified.
 {"metadata":{"emulator":{"name":"dataconnect"},"message":"E0615 08:46:04.657417   16108 watch.go:116] watchAllDir unable to walk dir `c:\\Users\\user\\.gemini\\antigravity-ide\\scratch\\mesma-website\\dataconnect`: GetFileAttributesEx c:\\Users\\user\\.gemini\\antigravity-ide\\scratch\\mesma-website\\dataconnect: The system cannot find the file specified.\n"}}
[debug] [2026-06-15T05:46:04.657Z] E0615 08:46:04.657417   16108 watch.go:40] Failed to load config from "c:\\Users\\user\\.gemini\\antigravity-ide\\scratch\\mesma-website\\dataconnect": could not find dataconnect.yaml in `c:\Users\user\.gemini\antigravity-ide\scratch\mesma-website\dataconnect`
 {"metadata":{"emulator":{"name":"dataconnect"},"message":"E0615 08:46:04.657417   16108 watch.go:40] Failed to load config from \"c:\\\\Users\\\\user\\\\.gemini\\\\antigravity-ide\\\\scratch\\\\mesma-website\\\\dataconnect\": could not find dataconnect.yaml in `c:\\Users\\user\\.gemini\\antigravity-ide\\scratch\\mesma-website\\dataconnect`\n"}}
[debug] [2026-06-15T05:46:14.658Z] E0615 08:46:14.658303   16108 watch.go:40] Failed to load config from "c:\\Users\\user\\.gemini\\antigravity-ide\\scratch\\mesma-website\\dataconnect": could not find dataconnect.yaml in `c:\Users\user\.gemini\antigravity-ide\scratch\mesma-website\dataconnect`
 {"metadata":{"emulator":{"name":"dataconnect"},"message":"E0615 08:46:14.658303   16108 watch.go:40] Failed to load config from \"c:\\\\Users\\\\user\\\\.gemini\\\\antigravity-ide\\\\scratch\\\\mesma-website\\\\dataconnect\": could not find dataconnect.yaml in `c:\\Users\\user\\.gemini\\antigravity-ide\\scratch\\mesma-website\\dataconnect`\n"}}
[debug] [2026-06-15T05:46:24.657Z] E0615 08:46:24.657717   16108 watch.go:40] Failed to load config from "c:\\Users\\user\\.gemini\\antigravity-ide\\scratch\\mesma-website\\dataconnect": could not find dataconnect.yaml in `c:\Users\user\.gemini\antigravity-ide\scratch\mesma-website\dataconnect`
 {"metadata":{"emulator":{"name":"dataconnect"},"message":"E0615 08:46:24.657717   16108 watch.go:40] Failed to load config from \"c:\\\\Users\\\\user\\\\.gemini\\\\antigravity-ide\\\\scratch\\\\mesma-website\\\\dataconnect\": could not find dataconnect.yaml in `c:\\Users\\user\\.gemini\\antigravity-ide\\scratch\\mesma-website\\dataconnect`\n"}}
[debug] [2026-06-15T05:46:34.658Z] E0615 08:46:34.658356   16108 watch.go:40] Failed to load config from "c:\\Users\\user\\.gemini\\antigravity-ide\\scratch\\mesma-website\\dataconnect": could not find dataconnect.yaml in `c:\Users\user\.gemini\antigravity-ide\scratch\mesma-website\dataconnect`
 {"metadata":{"emulator":{"name":"dataconnect"},"message":"E0615 08:46:34.658356   16108 watch.go:40] Failed to load config from \"c:\\\\Users\\\\user\\\\.gemini\\\\antigravity-ide\\\\scratch\\\\mesma-website\\\\dataconnect\": could not find dataconnect.yaml in `c:\\Users\\user\\.gemini\\antigravity-ide\\scratch\\mesma-website\\dataconnect`\n"}}
[debug] [2026-06-15T05:46:44.658Z] E0615 08:46:44.657498   16108 watch.go:40] Failed to load config from "c:\\Users\\user\\.gemini\\antigravity-ide\\scratch\\mesma-website\\dataconnect": could not find dataconnect.yaml in `c:\Users\user\.gemini\antigravity-ide\scratch\mesma-website\dataconnect`
 {"metadata":{"emulator":{"name":"dataconnect"},"message":"E0615 08:46:44.657498   16108 watch.go:40] Failed to load config from \"c:\\\\Users\\\\user\\\\.gemini\\\\antigravity-ide\\\\scratch\\\\mesma-website\\\\dataconnect\": could not find dataconnect.yaml in `c:\\Users\\user\\.gemini\\antigravity-ide\\scratch\\mesma-website\\dataconnect`\n"}}
[debug] [2026-06-15T05:46:54.658Z] E0615 08:46:54.657641   16108 watch.go:40] Failed to load config from "c:\\Users\\user\\.gemini\\antigravity-ide\\scratch\\mesma-website\\dataconnect": could not find dataconnect.yaml in `c:\Users\user\.gemini\antigravity-ide\scratch\mesma-website\dataconnect`
 {"metadata":{"emulator":{"name":"dataconnect"},"message":"E0615 08:46:54.657641   16108 watch.go:40] Failed to load config from \"c:\\\\Users\\\\user\\\\.gemini\\\\antigravity-ide\\\\scratch\\\\mesma-website\\\\dataconnect\": could not find dataconnect.yaml in `c:\\Users\\user\\.gemini\\antigravity-ide\\scratch\\mesma-website\\dataconnect`\n"}}
[debug] [2026-06-15T05:47:04.658Z] E0615 08:47:04.657807   16108 watch.go:116] watchAllDir unable to walk dir `c:\Users\user\.gemini\antigravity-ide\scratch\mesma-website\dataconnect`: GetFileAttributesEx c:\Users\user\.gemini\antigravity-ide\scratch\mesma-website\dataconnect: The system cannot find the file specified.
 {"metadata":{"emulator":{"name":"dataconnect"},"message":"E0615 08:47:04.657807   16108 watch.go:116] watchAllDir unable to walk dir `c:\\Users\\user\\.gemini\\antigravity-ide\\scratch\\mesma-website\\dataconnect`: GetFileAttributesEx c:\\Users\\user\\.gemini\\antigravity-ide\\scratch\\mesma-website\\dataconnect: The system cannot find the file specified.\n"}}
[debug] [2026-06-15T05:47:04.659Z] E0615 08:47:04.659359   16108 watch.go:40] Failed to load config from "c:\\Users\\user\\.gemini\\antigravity-ide\\scratch\\mesma-website\\dataconnect": could not find dataconnect.yaml in `c:\Users\user\.gemini\antigravity-ide\scratch\mesma-website\dataconnect`
 {"metadata":{"emulator":{"name":"dataconnect"},"message":"E0615 08:47:04.659359   16108 watch.go:40] Failed to load config from \"c:\\\\Users\\\\user\\\\.gemini\\\\antigravity-ide\\\\scratch\\\\mesma-website\\\\dataconnect\": could not find dataconnect.yaml in `c:\\Users\\user\\.gemini\\antigravity-ide\\scratch\\mesma-website\\dataconnect`\n"}}
[debug] [2026-06-15T05:47:14.658Z] E0615 08:47:14.658314   16108 watch.go:40] Failed to load config from "c:\\Users\\user\\.gemini\\antigravity-ide\\scratch\\mesma-website\\dataconnect": could not find dataconnect.yaml in `c:\Users\user\.gemini\antigravity-ide\scratch\mesma-website\dataconnect`
 {"metadata":{"emulator":{"name":"dataconnect"},"message":"E0615 08:47:14.658314   16108 watch.go:40] Failed to load config from \"c:\\\\Users\\\\user\\\\.gemini\\\\antigravity-ide\\\\scratch\\\\mesma-website\\\\dataconnect\": could not find dataconnect.yaml in `c:\\Users\\user\\.gemini\\antigravity-ide\\scratch\\mesma-website\\dataconnect`\n"}}
[debug] [2026-06-15T05:47:24.658Z] E0615 08:47:24.658389   16108 watch.go:40] Failed to load config from "c:\\Users\\user\\.gemini\\antigravity-ide\\scratch\\mesma-website\\dataconnect": could not find dataconnect.yaml in `c:\Users\user\.gemini\antigravity-ide\scratch\mesma-website\dataconnect`
 {"metadata":{"emulator":{"name":"dataconnect"},"message":"E0615 08:47:24.658389   16108 watch.go:40] Failed to load config from \"c:\\\\Users\\\\user\\\\.gemini\\\\antigravity-ide\\\\scratch\\\\mesma-website\\\\dataconnect\": could not find dataconnect.yaml in `c:\\Users\\user\\.gemini\\antigravity-ide\\scratch\\mesma-website\\dataconnect`\n"}}
[debug] [2026-06-15T05:47:34.658Z] E0615 08:47:34.657496   16108 watch.go:40] Failed to load config from "c:\\Users\\user\\.gemini\\antigravity-ide\\scratch\\mesma-website\\dataconnect": could not find dataconnect.yaml in `c:\Users\user\.gemini\antigravity-ide\scratch\mesma-website\dataconnect`
 {"metadata":{"emulator":{"name":"dataconnect"},"message":"E0615 08:47:34.657496   16108 watch.go:40] Failed to load config from \"c:\\\\Users\\\\user\\\\.gemini\\\\antigravity-ide\\\\scratch\\\\mesma-website\\\\dataconnect\": could not find dataconnect.yaml in `c:\\Users\\user\\.gemini\\antigravity-ide\\scratch\\mesma-website\\dataconnect`\n"}}
[debug] [2026-06-15T05:47:44.658Z] E0615 08:47:44.657645   16108 watch.go:40] Failed to load config from "c:\\Users\\user\\.gemini\\antigravity-ide\\scratch\\mesma-website\\dataconnect": could not find dataconnect.yaml in `c:\Users\user\.gemini\antigravity-ide\scratch\mesma-website\dataconnect`
 {"metadata":{"emulator":{"name":"dataconnect"},"message":"E0615 08:47:44.657645   16108 watch.go:40] Failed to load config from \"c:\\\\Users\\\\user\\\\.gemini\\\\antigravity-ide\\\\scratch\\\\mesma-website\\\\dataconnect\": could not find dataconnect.yaml in `c:\\Users\\user\\.gemini\\antigravity-ide\\scratch\\mesma-website\\dataconnect`\n"}}
[debug] [2026-06-15T05:47:54.657Z] E0615 08:47:54.657575   16108 watch.go:40] Failed to load config from "c:\\Users\\user\\.gemini\\antigravity-ide\\scratch\\mesma-website\\dataconnect": could not find dataconnect.yaml in `c:\Users\user\.gemini\antigravity-ide\scratch\mesma-website\dataconnect`
 {"metadata":{"emulator":{"name":"dataconnect"},"message":"E0615 08:47:54.657575   16108 watch.go:40] Failed to load config from \"c:\\\\Users\\\\user\\\\.gemini\\\\antigravity-ide\\\\scratch\\\\mesma-website\\\\dataconnect\": could not find dataconnect.yaml in `c:\\Users\\user\\.gemini\\antigravity-ide\\scratch\\mesma-website\\dataconnect`\n"}}
[debug] [2026-06-15T05:48:04.659Z] E0615 08:48:04.658839   16108 watch.go:40] Failed to load config from "c:\\Users\\user\\.gemini\\antigravity-ide\\scratch\\mesma-website\\dataconnect": could not find dataconnect.yaml in `c:\Users\user\.gemini\antigravity-ide\scratch\mesma-website\dataconnect`
 {"metadata":{"emulator":{"name":"dataconnect"},"message":"E0615 08:48:04.658839   16108 watch.go:40] Failed to load config from \"c:\\\\Users\\\\user\\\\.gemini\\\\antigravity-ide\\\\scratch\\\\mesma-website\\\\dataconnect\": could not find dataconnect.yaml in `c:\\Users\\user\\.gemini\\antigravity-ide\\scratch\\mesma-website\\dataconnect`\n"}}
[debug] [2026-06-15T05:48:04.660Z] E0615 08:48:04.657707   16108 watch.go:116] watchAllDir unable to walk dir `c:\Users\user\.gemini\antigravity-ide\scratch\mesma-website\dataconnect`: GetFileAttributesEx c:\Users\user\.gemini\antigravity-ide\scratch\mesma-website\dataconnect: The system cannot find the file specified.
 {"metadata":{"emulator":{"name":"dataconnect"},"message":"E0615 08:48:04.657707   16108 watch.go:116] watchAllDir unable to walk dir `c:\\Users\\user\\.gemini\\antigravity-ide\\scratch\\mesma-website\\dataconnect`: GetFileAttributesEx c:\\Users\\user\\.gemini\\antigravity-ide\\scratch\\mesma-website\\dataconnect: The system cannot find the file specified.\n"}}
[debug] [2026-06-15T05:48:14.658Z] E0615 08:48:14.657913   16108 watch.go:40] Failed to load config from "c:\\Users\\user\\.gemini\\antigravity-ide\\scratch\\mesma-website\\dataconnect": could not find dataconnect.yaml in `c:\Users\user\.gemini\antigravity-ide\scratch\mesma-website\dataconnect`
 {"metadata":{"emulator":{"name":"dataconnect"},"message":"E0615 08:48:14.657913   16108 watch.go:40] Failed to load config from \"c:\\\\Users\\\\user\\\\.gemini\\\\antigravity-ide\\\\scratch\\\\mesma-website\\\\dataconnect\": could not find dataconnect.yaml in `c:\\Users\\user\\.gemini\\antigravity-ide\\scratch\\mesma-website\\dataconnect`\n"}}
[debug] [2026-06-15T05:48:24.657Z] E0615 08:48:24.657342   16108 watch.go:40] Failed to load config from "c:\\Users\\user\\.gemini\\antigravity-ide\\scratch\\mesma-website\\dataconnect": could not find dataconnect.yaml in `c:\Users\user\.gemini\antigravity-ide\scratch\mesma-website\dataconnect`
 {"metadata":{"emulator":{"name":"dataconnect"},"message":"E0615 08:48:24.657342   16108 watch.go:40] Failed to load config from \"c:\\\\Users\\\\user\\\\.gemini\\\\antigravity-ide\\\\scratch\\\\mesma-website\\\\dataconnect\": could not find dataconnect.yaml in `c:\\Users\\user\\.gemini\\antigravity-ide\\scratch\\mesma-website\\dataconnect`\n"}}
[debug] [2026-06-15T05:48:34.657Z] E0615 08:48:34.657819   16108 watch.go:40] Failed to load config from "c:\\Users\\user\\.gemini\\antigravity-ide\\scratch\\mesma-website\\dataconnect": could not find dataconnect.yaml in `c:\Users\user\.gemini\antigravity-ide\scratch\mesma-website\dataconnect`
 {"metadata":{"emulator":{"name":"dataconnect"},"message":"E0615 08:48:34.657819   16108 watch.go:40] Failed to load config from \"c:\\\\Users\\\\user\\\\.gemini\\\\antigravity-ide\\\\scratch\\\\mesma-website\\\\dataconnect\": could not find dataconnect.yaml in `c:\\Users\\user\\.gemini\\antigravity-ide\\scratch\\mesma-website\\dataconnect`\n"}}
[debug] [2026-06-15T05:48:44.658Z] E0615 08:48:44.657550   16108 watch.go:40] Failed to load config from "c:\\Users\\user\\.gemini\\antigravity-ide\\scratch\\mesma-website\\dataconnect": could not find dataconnect.yaml in `c:\Users\user\.gemini\antigravity-ide\scratch\mesma-website\dataconnect`
 {"metadata":{"emulator":{"name":"dataconnect"},"message":"E0615 08:48:44.657550   16108 watch.go:40] Failed to load config from \"c:\\\\Users\\\\user\\\\.gemini\\\\antigravity-ide\\\\scratch\\\\mesma-website\\\\dataconnect\": could not find dataconnect.yaml in `c:\\Users\\user\\.gemini\\antigravity-ide\\scratch\\mesma-website\\dataconnect`\n"}}
[debug] [2026-06-15T05:48:54.657Z] E0615 08:48:54.657237   16108 watch.go:40] Failed to load config from "c:\\Users\\user\\.gemini\\antigravity-ide\\scratch\\mesma-website\\dataconnect": could not find dataconnect.yaml in `c:\Users\user\.gemini\antigravity-ide\scratch\mesma-website\dataconnect`
 {"metadata":{"emulator":{"name":"dataconnect"},"message":"E0615 08:48:54.657237   16108 watch.go:40] Failed to load config from \"c:\\\\Users\\\\user\\\\.gemini\\\\antigravity-ide\\\\scratch\\\\mesma-website\\\\dataconnect\": could not find dataconnect.yaml in `c:\\Users\\user\\.gemini\\antigravity-ide\\scratch\\mesma-website\\dataconnect`\n"}}
[debug] [2026-06-15T05:49:04.657Z] E0615 08:49:04.657479   16108 watch.go:116] watchAllDir unable to walk dir `c:\Users\user\.gemini\antigravity-ide\scratch\mesma-website\dataconnect`: GetFileAttributesEx c:\Users\user\.gemini\antigravity-ide\scratch\mesma-website\dataconnect: The system cannot find the file specified.
E0615 08:49:04.657851   16108 watch.go:40] Failed to load config from "c:\\Users\\user\\.gemini\\antigravity-ide\\scratch\\mesma-website\\dataconnect": could not find dataconnect.yaml in `c:\Users\user\.gemini\antigravity-ide\scratch\mesma-website\dataconnect`
 {"metadata":{"emulator":{"name":"dataconnect"},"message":"E0615 08:49:04.657479   16108 watch.go:116] watchAllDir unable to walk dir `c:\\Users\\user\\.gemini\\antigravity-ide\\scratch\\mesma-website\\dataconnect`: GetFileAttributesEx c:\\Users\\user\\.gemini\\antigravity-ide\\scratch\\mesma-website\\dataconnect: The system cannot find the file specified.\nE0615 08:49:04.657851   16108 watch.go:40] Failed to load config from \"c:\\\\Users\\\\user\\\\.gemini\\\\antigravity-ide\\\\scratch\\\\mesma-website\\\\dataconnect\": could not find dataconnect.yaml in `c:\\Users\\user\\.gemini\\antigravity-ide\\scratch\\mesma-website\\dataconnect`\n"}}
[debug] [2026-06-15T05:49:14.658Z] E0615 08:49:14.657919   16108 watch.go:40] Failed to load config from "c:\\Users\\user\\.gemini\\antigravity-ide\\scratch\\mesma-website\\dataconnect": could not find dataconnect.yaml in `c:\Users\user\.gemini\antigravity-ide\scratch\mesma-website\dataconnect`
 {"metadata":{"emulator":{"name":"dataconnect"},"message":"E0615 08:49:14.657919   16108 watch.go:40] Failed to load config from \"c:\\\\Users\\\\user\\\\.gemini\\\\antigravity-ide\\\\scratch\\\\mesma-website\\\\dataconnect\": could not find dataconnect.yaml in `c:\\Users\\user\\.gemini\\antigravity-ide\\scratch\\mesma-website\\dataconnect`\n"}}
[debug] [2026-06-15T05:49:24.657Z] E0615 08:49:24.657715   16108 watch.go:40] Failed to load config from "c:\\Users\\user\\.gemini\\antigravity-ide\\scratch\\mesma-website\\dataconnect": could not find dataconnect.yaml in `c:\Users\user\.gemini\antigravity-ide\scratch\mesma-website\dataconnect`
 {"metadata":{"emulator":{"name":"dataconnect"},"message":"E0615 08:49:24.657715   16108 watch.go:40] Failed to load config from \"c:\\\\Users\\\\user\\\\.gemini\\\\antigravity-ide\\\\scratch\\\\mesma-website\\\\dataconnect\": could not find dataconnect.yaml in `c:\\Users\\user\\.gemini\\antigravity-ide\\scratch\\mesma-website\\dataconnect`\n"}}
[debug] [2026-06-15T05:49:34.657Z] E0615 08:49:34.657417   16108 watch.go:40] Failed to load config from "c:\\Users\\user\\.gemini\\antigravity-ide\\scratch\\mesma-website\\dataconnect": could not find dataconnect.yaml in `c:\Users\user\.gemini\antigravity-ide\scratch\mesma-website\dataconnect`
 {"metadata":{"emulator":{"name":"dataconnect"},"message":"E0615 08:49:34.657417   16108 watch.go:40] Failed to load config from \"c:\\\\Users\\\\user\\\\.gemini\\\\antigravity-ide\\\\scratch\\\\mesma-website\\\\dataconnect\": could not find dataconnect.yaml in `c:\\Users\\user\\.gemini\\antigravity-ide\\scratch\\mesma-website\\dataconnect`\n"}}
[debug] [2026-06-15T05:49:44.657Z] E0615 08:49:44.657351   16108 watch.go:40] Failed to load config from "c:\\Users\\user\\.gemini\\antigravity-ide\\scratch\\mesma-website\\dataconnect": could not find dataconnect.yaml in `c:\Users\user\.gemini\antigravity-ide\scratch\mesma-website\dataconnect`
 {"metadata":{"emulator":{"name":"dataconnect"},"message":"E0615 08:49:44.657351   16108 watch.go:40] Failed to load config from \"c:\\\\Users\\\\user\\\\.gemini\\\\antigravity-ide\\\\scratch\\\\mesma-website\\\\dataconnect\": could not find dataconnect.yaml in `c:\\Users\\user\\.gemini\\antigravity-ide\\scratch\\mesma-website\\dataconnect`\n"}}
[debug] [2026-06-15T05:49:54.657Z] E0615 08:49:54.657454   16108 watch.go:40] Failed to load config from "c:\\Users\\user\\.gemini\\antigravity-ide\\scratch\\mesma-website\\dataconnect": could not find dataconnect.yaml in `c:\Users\user\.gemini\antigravity-ide\scratch\mesma-website\dataconnect`
 {"metadata":{"emulator":{"name":"dataconnect"},"message":"E0615 08:49:54.657454   16108 watch.go:40] Failed to load config from \"c:\\\\Users\\\\user\\\\.gemini\\\\antigravity-ide\\\\scratch\\\\mesma-website\\\\dataconnect\": could not find dataconnect.yaml in `c:\\Users\\user\\.gemini\\antigravity-ide\\scratch\\mesma-website\\dataconnect`\n"}}
[debug] [2026-06-15T05:50:04.657Z] E0615 08:50:04.657735   16108 watch.go:116] watchAllDir unable to walk dir `c:\Users\user\.gemini\antigravity-ide\scratch\mesma-website\dataconnect`: GetFileAttributesEx c:\Users\user\.gemini\antigravity-ide\scratch\mesma-website\dataconnect: The system cannot find the file specified.
E0615 08:50:04.657735   16108 watch.go:40] Failed to load config from "c:\\Users\\user\\.gemini\\antigravity-ide\\scratch\\mesma-website\\dataconnect": could not find dataconnect.yaml in `c:\Users\user\.gemini\antigravity-ide\scratch\mesma-website\dataconnect`
 {"metadata":{"emulator":{"name":"dataconnect"},"message":"E0615 08:50:04.657735   16108 watch.go:116] watchAllDir unable to walk dir `c:\\Users\\user\\.gemini\\antigravity-ide\\scratch\\mesma-website\\dataconnect`: GetFileAttributesEx c:\\Users\\user\\.gemini\\antigravity-ide\\scratch\\mesma-website\\dataconnect: The system cannot find the file specified.\nE0615 08:50:04.657735   16108 watch.go:40] Failed to load config from \"c:\\\\Users\\\\user\\\\.gemini\\\\antigravity-ide\\\\scratch\\\\mesma-website\\\\dataconnect\": could not find dataconnect.yaml in `c:\\Users\\user\\.gemini\\antigravity-ide\\scratch\\mesma-website\\dataconnect`\n"}}
[debug] [2026-06-15T05:50:14.658Z] E0615 08:50:14.658295   16108 watch.go:40] Failed to load config from "c:\\Users\\user\\.gemini\\antigravity-ide\\scratch\\mesma-website\\dataconnect": could not find dataconnect.yaml in `c:\Users\user\.gemini\antigravity-ide\scratch\mesma-website\dataconnect`
 {"metadata":{"emulator":{"name":"dataconnect"},"message":"E0615 08:50:14.658295   16108 watch.go:40] Failed to load config from \"c:\\\\Users\\\\user\\\\.gemini\\\\antigravity-ide\\\\scratch\\\\mesma-website\\\\dataconnect\": could not find dataconnect.yaml in `c:\\Users\\user\\.gemini\\antigravity-ide\\scratch\\mesma-website\\dataconnect`\n"}}
[debug] [2026-06-15T05:50:24.659Z] E0615 08:50:24.659956   16108 watch.go:40] Failed to load config from "c:\\Users\\user\\.gemini\\antigravity-ide\\scratch\\mesma-website\\dataconnect": could not find dataconnect.yaml in `c:\Users\user\.gemini\antigravity-ide\scratch\mesma-website\dataconnect`
 {"metadata":{"emulator":{"name":"dataconnect"},"message":"E0615 08:50:24.659956   16108 watch.go:40] Failed to load config from \"c:\\\\Users\\\\user\\\\.gemini\\\\antigravity-ide\\\\scratch\\\\mesma-website\\\\dataconnect\": could not find dataconnect.yaml in `c:\\Users\\user\\.gemini\\antigravity-ide\\scratch\\mesma-website\\dataconnect`\n"}}
[debug] [2026-06-15T05:50:34.657Z] E0615 08:50:34.657444   16108 watch.go:40] Failed to load config from "c:\\Users\\user\\.gemini\\antigravity-ide\\scratch\\mesma-website\\dataconnect": could not find dataconnect.yaml in `c:\Users\user\.gemini\antigravity-ide\scratch\mesma-website\dataconnect`
 {"metadata":{"emulator":{"name":"dataconnect"},"message":"E0615 08:50:34.657444   16108 watch.go:40] Failed to load config from \"c:\\\\Users\\\\user\\\\.gemini\\\\antigravity-ide\\\\scratch\\\\mesma-website\\\\dataconnect\": could not find dataconnect.yaml in `c:\\Users\\user\\.gemini\\antigravity-ide\\scratch\\mesma-website\\dataconnect`\n"}}
[debug] [2026-06-15T05:50:44.658Z] E0615 08:50:44.657754   16108 watch.go:40] Failed to load config from "c:\\Users\\user\\.gemini\\antigravity-ide\\scratch\\mesma-website\\dataconnect": could not find dataconnect.yaml in `c:\Users\user\.gemini\antigravity-ide\scratch\mesma-website\dataconnect`
 {"metadata":{"emulator":{"name":"dataconnect"},"message":"E0615 08:50:44.657754   16108 watch.go:40] Failed to load config from \"c:\\\\Users\\\\user\\\\.gemini\\\\antigravity-ide\\\\scratch\\\\mesma-website\\\\dataconnect\": could not find dataconnect.yaml in `c:\\Users\\user\\.gemini\\antigravity-ide\\scratch\\mesma-website\\dataconnect`\n"}}
[debug] [2026-06-15T05:50:54.657Z] E0615 08:50:54.657856   16108 watch.go:40] Failed to load config from "c:\\Users\\user\\.gemini\\antigravity-ide\\scratch\\mesma-website\\dataconnect": could not find dataconnect.yaml in `c:\Users\user\.gemini\antigravity-ide\scratch\mesma-website\dataconnect`
 {"metadata":{"emulator":{"name":"dataconnect"},"message":"E0615 08:50:54.657856   16108 watch.go:40] Failed to load config from \"c:\\\\Users\\\\user\\\\.gemini\\\\antigravity-ide\\\\scratch\\\\mesma-website\\\\dataconnect\": could not find dataconnect.yaml in `c:\\Users\\user\\.gemini\\antigravity-ide\\scratch\\mesma-website\\dataconnect`\n"}}
[debug] [2026-06-15T05:51:04.657Z] E0615 08:51:04.657572   16108 watch.go:116] watchAllDir unable to walk dir `c:\Users\user\.gemini\antigravity-ide\scratch\mesma-website\dataconnect`: GetFileAttributesEx c:\Users\user\.gemini\antigravity-ide\scratch\mesma-website\dataconnect: The system cannot find the file specified.
E0615 08:51:04.658082   16108 watch.go:40] Failed to load config from "c:\\Users\\user\\.gemini\\antigravity-ide\\scratch\\mesma-website\\dataconnect": could not find dataconnect.yaml in `c:\Users\user\.gemini\antigravity-ide\scratch\mesma-website\dataconnect`
 {"metadata":{"emulator":{"name":"dataconnect"},"message":"E0615 08:51:04.657572   16108 watch.go:116] watchAllDir unable to walk dir `c:\\Users\\user\\.gemini\\antigravity-ide\\scratch\\mesma-website\\dataconnect`: GetFileAttributesEx c:\\Users\\user\\.gemini\\antigravity-ide\\scratch\\mesma-website\\dataconnect: The system cannot find the file specified.\nE0615 08:51:04.658082   16108 watch.go:40] Failed to load config from \"c:\\\\Users\\\\user\\\\.gemini\\\\antigravity-ide\\\\scratch\\\\mesma-website\\\\dataconnect\": could not find dataconnect.yaml in `c:\\Users\\user\\.gemini\\antigravity-ide\\scratch\\mesma-website\\dataconnect`\n"}}
[debug] [2026-06-15T05:51:14.657Z] E0615 08:51:14.657731   16108 watch.go:40] Failed to load config from "c:\\Users\\user\\.gemini\\antigravity-ide\\scratch\\mesma-website\\dataconnect": could not find dataconnect.yaml in `c:\Users\user\.gemini\antigravity-ide\scratch\mesma-website\dataconnect`
 {"metadata":{"emulator":{"name":"dataconnect"},"message":"E0615 08:51:14.657731   16108 watch.go:40] Failed to load config from \"c:\\\\Users\\\\user\\\\.gemini\\\\antigravity-ide\\\\scratch\\\\mesma-website\\\\dataconnect\": could not find dataconnect.yaml in `c:\\Users\\user\\.gemini\\antigravity-ide\\scratch\\mesma-website\\dataconnect`\n"}}
[debug] [2026-06-15T05:51:24.657Z] E0615 08:51:24.657275   16108 watch.go:40] Failed to load config from "c:\\Users\\user\\.gemini\\antigravity-ide\\scratch\\mesma-website\\dataconnect": could not find dataconnect.yaml in `c:\Users\user\.gemini\antigravity-ide\scratch\mesma-website\dataconnect`
 {"metadata":{"emulator":{"name":"dataconnect"},"message":"E0615 08:51:24.657275   16108 watch.go:40] Failed to load config from \"c:\\\\Users\\\\user\\\\.gemini\\\\antigravity-ide\\\\scratch\\\\mesma-website\\\\dataconnect\": could not find dataconnect.yaml in `c:\\Users\\user\\.gemini\\antigravity-ide\\scratch\\mesma-website\\dataconnect`\n"}}
[info] [Firebase Plugin] Stopping SQL Connect toolkit
[warn] !  SQL Connect Emulator has exited upon receiving signal: SIGINT 
[debug] [2026-06-15T05:51:45.359Z] [Firebase Plugin] Activating Firebase extension.
